rup_name,shipment_status,fiscal_year,product_id,total_qty,shipping_fee,status,flag_minikom,kode_klpd,nama_satker,mak,funding_source,order_id,total,rup_code,count_product,kode_penyedia,kode_satker,rekan_id,order_date,rup_desc,last_update_ref
Fullboard Meeting - Persiapan Pelaksanaan Program Perluasan Kesempatan Kerja Bidang Tenaga Kerja Mandiri - Finalisasi Draft Juknis TKMP 2026,COMPLETED,2026,bfb0e981-6b22-41d1-b032-6e69b6add280,100,0,PAYMENT_OUTSIDE_SYSTEM,Tidak,K34,DIREKTORAT BINA PERLUASAN KESEMPATAN KERJA,DN.2175.BDC.003.051.0A.524114,APBN,01KJ4AX4ADH6M66C5NPFXMJF95,119700000,65819141,1,01JWBCNH9AHC3V2J8YS213ZKZ8,626041,0,2026-02-23T00:00:00Z,"Perluasan Kesempatan Kerja, ",efbb911a-59d7-54a0-816c-d0c9fbaa93e6.KAFVpAv6XiRdVXm-.tKy6yY7NAvztG6-oA_51dO4lyhqlmhu4BkLUAR_adhk
Pengadaan Bahan Sertifikasi Lulusan (231 Paket),COMPLETED,2026,"ff40626e-3afd-413d-8487-5f811afa97be, 5c643366-7c38-44ac-8a11-7c79a78c5c25, 65d69b15-8c55-4d3a-93c5-e002ecafe1bf, ffc29464-de70-44a1-8ad0-e8f608c1206d, 5d7dc962-0781-43bc-978a-51c05bdbd5b9, 6b2a3c26-030d-4874-ad02-c0f1b5d0c5a1, 4e5e8ab2-9f69-43a0-b6b0-f2d3fd5d671a, 4ae154c3-8983-404e-a324-1cdfa469b057, affd4aef-b789-4c59-ae75-5d28850c5d3b, c5ff5a09-56de-483a-8766-810609484e9f",72,0,COMPLETED,Tidak,K34,BALAI BESAR PELATIHAN VOKASI DAN PRODUKTIVITAS SERANG,"DL.4053.PDI.002.051.0A.521211, DL.4053.PDI.002.051.0B.521211, DL.4053.PDI.003.051.0A.521211",APBN,01KSHKA13K8RYGNHAPJCA8YXCF,9816840,63091859,10,01JPHT8R3TKWRTQ8663M9DRT2Q,426531,43475011,2026-05-29T00:00:00Z,"Pengembangan Sistem dan Pelaksanaan Sertifikasi Kompetensi Profesi Binalavotas, ",efbb911a-59d7-54a0-816c-d0c9fbaa93e6.KAFVpAv6XiRdVXm-.tKy6yY7NAvztG6-oA_51dO4lyhqlmhu4BkLUAR_adhk
Belanja Bahan Pelaksanaan Sertifikasi Lulusan Pelatihan ,COMPLETED,2026,"c1110948-458f-4bc1-86ce-00563b0281f9, 66c16efc-e4cf-4eb9-b363-e203313bff80, e79910cf-eefb-4dea-9668-fe9fcfdf02b0, d211a601-2043-4a2f-9158-c9ad73a24e5f, 3974be0e-8ac7-4828-986c-2fe7fea6be77, ee408668-bbb0-4f3e-b1cc-c3f8bbac3886, db29bd78-3480-4837-83ab-d8f5844931bc, 02451150-c346-4ce9-ae09-b222eda99c0c, 2561b8ca-853b-4dde-af28-21bbd4c21b03, 95caf173-eaab-4689-902a-1a1656934cc3, ca3f2151-263d-4a57-bfff-5db83bb4402d, 5b827715-a331-45ea-98ff-2e45e8600af0, 6a19955e-6ef0-41b3-891f-074c0d4a5174, ec0ea933-d26f-46db-94ad-89ff907f16d4, d81aa313-eb82-4af2-a33b-646fd97f05de, 91527085-db65-4ccd-9c93-2210f813c080, 18f8ae9d-33a4-4bb4-a1a0-35ce0fd47558, 03ff2c6c-2f1f-4367-a448-69f1dbdbd650, a46fb4d4-7812-479e-aa2f-7c1fc1610fef, c023fc3e-9ec0-483f-9280-64068f8267e8, 6c7aa853-118c-4866-86af-12ef7d4b7f74, 681a797a-9ef2-4a7a-8cc5-e4df8ce2f1a5, d58a213e-877e-4d3b-b8bd-69e8dd092dcf",517,0,COMPLETED,Tidak,K34,BALAI BESAR PELATIHAN VOKASI DAN PRODUKTIVITAS SEMARANG,DL.4053.PDI.002.051.0B.521211,APBN,01KK0WJAC5XZ0ZKHNWEK0JG9PE,27572289,62801553,23,01JCF5TRQVKW157PX3JC6JFJ1Y,452609,2705108,2026-03-06T00:00:00Z,"Pengembangan Sistem dan Pelaksanaan Sertifikasi Kompetensi Profesi Binalavotas, ",efbb911a-59d7-54a0-816c-d0c9fbaa93e6.KAFVpAv6XiRdVXm-.tKy6yY7NAvztG6-oA_51dO4lyhqlmhu4BkLUAR_adhk
Pelatihan Vokasi di Provinsi Jawa Timur UPT BLK Kota Probolinggo,COMPLETED,2026,"8fa4068e-c9c3-4f7d-b580-fa5621f406b3, d171df52-177a-45d7-858b-e49b42ad6de9, ac923afe-e2c6-4d01-86bc-b97277e61abd, d289dc63-670e-4497-9929-b768ce5812d6, 308a168b-9d95-4428-a595-400ac3324c99, 6d82321b-e7bf-4500-b052-7450a4a3c675, 8fd306f1-0a44-4f54-bffd-95e3b5b52f9f, f173f1ff-9fff-4f46-8d33-c72a0dfb56c9, 37cf010f-c211-4144-8cbc-ba90c53019c9, cec2b64a-29bd-4ea2-b28e-a2186e3e8252, 20a1b414-24f4-41f1-8684-af8c44912ae0, 49ba05e6-3ae5-40a7-9d59-15ab869744fe, ba592ae8-b90b-4b95-8f6e-6660cbed8d75, d8061373-d61c-49c3-980f-28af0c728d95, 31370231-bc77-4b52-9464-3a1b6ca132ee, cb417c96-0edf-4983-8713-ec3fbba0b118, 0db9f422-44b4-4090-b40e-2f1a6d9b32de, 6b7627d9-f57e-4c7e-8c7c-f7a8987efccd, 5680d7d6-ea78-467c-a65a-04f0296960fc, a8bbffdc-c1e8-4549-87d4-4c0156e87fbb, 4c1dedfd-f8f3-4e57-badb-3a7ff40b1a97, f3d38c5d-da9f-48e3-a297-b5d9898f05e9, 1799f122-ecaa-43aa-b45f-e4663c8f7b0c, 7cdad489-7ef6-45f2-b6ac-b879ff44abd4, 410ca58e-5127-4dec-b217-862db7993616, 33121d6e-dcc4-4b5b-8e32-30d4ebcac5d0, bd8ea915-a9fa-4894-b284-8e7a4ade075f, 4aa2b924-dd2b-4ec2-8838-7e599643167f, ed331212-e4c9-4e7e-b927-b4c6fdb654c5, ff911287-7295-4af6-8468-3edf7e4deb96, 1fb37ff3-23ac-4380-82f4-688f01728e98, 4647458f-45d9-4abd-bc38-406d9585b456, d54b9550-7a1e-4bbd-8bfc-d6fdaeeb96db, bc45068d-6a9b-45f4-ae72-c54341ccda43",151,0,PAYMENT_OUTSIDE_SYSTEM,Tidak,K34,BALAI PELATIHAN VOKASI DAN PRODUKTIVITAS BANYUWANGI,DL.4057.SCO.013.066.OA.521211,APBN,01KXHQA9PHTCV43DRTFZAY8A16,4440138,62259233,34,01JBKH492JYBJ6CW40PRGBN2BK,051102,298250009,2026-07-16T00:00:00Z,"Peningkatan Penyelenggaraan Pelatihan Vokasi dan Pemagangan Binalavotas, ",efbb911a-59d7-54a0-816c-d0c9fbaa93e6.KAFVpAv6XiRdVXm-.tKy6yY7NAvztG6-oA_51dO4lyhqlmhu4BkLUAR_adhk
Pengadaan Pakaian Kerja Peserta UPTD BLK Disnaker Kab. Kebumen,COMPLETED,2026,44c0a01c-7f39-4821-b3d4-ecf1b9d01f79,112,0,ON_PROCESS,Tidak,K34,BALAI PELATIHAN VOKASI DAN PRODUKTIVITAS SURAKARTA,DL.4057.SCO.011.055.OA.521211,APBN,01KXF4KYJE8KR8XR5Z4ACV0HJK,16721040,67426049,1,01JMBXEEYZ37NKFJ5NY2TXB067,035636,1176053,2026-07-14T00:00:00Z,"Peningkatan Penyelenggaraan Pelatihan Vokasi dan Pemagangan Binalavotas, ",efbb911a-59d7-54a0-816c-d0c9fbaa93e6.KAFVpAv6XiRdVXm-.tKy6yY7NAvztG6-oA_51dO4lyhqlmhu4BkLUAR_adhk
Konsumsi Peserta Pelatihan (RM),COMPLETED,2026,9d079815-bd96-43c1-b471-9f536452af11,3768,0,PAYMENT_OUTSIDE_SYSTEM,Tidak,K34,BALAI PELATIHAN VOKASI DAN PRODUKTIVITAS SAMARINDA,"DL.4057.SCO.003.051.0B.521211, DL.4057.SCO.003.052.0A.521211",APBN,01KMQAB57Q1PGKTRH32CYNNKT2,93823200,66626893,1,01K5G0BRX7C57HJSJGGD0B0AS8,451108,0,2026-03-30T00:00:00Z,,efbb911a-59d7-54a0-816c-d0c9fbaa93e6.KAFVpAv6XiRdVXm-.tKy6yY7NAvztG6-oA_51dO4lyhqlmhu4BkLUAR_adhk
Pakaian Kerja 49 Paket RM,COMPLETED,2026,d591e7ee-a3d7-43a9-b653-6def5edb55a7,32,0,ON_PROCESS,Tidak,K34,BALAI BESAR PELATIHAN VOKASI DAN PRODUKTIVITAS MEDAN,"DL.4057.SCO.003.051.0B.521211, DL.4057.SCO.003.052.0A.521211, DL.4057.SCO.003.052.0B.521211, DL.4057.SCO.003.052.0C.521211, DL.4057.SCO.003.053.0B.521211",APBN,01KK0QQQPYANQTYFNQP6879BGK,4608000,66165439,1,01J8H9SHT8BGT5TEBA74BVRS6D,451094,0,2026-03-09T00:00:00Z,,efbb911a-59d7-54a0-816c-d0c9fbaa93e6.KAFVpAv6XiRdVXm-.tKy6yY7NAvztG6-oA_51dO4lyhqlmhu4BkLUAR_adhk
Safety Shoes PBK Reguler,COMPLETED,2026,fd402f5d-f26e-4207-9a96-f170d340387d,112,0,COMPLETED,Tidak,K34,BALAI BESAR PELATIHAN VOKASI DAN PRODUKTIVITAS BANDUNG,DL.4057.SCO.003.052.0A.521211,APBN,01KWH0SJ7ZHQSR8YRMJ750RN09,39177600,63632766,1,01JHM3C4G9WQHRT5WTDSHCA2NE,452542,24980014,2026-07-03T00:00:00Z,"Peningkatan Penyelenggaraan Pelatihan Vokasi dan Pemagangan Binalavotas, ",efbb911a-59d7-54a0-816c-d0c9fbaa93e6.KAFVpAv6XiRdVXm-.tKy6yY7NAvztG6-oA_51dO4lyhqlmhu4BkLUAR_adhk
Perpanjangan Licence cPanel (Housting),DRAFT,2026,ee936e9e-5cdc-472a-8207-4fbec0f851e0,2,0,ON_PROCESS,Ya,K34,BADAN PERENCANAAN DAN PENGEMBANGAN KETENAGAKERJAAN,DN.6766.FAB.001.055.0C.523199,APBN,01KZZDZ4PQAJ1Y822Q7VPRAZC5,122490720,67323749,2,01JHPN9BD95NG6T0JADBRBE9GH,452677,2384163,2026-08-14T00:00:00Z,"Pengelolaan Data dan Teknologi Informasi Ketenagakerjaan, ",efbb911a-59d7-54a0-816c-d0c9fbaa93e6.KAFVpAv6XiRdVXm-.tKy6yY7NAvztG6-oA_51dO4lyhqlmhu4BkLUAR_adhk
Langganan Layanan Bandwidth Rumah Dinas Pimpinan 3,DRAFT,2026,304173fc-e194-4033-8dad-12168aee2323,7,,CANCELLED_ON_REVIEW,Tidak,K34,BADAN PERENCANAAN DAN PENGEMBANGAN KETENAGAKERJAAN,WA.6624.EBA.994.002.BC.522119,APBN,01KSH2VMAM1R1WQ5HA8H6A92HZ,27195000,62540498,1,01J9ARYBFRM5PHXQ5MVCCQQKT9,452677,3196119,,"Dukungan Manajemen Badan Perencanaan dan Pengembangan Ketenagakerjaan, ",efbb911a-59d7-54a0-816c-d0c9fbaa93e6.KAFVpAv6XiRdVXm-.tKy6yY7NAvztG6-oA_51dO4lyhqlmhu4BkLUAR_adhk
Jasa Outsourcing,DRAFT,2026,d800f28a-78b0-45d5-a2b3-683497db5882,63,0,ON_PROCESS,Tidak,K34,BALAI PELATIHAN VOKASI DAN PRODUKTIVITAS LOMBOK TIMUR,WA.6988.EBA.994.002.0B.522151,APBN,01KKGHRP0V0CAHGTQFB7Q2G3Y6,268033815,66339509,1,01JETC9Q1AK4WAT72ME95AJFVF,230302,70174,2026-03-19T00:00:00Z,"Dukungan Manajemen Direktorat Jenderal Pembinaan Pelatihan Vokasi dan Produktivitas, ",efbb911a-59d7-54a0-816c-d0c9fbaa93e6.KAFVpAv6XiRdVXm-.tKy6yY7NAvztG6-oA_51dO4lyhqlmhu4BkLUAR_adhk
Pakaian Kerja,COMPLETED,2026,aa319959-6b82-406f-9b40-51884b5d172f,400,0,COMPLETED,Tidak,K34,BALAI PELATIHAN VOKASI DAN PRODUKTIVITAS SAMARINDA,DL.4057.SCO.003.053.0B.521211,APBN,01KP58P4DB2PRKRZ9B5TM0THC1,59829000,66386502,1,01KJVJYPV97SJ4KC540PD8QRCM,451108,0,2026-04-15T00:00:00Z,"Peningkatan Penyelenggaraan Pelatihan Vokasi dan Pemagangan Binalavotas, ",efbb911a-59d7-54a0-816c-d0c9fbaa93e6.KAFVpAv6XiRdVXm-.tKy6yY7NAvztG6-oA_51dO4lyhqlmhu4BkLUAR_adhk
Belanja Pengadaan Pakaian Kerja Peserta UPTD BLKPP DIY,COMPLETED,2026,4f9aabe1-6f55-48ca-a3a4-3ece1fd49394,48,0,ON_PROCESS,Tidak,K34,BALAI PELATIHAN VOKASI DAN PRODUKTIVITAS SURAKARTA,DL.4057.SCO.012.051.51.521211,APBN,01KVHCHEMNJWTP02ZMGYA5GWZ3,7199993,66977017,1,01HS824VZZ068W1SDDR9HRTZ7W,035636,0,2026-06-22T00:00:00Z,"Peningkatan Penyelenggaraan Pelatihan Vokasi dan Pemagangan Binalavotas, ",efbb911a-59d7-54a0-816c-d0c9fbaa93e6.KAFVpAv6XiRdVXm-.tKy6yY7NAvztG6-oA_51dO4lyhqlmhu4BkLUAR_adhk
"Pengadaan Jasa Tenaga Alih Daya Satpam, Petugas Kebersihan dan Pramubakti Satpel Dumai (periode Juni s.d Desember 2026)",DRAFT,2026,fde638c4-f696-47c0-bb74-0ed67b21363c,80,,CANCELLED_ON_NEGOTIATION,Tidak,K34,BALAI BESAR PERLUASAN KESEMPATAN KERJA,WA.6621.EBA.994.002.0f.521111,APBN,01KSHCN9SSKAA509KRYFEGGNR2,436578720,67204007,1,01JNJ4XRTYSV2PM9D20T1ZP5JW,259322,0,,"Dukungan Manajemen Ditjen Pembinaan Penempatan Tenaga Kerja dan Perluasan Kesempatan Kerja, ",efbb911a-59d7-54a0-816c-d0c9fbaa93e6.KAFVpAv6XiRdVXm-.tKy6yY7NAvztG6-oA_51dO4lyhqlmhu4BkLUAR_adhk
Paket Fullboard Meeting Panitia dan Peserta Fullboard (Peningkatan Kompetensi Teknis Mediator HI),COMPLETED,2026,aaf637e2-7833-4e31-a495-27a024b375eb,154,0,COMPLETED,Tidak,K34,DITJEN. PEMBINAAN HUBUNGAN INDUSTRIAL DAN JAMINAN SOSIAL TENAGA KERJA,DN.6586.UAC.001.051.0A.524119,APBN,01KK1BVN5FG07MTW3515Y8PBQG,143220000,65232671,1,01JV45TZ8JH71VZR9VWFV34PH3,451270,0,2026-03-09T00:00:00Z,"Peningkatan Kompetensi Mediator Hubungan Industrial, ",efbb911a-59d7-54a0-816c-d0c9fbaa93e6.KAFVpAv6XiRdVXm-.tKy6yY7NAvztG6-oA_51dO4lyhqlmhu4BkLUAR_adhk
Pembelian PC All in One / Laptop,COMPLETED,2026,8e7a89c9-c407-4798-a828-32c6ebf77c9e,17,0,COMPLETED,Tidak,K34,POLITEKNIK KETENAGAKERJAAN,DL.2238.CAA.001.051.0A.532111,APBN,01KHB3ENKJR74QBDQF57ZR3QTR,332187480,63952286,1,01HQWGEQP0MYJTW056JF2SXC70,352632,0,2026-02-19T00:00:00Z,"Pelayanan Politeknik Ketenagakerjaan, ",efbb911a-59d7-54a0-816c-d0c9fbaa93e6.KAFVpAv6XiRdVXm-.tKy6yY7NAvztG6-oA_51dO4lyhqlmhu4BkLUAR_adhk
Belanja Bahan Pakaian Kerja Penugasan/ Kerjasama (Hinode),COMPLETED,2026,44e8d0b4-7c2c-48a1-86ca-ff1d998952ce,48,0,PAYMENT_OUTSIDE_SYSTEM,Tidak,K34,BALAI BESAR PELATIHAN VOKASI DAN PRODUKTIVITAS BANDUNG,DL.4057.SCO.003.054.0B.521211,APBN,01KFHYF417RE8PQ82V74KATPPJ,7176000,63628980,1,01JHM3C4G9WQHRT5WTDSHCA2NE,452542,24980014,2026-01-22T00:00:00Z,"Peningkatan Penyelenggaraan Pelatihan Vokasi dan Pemagangan Binalavotas, ",efbb911a-59d7-54a0-816c-d0c9fbaa93e6.KAFVpAv6XiRdVXm-.tKy6yY7NAvztG6-oA_51dO4lyhqlmhu4BkLUAR_adhk
"Paket Meeting Fullboard Peserta, Penyelenggara, dan Moderator",COMPLETED,2026,492c8ec9-6ff6-4996-abaf-e042cfaf964d,80,0,COMPLETED,Tidak,K34,DITJEN PHI DAN JAMSOS,DN.6587.BDC.001.051.0B.524119,APBN,01KP7JNFJWC75YPTYCNP8NMZER,54000000,66123873,1,01KJW2ZY5ZBYCDZW364XGD5709,451310,0,2026-04-15T00:00:00Z,"Peningkatan Pembinaan Hubungan Kerja dan Penerapan Pengupahan, ",efbb911a-59d7-54a0-816c-d0c9fbaa93e6.KAFVpAv6XiRdVXm-.tKy6yY7NAvztG6-oA_51dO4lyhqlmhu4BkLUAR_adhk
Konsumsi Peserta Pelatihan 340 JP Reguler PBK RM,BUYER_CONFIRMED,2026,116f359b-901a-45f8-a60d-2712a0806444,348,0,ON_PROCESS,Tidak,K34,BALAI BESAR PELATIHAN VOKASI DAN PRODUKTIVITAS MEDAN,DL.4057.SCO.003.052.0A.521211,APBN,01KN1BRG3TBYNH1TAX3S2GK494,6942600,66121154,1,01JDRRYY3RKB31B6D8MQTVFZK7,451094,5079026,2026-03-31T00:00:00Z,"Peningkatan Penyelenggaraan Pelatihan Vokasi dan Pemagangan Binalavotas, ",efbb911a-59d7-54a0-816c-d0c9fbaa93e6.KAFVpAv6XiRdVXm-.tKy6yY7NAvztG6-oA_51dO4lyhqlmhu4BkLUAR_adhk
Pengadaan Jasa Konsumsi Peserta Pelatihan (90 Paket),COMPLETED,2026,bfbc4d61-5a43-4755-8f93-f69a849779a7,96,0,COMPLETED,Tidak,K34,BALAI BESAR PELATIHAN VOKASI DAN PRODUKTIVITAS SERANG,"DL.4057.SCO.003.051.0A.521211, DL.4057.SCO.003.051.0B.521211, DL.4057.SCO.003.052.0A.521211, DL.4057.SCO.003.053.0A.521211, DL.4057.SCO.003.053.0B.521211, DL.4057.SCO.003.054.0A.521211, DL.4057.SCO.005.052.0A.521211, DL.4057.SCO.007.052.0A.521211, DL.4057.SCO.008.052.0B.521211",APBN,01KSH70RJ4SDAC8DMQDWQB2H21,1900800,66344371,1,01K9RSESWX1BJXXF2E7MCDGQFT,426531,0,2026-05-29T00:00:00Z,"Peningkatan Penyelenggaraan Pelatihan Vokasi dan Pemagangan Binalavotas, ",efbb911a-59d7-54a0-816c-d0c9fbaa93e6.KAFVpAv6XiRdVXm-.tKy6yY7NAvztG6-oA_51dO4lyhqlmhu4BkLUAR_adhk
Belanja Bahan Pelaksanaan Sertifikasi Lulusan Pelatihan Vokasi (PNP),COMPLETED,2026,"c34932ff-8ff9-4cdd-a6ba-c2da28315481, 8a6c4d10-0c4a-4773-9f53-0884590132c8, 37ed8f18-651e-494f-bd4c-ac83443df8ed, 5ebcd157-93b5-4559-bf49-fd277934e86b, c9e71334-0dcb-4be0-bd3e-6bfdb2ecb243, 047da1ff-3edc-4855-9942-1d16ec6b2874, 4a08a393-b104-4109-8e90-120a8168895f, 5b486211-b847-43f0-97ad-3d48a2b63feb, eb0c8d5c-e273-49e4-94c3-dddf9bbd3159, 5609c5fd-f8d5-4eac-959c-90c47fd320aa, e4e76222-51a0-4637-98f3-d74425ceeec5, a5245bb5-1ac9-4e08-acc2-7b979d93391c, 166c236d-8c61-4ee1-8ee5-53658064e749, 8844cb3e-4df7-4b97-9fc8-a84ac5475fec, 1b31dada-4db0-4a33-bf7c-74a42818ea75, 9a67cd03-e273-402c-b6f4-fbe1ccf76bfb, 58984344-6f9f-487f-b21e-06d1a66e1baa, a86adcf8-d899-4270-a967-c31c6efa2c51, 69be835f-53a5-4c61-8231-63c927630070, f7b5bc64-1390-480e-921f-60ee83301d57, 215eb937-1339-42a7-b978-4e8831af4a09, d3cd8347-1dd6-474c-9575-60166129ba74, 8acf4d47-97d7-45bb-95f3-f5e9cc8e254a, b2970dc0-a18d-4f80-92e8-656c497863dc, a6604d31-831b-4800-8f0c-1143f37aff96, 4ea4bda6-27ad-4cc2-8256-c5418a0801b1",101,222000,COMPLETED,Tidak,K34,BALAI BESAR PELATIHAN VOKASI DAN PRODUKTIVITAS SEMARANG,DL.4053.PDI.002.051.0A.521211,APBN,01KNKB2JYEGTEC0XZ8JGJ4Y6YG,3064155,66185662,26,01K2KX48KE5DQHRAJ0REG26EE5,452609,0,2026-04-08T00:00:00Z,"Pengembangan Sistem dan Pelaksanaan Sertifikasi Kompetensi Profesi Binalavotas, ",efbb911a-59d7-54a0-816c-d0c9fbaa93e6.KAFVpAv6XiRdVXm-.tKy6yY7NAvztG6-oA_51dO4lyhqlmhu4BkLUAR_adhk
Sewa Tempat guna Rapat Koordinasi Teknis Sentralisasi Belanja Pegawai,COMPLETED,2026,2836dc68-51a2-47c8-9235-fd12d218e85c,85,0,COMPLETED,Tidak,K34,SEKRETARIAT JENDERAL KEMNAKER,WA.2158.EBC.954.051.0H.524114,APBN,01KTTE731VTS0RFAF8Q1W4SB13,101745000,67264385,1,01K3J47D9228MAKWTS0FR6QJZW,450938,0,2026-06-12T00:00:00Z,"Peningkatan Pengelolaan dan Pelaporan Keuangan, ",efbb911a-59d7-54a0-816c-d0c9fbaa93e6.KAFVpAv6XiRdVXm-.tKy6yY7NAvztG6-oA_51dO4lyhqlmhu4BkLUAR_adhk
Pengadaan Bahan Pelatihan PBK Reguler UPTD Banten (7 Paket),COMPLETED,2026,"eab781d5-7d02-43e9-8d88-d7d7c840fae9, 41746ef9-4577-4f29-ab89-78a8c9871396, 0de6d5cc-66c3-4540-aeb4-f567c5197116, 3446af09-5fd0-485f-bbd4-b2a793114b3a, 1eb3f200-c362-426f-8f8c-e9b0ef8baa4d, 4568978f-9d80-41ec-ac6d-a8b44029a44f, e6cad39a-925c-4e7b-9170-fdbfe83dc376, 56bab1cb-3649-4527-a091-4895a403829f, d06e5ecc-0fcc-4456-bae3-ab2b1f7a9295, 7b047fa0-b940-4d9d-a7c0-1707c11fe788, 49fda3e9-6f95-4773-9109-28d11eae37e1, 26a39868-99b6-4663-9445-0dd8791addd0, 9caa512b-3143-48d5-80f0-dbcb838a72ba, 7b2fa6fe-de09-4aaa-89c9-7375f7ca2c0c, 52c06a0a-1162-40be-869a-f86f94afaebf, 26e2cb42-4df4-4271-9187-2060e7339663, 22ca08b8-d333-480f-bc78-b9c0a66adff0, 5bbdae4f-1230-4144-9035-7e1fa7c622fb, 231b7930-46bc-451e-a009-f3ef38bf8861, 24158822-854d-47f7-b8f0-f26c1b82ade7, c7669dc7-9a9c-47a0-9e26-1b01809896a5, 540ab342-283c-4b4a-ad42-06d661e7c6d4, 985fd54c-c828-4aa0-ba19-2d14e19da96f, ab493927-7ad8-4a25-b637-475a3667732f, 92bf7051-6633-4c13-864d-e45b70e4006a, 81d1ad46-652c-4f46-9835-25e0ebb4f1da, 87f6a325-81e7-42e3-933c-ba3673c66be3, 20a6cb96-2891-40eb-bd26-b9efb10943f3, a261a207-1646-424a-9b6c-7fa0ac6f96bd, eb940528-ab28-4fc9-a8ac-aec0d0c75f42, 55f893ca-9c34-42d9-9cdb-d073c94ff112, 431b4ca9-8a17-4fc5-8deb-404856d7654b, 8b168ed7-e303-4f8f-9a69-8dd6a356b537, 725ea78b-03d5-40fb-92e0-5a080d03649b, 998c0458-dbfc-449e-9ed1-f87155d44f87, fd54d993-18c4-4a48-b9a1-ab1e1089e15f, 07218a5f-b702-45ca-9df5-61084ff38582, 2acd140b-c1db-4bb5-99af-ab1bcf3c2400",583,0,COMPLETED,Tidak,K34,BALAI BESAR PELATIHAN VOKASI DAN PRODUKTIVITAS SERANG,"DL.4057.SCO.035.051.0B.521211, DL.4057.SCO.035.054.0B.521211, DL.4057.SCO.035.055.0B.521211, DL.4057.SCO.035.056.0B.521211",APBN,01KTY5MEZR4MG2577Z7WFJVYEZ,29853006,65245662,49,01JRS73EC81MM9JM6Z4608CME9,426531,26434127,2026-06-15T00:00:00Z,"Peningkatan Penyelenggaraan Pelatihan Vokasi dan Pemagangan Binalavotas, ",efbb911a-59d7-54a0-816c-d0c9fbaa93e6.KAFVpAv6XiRdVXm-.tKy6yY7NAvztG6-oA_51dO4lyhqlmhu4BkLUAR_adhk
"Fullboard Moderator, Panitia Penyelenggara dan Peserta",COMPLETED,2026,2989c988-5c13-4634-8ae0-48282ee99324,69,0,COMPLETED,Tidak,K34,DITJEN. PEMBINAAN HUBUNGAN INDUSTRIAL DAN JAMINAN SOSIAL TENAGA KERJA,DN.6587.AEG.001.051.0D.524119,APBN,01KV9RC2V44GB13QS2Z2Y910F9,53820000,66135360,1,01K973CVV2QZSRZA5KEBYB3S42,451270,0,2026-06-17T00:00:00Z,"Peningkatan Pembinaan Hubungan Kerja dan Penerapan Pengupahan, ",efbb911a-59d7-54a0-816c-d0c9fbaa93e6.KAFVpAv6XiRdVXm-.tKy6yY7NAvztG6-oA_51dO4lyhqlmhu4BkLUAR_adhk
Langganan Bandwidth Jaringan Komunikasi Data Kantor Pasker,DRAFT,2026,cb77957e-a664-44d9-966e-df936f165311,12,0,ON_PROCESS,Tidak,K34,BADAN PERENCANAAN DAN PENGEMBANGAN KETENAGAKERJAAN,WA.6624.EBA.994.002.BC.522119,APBN,01KDNFA8N8NXNBQ478QXDFSCBM,1799999998,62244460,1,01J1VSM1GD7NYVS1E0GJ3N21JX,452677,1943047,2025-12-31T00:00:00Z,"Dukungan Manajemen Badan Perencanaan dan Pengembangan Ketenagakerjaan, ",efbb911a-59d7-54a0-816c-d0c9fbaa93e6.KAFVpAv6XiRdVXm-.tKy6yY7NAvztG6-oA_51dO4lyhqlmhu4BkLUAR_adhk
Konsumsi Peserta Pelatihan 180 JP Reguler PNBP,DRAFT,2026,ff6ecf37-0598-4d3b-805f-e8b6273f095c,640,0,ON_PROCESS,Tidak,K34,BALAI BESAR PELATIHAN VOKASI DAN PRODUKTIVITAS MEDAN,DL.4057.SCO.005.052.0A.521211,APBN,01KZNTNRY7JG57NA55D0YGFA4J,12800000,66121303,1,01K58D7JY1JYPTGJFWZ2X04A9N,451094,0,2026-08-11T00:00:00Z,"Peningkatan Penyelenggaraan Pelatihan Vokasi dan Pemagangan Binalavotas, ",efbb911a-59d7-54a0-816c-d0c9fbaa93e6.KAFVpAv6XiRdVXm-.tKy6yY7NAvztG6-oA_51dO4lyhqlmhu4BkLUAR_adhk
Belanja Bahan Pelaksanaan Sertifikasi Lulusan Pelatihan ,COMPLETED,2026,"5af293fb-e453-49e1-92e3-58b3ea3aa86b, 6348d7a2-10d5-4c79-8516-4ccb68ee4f9c, c747f789-fc57-4bc0-badb-e39b95a41aff, 9bd9774e-54c6-4316-b6ab-64fc2f6214cc, f1699f33-3739-4de5-a1c7-303e27527340, 8f98a452-89ae-445c-ab8a-8afc866df28b, 032a532b-2803-466b-87bc-4cec03a9f828, aa6a2d62-37ee-4679-8215-39df4421b64c, 94858765-5bc0-4044-a7d1-71bab6e6d238, fa10a8a1-cd44-4277-86ea-86ef2659ba0e, 2d24818e-62c6-400c-ac39-4b65326667c7, c712becd-83f8-4984-8ada-99227c70203f, a9704d9b-45d3-4d07-972d-6d87c3fea9bb",499,937950,COMPLETED,Tidak,K34,BALAI BESAR PELATIHAN VOKASI DAN PRODUKTIVITAS SEMARANG,DL.4053.PDI.002.051.0B.521211,APBN,01KXN0RRXTY1MYMMBYGNZK3P6T,16505256,62801553,13,01JYDESZTP0YA22FBCZT8CDSRE,452609,0,2026-07-16T00:00:00Z,"Pengembangan Sistem dan Pelaksanaan Sertifikasi Kompetensi Profesi Binalavotas, ",efbb911a-59d7-54a0-816c-d0c9fbaa93e6.KAFVpAv6XiRdVXm-.tKy6yY7NAvztG6-oA_51dO4lyhqlmhu4BkLUAR_adhk
Pengadaan Bahan Pelatihan Vokasi UPTP RM (60 Paket),COMPLETED,2026,"88333283-9ac2-4670-b62c-95713eafe764, 3eb5a0de-528f-4a44-b99f-d8d7a3aafabd, e941c65d-a8a8-48f9-bb65-a599f62728d3, f5992bd6-8313-4116-a486-c2b68e14e7ec, b272a303-748b-4532-93e5-56ef88822fa3, 8fce0027-c7fb-4b54-a8aa-8a00e8206a46, 9035e58d-2d97-4d43-94f6-9776509642e9, 69747f5e-289a-4d5b-bf5b-500d0e4838cc, db0794be-9f07-4b69-a4be-4e54c0aabfb3, c2945b5b-83ac-4c8e-8cc7-84c49b1986e3, 3e7b9387-2503-4e71-924a-b39f8e36550b, b3ee3dc5-67ca-46c7-80c6-2f7fc4ece993, 5b094fa6-78f6-45a5-8250-87310b294b94, da4ed3eb-e7c5-4377-9355-94ab7c3b1188, 130d409a-87eb-43dd-b7d9-871f601460ed, ec7deb5c-6226-4915-9f98-a284e8414836, 3ebe1877-9a37-4d35-a43d-d1819617c888, 936173f3-d976-40fe-9513-64d52c4c3de1, 450c17b5-bcba-40f5-826e-9210dbd53bae, 661b3686-91a0-4e71-97af-35290abd9ce0, 3aea9101-ad7b-430d-a865-ef2916d7625e, 1524c55e-4f72-4159-9d17-caf65cbbe2f8, 09db6a2a-1665-4a3b-b37c-a0b247d8ce1f, c6c957fe-57f1-4abc-80e7-97589cbf89b9, 469a708d-614e-4bee-ba2c-d347b8422433, 1af8a768-407a-44cb-b450-f3955c3565c6, 16065e94-bf43-484b-a095-56b10dc41a51, 940c50a5-8eca-4aa0-86d7-bbc9cebe0b03, bd3df7a4-b3dd-4482-b490-7f3fd41af97b, b4ad97e4-514a-4159-b0dd-c406dcbd8cdd, 70506638-1183-46d2-8366-d1ec49e892d7, 6e32ad4d-b004-4ca8-a32c-3c31a6f648a3, aa604a63-8bf5-4772-94fe-4cbf019d2c4f, c0841afa-8a57-4220-8ad9-616e2104eec4, 879f474d-fe9f-4fde-ac8d-b0d2a6c88eaf, f204a50e-51d0-4891-a87a-f17dec406710, 820a387b-41b6-4483-9215-b067b70a623b, 1633576e-b82d-45e9-8306-625de74efdce, c75e0c5b-9f71-43a2-8a09-5893479dbb1c, efbe818b-6bac-4d2d-ab07-de7642c4e6d6, 249ec093-5744-4229-8647-f7f445c53eb1, 1aab8c15-4c95-45b7-a332-dea94d0c55a2, 95d41002-d37a-4819-9204-90cb52599fb7, ce08ffcc-ab49-4f9d-908a-1a56f54aa0a9, f9013238-4b6c-4eb8-a5e2-a2762fde3b01, 151f2a99-62ee-4944-9a4a-07dfc16d1e82, afd28a7d-3342-4bc3-ab9c-5e934ca2f7ff, 169551f4-0bfd-4076-9104-3a6311fbac18, ba1d4fa7-cf38-46ad-a4f4-0f37632873f5, 8008f094-16ec-44c9-b431-9c055bc67abb, 696e6601-123d-43c3-a5da-1cb122fbcf56, 29dfc64c-8336-4e52-9f34-adc74049ae1c, 7d5aa503-fdff-46c2-95cb-3cf6675668a9, b4ab2827-b956-4c82-8b07-f5f60f1df9af, e818fed8-418d-4cb1-a771-02cc30d046a6, de7b07f3-8ea7-4259-a6a9-fb167d7b5cd0, dbdacbba-bb86-42ae-bcbc-d2a7817413a5, 44a9a94f-0b7e-41a8-8f77-7323a58f58cc, ced7cfab-6361-4964-b4b3-c868a94d0bb8, b2bb53e3-2c58-46ef-90ae-27dab7902fa2, bb86db8a-834e-46a2-aa88-cc9e3e418d9d, 9c291d70-18d5-485e-9c77-842882b08ae4, baa8ed13-79a4-4582-b6a5-af2302b66673, 987cde02-6213-4360-91ad-4d030e824e7f, 0d045d50-81c8-4639-be9b-d473ef9e999b, 3258644d-c4e0-4d46-9edd-1fb9423d8c04, 2595f9b5-586b-44f6-9ad3-2406080430ce, d6a91ab2-aef4-4340-b00d-c95a8ac92cb6, 8121bee1-b3d8-4d70-890f-a0f3c340616a",854,0,COMPLETED,Tidak,K34,BALAI BESAR PELATIHAN VOKASI DAN PRODUKTIVITAS SERANG,"DL.4057.SCO.003.051.0B.521211, DL.4057.SCO.003.052.0A.521211, DL.4057.SCO.003.052.0C.521211",APBN,01KKDVTPTBP2QCH2FK1P2Q1FCD,51611670,66342568,69,01JHM302QZ4SJW7CGD8GSWRK1M,426531,337025009,2026-03-16T00:00:00Z,"Peningkatan Penyelenggaraan Pelatihan Vokasi dan Pemagangan Binalavotas, ",efbb911a-59d7-54a0-816c-d0c9fbaa93e6.KAFVpAv6XiRdVXm-.tKy6yY7NAvztG6-oA_51dO4lyhqlmhu4BkLUAR_adhk
Langganan Bandwidth Jaringan Komunikasi Data ISP 1 dan VPN IP,DRAFT,2026,"ce727747-57a1-49c2-ae69-69934d7f9d02, dcadf461-9017-4db2-b6f3-a57a1dd7a9e5, 170a92c7-f229-43c4-9015-f2373d07537c, 6d4d72b5-143c-44b8-b1c1-27b331abbdd4, 0c55c6e8-3c27-41ff-bbd2-77b2f9ba5c0a, 4d90be13-25b8-4170-a6fe-92de3873ec10",72,0,ON_PROCESS,Tidak,K34,BADAN PERENCANAAN DAN PENGEMBANGAN KETENAGAKERJAAN,WA.6624.EBA.994.002.BC.522119,APBN,01KDD2J99D5128DPQ6GYKGFM6Z,2929996404,62243581,6,01J7073CEET2NWM8MBT7ZHZHRR,452677,0,2025-12-31T00:00:00Z,"Dukungan Manajemen Badan Perencanaan dan Pengembangan Ketenagakerjaan, ",efbb911a-59d7-54a0-816c-d0c9fbaa93e6.KAFVpAv6XiRdVXm-.tKy6yY7NAvztG6-oA_51dO4lyhqlmhu4BkLUAR_adhk
Belanja Bahan Pelaksanaan Sertifikasi Lulusan Pelatihan ,COMPLETED,2026,"c712becd-83f8-4984-8ada-99227c70203f, 8e7c2393-fdfd-4ea5-8331-2f22623bd34c, b700f7d9-a733-4cd4-9ae8-c786e34edfcc, b7637ab8-03fc-4361-aa6c-1b3bc70dfe31, 8e44302b-b195-4fd3-ad09-ae7979d5dcd2, 55769252-2ac9-4189-8cfa-75ea977bcfc5, f1699f33-3739-4de5-a1c7-303e27527340, d88cbba5-cae9-43c1-8bd9-e415c4b5293d",48,0,COMPLETED,Tidak,K34,BALAI BESAR PELATIHAN VOKASI DAN PRODUKTIVITAS SEMARANG,DL.4053.PDI.002.051.0B.521211,APBN,01KXF7G7P1NAZKZ6TW2S0T6ACJ,1315128,62801553,8,01JYDESZTP0YA22FBCZT8CDSRE,452609,0,2026-07-14T00:00:00Z,"Pengembangan Sistem dan Pelaksanaan Sertifikasi Kompetensi Profesi Binalavotas, ",efbb911a-59d7-54a0-816c-d0c9fbaa93e6.KAFVpAv6XiRdVXm-.tKy6yY7NAvztG6-oA_51dO4lyhqlmhu4BkLUAR_adhk
Pengadaan Bahan Sertifikasi Lulusan (231 Paket),COMPLETED,2026,"3ebe1877-9a37-4d35-a43d-d1819617c888, e818fed8-418d-4cb1-a771-02cc30d046a6, 69747f5e-289a-4d5b-bf5b-500d0e4838cc, 9035e58d-2d97-4d43-94f6-9776509642e9, bb86db8a-834e-46a2-aa88-cc9e3e418d9d, ec7deb5c-6226-4915-9f98-a284e8414836, 1633576e-b82d-45e9-8306-625de74efdce, 987cde02-6213-4360-91ad-4d030e824e7f, b4ad97e4-514a-4159-b0dd-c406dcbd8cdd, efbe818b-6bac-4d2d-ab07-de7642c4e6d6",100,0,COMPLETED,Tidak,K34,BALAI BESAR PELATIHAN VOKASI DAN PRODUKTIVITAS SERANG,"DL.4053.PDI.002.051.0A.521211, DL.4053.PDI.002.051.0B.521211, DL.4053.PDI.003.051.0A.521211",APBN,01KQ6HKMTMW63X628F6CJ76AC9,7139520,63091859,10,01JHM302QZ4SJW7CGD8GSWRK1M,426531,337025009,2026-04-29T00:00:00Z,"Pengembangan Sistem dan Pelaksanaan Sertifikasi Kompetensi Profesi Binalavotas, ",efbb911a-59d7-54a0-816c-d0c9fbaa93e6.KAFVpAv6XiRdVXm-.tKy6yY7NAvztG6-oA_51dO4lyhqlmhu4BkLUAR_adhk
Project Based Learning,DRAFT,2026,986059a0-4435-44d5-9c55-f8273b8b8e51,10592,0,PAYMENT_OUTSIDE_SYSTEM,Tidak,K34,BALAI PELATIHAN VOKASI DAN PRODUKTIVITAS SURAKARTA,"DL.4057.SCO.003.051.0A.521211, DL.4057.SCO.003.051.0A.521213, DL.4057.SCO.003.051.0A.521219, DL.4057.SCO.003.051.0A.521811, DL.4057.SCO.003.051.0A.522151, DL.4057.SCO.003.051.0A.524111, DL.4057.SCO.003.051.0A.526312, DL.4057.SCO.003.051.0B.521211, DL.4057.SCO.003.051.0B.521213, DL.4057.SCO.003.051.0B.521219, DL.4057.SCO.003.051.0B.521811, DL.4057.SCO.003.051.0B.522151, DL.4057.SCO.003.051.0B.524111, DL.4057.SCO.003.051.0B.526312, DL.4057.SCO.003.051.0C.521211, DL.4057.SCO.003.051.0C.521213, DL.4057.SCO.003.051.0C.521219, DL.4057.SCO.003.051.0C.521811, DL.4057.SCO.003.051.0C.522151, DL.4057.SCO.003.051.0C.524111, DL.4057.SCO.003.051.0C.526312, DL.4057.SCO.003.051.0D.521211, DL.4057.SCO.003.051.0E.521211, DL.4057.SCO.003.051.0E.524111",APBN,01KMYWAQMV3B665872G3NVFX81,211840000,62084433,1,01JH32ST1D9RS7EZ1X0Q3BC1FG,035636,345104,2026-03-31T00:00:00Z,"Peningkatan Penyelenggaraan Pelatihan Vokasi dan Pemagangan Binalavotas, ",efbb911a-59d7-54a0-816c-d0c9fbaa93e6.KAFVpAv6XiRdVXm-.tKy6yY7NAvztG6-oA_51dO4lyhqlmhu4BkLUAR_adhk
Jasa Outsourcing,DRAFT,2026,e20d6aa0-3f8b-41cd-9940-1308eebc32c2,45,0,ON_PROCESS,Tidak,K34,BALAI PELATIHAN VOKASI DAN PRODUKTIVITAS LOMBOK TIMUR,WA.6988.EBA.994.002.0B.522151,APBN,01KKJJFSFYZ68XPBQRPG23PHJM,178352460,66339509,1,01JETC9Q1AK4WAT72ME95AJFVF,230302,70174,2026-03-19T00:00:00Z,"Dukungan Manajemen Direktorat Jenderal Pembinaan Pelatihan Vokasi dan Produktivitas, ",efbb911a-59d7-54a0-816c-d0c9fbaa93e6.KAFVpAv6XiRdVXm-.tKy6yY7NAvztG6-oA_51dO4lyhqlmhu4BkLUAR_adhk
Belanja Bahan Project Based Learning B,COMPLETED,2026,"5e5054e7-4e00-4172-97be-32b89ce1ec30, 5b50bec1-9139-4616-bcbe-e8522c44f89b, b41a9039-d37c-43a3-a93b-285ce862bf1f, cc285a3d-dc91-44c7-9e13-9ea3d3cedfc8, 41bee67e-bdad-4610-950f-e82bbffff249, 06785d84-cc9e-4633-a480-0312a083a686, 654ec7f5-c628-4fb2-a570-ae566d510eea, 16419b3b-c92c-48d3-a761-99dbf1151fe1, 72d4c9e2-3fd2-4f33-b42b-4b8d535c7a9d, f08330b4-74ef-47fe-8a91-64778e466633, f7006cdd-9a0e-41c6-810d-cb9d95679fc3, 0711078d-6227-4b99-b4ee-6eb62712bdc1, eaa8f13f-34e6-4ee1-bfed-55e96dcb4486, 8d5d8dd6-4e48-46ad-b3c8-5605954e3a96, 041ca57a-a662-4d31-ab4b-8434e8d1a38c, 3d1ba16d-6c99-4a9c-a868-7b1a206e6ac2, 3a2470a3-d894-4888-ba37-088357ee79d3, b12f602e-94a0-41b7-9bec-acb4c88d60ad, 512912a7-9605-46bc-9f87-3796f709adb3, efb1b250-a94e-4767-b86e-f9965034ff63, ea3ba026-1638-4f80-8fac-0123881bafbb, 756ab366-31a9-4718-9d83-f8ece78c1e7e, 348c8c64-989e-494a-9f2f-17e8ea0036da, 2bc75fda-ce49-4b37-80d9-d5abe690d3d6, cde9d1c1-fbc2-4541-a560-64b61a644385, b00266ca-e8c3-4117-963f-d386f426d400, 2697be83-79de-402b-a164-47901ac5c415, 8848c209-d388-49c2-a835-63bac667df5e, 5cc636d0-6836-4ad4-9c66-655772c57642, f8d85f1e-7672-420c-98ea-948a76520f3f, c7c49739-cc33-45fe-a50d-da2234f07538, 028cc1a1-3607-4363-8664-c7fcf140db8d, 8091d7e1-b437-4d87-a2bb-9b992a1a685a, 851374c4-c813-415f-91fd-a71d39bc1057, 1a0391d0-ff21-4835-9f12-6847ed7f804c, a175e0a7-6419-40ca-9346-c18d741d14f6, c463a037-f47f-43dd-a131-1b05fe89a0f4, a3c837c6-fd50-47d2-b175-641d125d1e23, 558a567d-e591-4f36-940d-319fb318a096, f574af1d-819f-4d10-894a-63f095242e46, 5630d17c-386e-452e-a45c-168ce0b348a2, e3a0271e-a0d3-441b-9f85-cc0bc55f06a8, 435c7650-570b-4aba-93cb-637f9fa7c88d, 1d01e554-3ee9-447f-855d-f81afd4d641f, b301ef8a-02fc-4bb7-9fb5-e5c274d67c62, 596dc37e-8d99-4a08-9ae3-e61ce7a4f648",622,222000,COMPLETED,Tidak,K34,BALAI BESAR PELATIHAN VOKASI DAN PRODUKTIVITAS SEMARANG,DL.4057.SCO.003.051.0B.521211,APBN,01KVFB79RF8BETTPR88X5KNFA5,43468377,62803988,46,01K21VM9ENQAGGV8BA9GQQY5VC,452609,0,2026-06-19T00:00:00Z,"Peningkatan Penyelenggaraan Pelatihan Vokasi dan Pemagangan Binalavotas, ",efbb911a-59d7-54a0-816c-d0c9fbaa93e6.KAFVpAv6XiRdVXm-.tKy6yY7NAvztG6-oA_51dO4lyhqlmhu4BkLUAR_adhk
Pengadaan Bahan Sertifikasi Lulusan (231 Paket),COMPLETED,2026,"69747f5e-289a-4d5b-bf5b-500d0e4838cc, 46319182-a07c-42ed-8338-9da6d781ffe0, b4ab2827-b956-4c82-8b07-f5f60f1df9af, 5ca479d7-c65e-47b1-b233-2ff8d8411a61, 5b094fa6-78f6-45a5-8250-87310b294b94, 9035e58d-2d97-4d43-94f6-9776509642e9, baa8ed13-79a4-4582-b6a5-af2302b66673, da53bc83-feed-4567-aa08-e9d8ef66941c, 9fb784ca-e956-4a74-8647-4169cc02457c, 518c9e87-4d24-408f-b9c6-9a99b1ec88a6, a07aa212-bc63-43df-9103-b087500e9cde, efbe818b-6bac-4d2d-ab07-de7642c4e6d6, 987cde02-6213-4360-91ad-4d030e824e7f",96,0,COMPLETED,Tidak,K34,BALAI BESAR PELATIHAN VOKASI DAN PRODUKTIVITAS SERANG,"DL.4053.PDI.002.051.0A.521211, DL.4053.PDI.002.051.0B.521211, DL.4053.PDI.003.051.0A.521211",APBN,01KWJZYPTKGTN622JZCFWJVE05,8395818,63091859,13,01JHM302QZ4SJW7CGD8GSWRK1M,426531,337025009,2026-07-07T00:00:00Z,"Pengembangan Sistem dan Pelaksanaan Sertifikasi Kompetensi Profesi Binalavotas, ",efbb911a-59d7-54a0-816c-d0c9fbaa93e6.KAFVpAv6XiRdVXm-.tKy6yY7NAvztG6-oA_51dO4lyhqlmhu4BkLUAR_adhk
Belanja Bahan TMT Reguler,COMPLETED,2026,"c5b67f33-0c85-405e-bc92-e3d5befff9f0, 36888866-22eb-48cf-aaf6-425ff95a9564, d88cbba5-cae9-43c1-8bd9-e415c4b5293d, 1c649746-35de-43b6-b636-416cb6af13ea, 6769a2ff-4311-491d-891b-1abce57b39f3, ec1e3203-19c6-4329-8625-dc643bd7e63e, 35178a8f-4576-43be-a9d6-9617e14b1fb4, 6c53c4c0-8416-4f29-bb5c-e130e1486708, 9210fde3-ae98-474d-9630-846fb485c767, 8b91cc51-2dc5-406e-b39e-d26954062c9b, c712becd-83f8-4984-8ada-99227c70203f, 054461b3-7c95-45a3-afe4-03a7198cd27c, 8f98a452-89ae-445c-ab8a-8afc866df28b, f40cbdfb-4f60-4681-81ac-17fecf721d63, 032a532b-2803-466b-87bc-4cec03a9f828, b700f7d9-a733-4cd4-9ae8-c786e34edfcc, 4810a691-1067-4b53-84f3-bdbd0941a0ca",282,205350,COMPLETED,Tidak,K34,BALAI BESAR PELATIHAN VOKASI DAN PRODUKTIVITAS SEMARANG,DL.4057.SCO.003.053.0B.521211,APBN,01KW1KMTMYKQSZ8H6ZXCGZHZSX,9646455,65960012,17,01JYDESZTP0YA22FBCZT8CDSRE,452609,0,2026-06-27T00:00:00Z,"Peningkatan Penyelenggaraan Pelatihan Vokasi dan Pemagangan Binalavotas, ",efbb911a-59d7-54a0-816c-d0c9fbaa93e6.KAFVpAv6XiRdVXm-.tKy6yY7NAvztG6-oA_51dO4lyhqlmhu4BkLUAR_adhk
Pengadaan Safety Shoes Peserta Pelatihan (72 Paket),COMPLETED,2026,607d1a88-612d-4fde-9a40-40143af9ef21,64,0,ON_PROCESS,Tidak,K34,BALAI BESAR PELATIHAN VOKASI DAN PRODUKTIVITAS SERANG,"DL.4057.SCO.003.051.0A.521211, DL.4057.SCO.003.051.0B.521211, DL.4057.SCO.003.052.0A.521211, DL.4057.SCO.003.054.0A.521211, DL.4057.SCO.008.052.0B.521211",APBN,01KYS4SSE23252106CSHGQ8H88,20459520,63094681,8,01JRAYK2HX1ZX9Y4MZ6TJA70XX,426531,0,2026-07-31T00:00:00Z,"Peningkatan Penyelenggaraan Pelatihan Vokasi dan Pemagangan Binalavotas, ",efbb911a-59d7-54a0-816c-d0c9fbaa93e6.KAFVpAv6XiRdVXm-.tKy6yY7NAvztG6-oA_51dO4lyhqlmhu4BkLUAR_adhk
Pengadaan Jasa Konsultansi ISO sistem Manajemen Mutu 9001:2015 - Layanan Sertifikasi ISO 9001:2015,DRAFT,2026,2119aaf7-034e-42dd-b4b2-820cab52c6a3,2,0,PAYMENT_OUTSIDE_SYSTEM,Tidak,K34,DIREKTORAT BINA KELEMBAGAAN PELATIHAN VOKASI,DL.4056.PDE.001.061.0B.522131,APBN,01KWJZ8WYV1EA783NX7GBTYNNP,59052000,65117392,1,01JP6SCHW4M4KK73AZN25T7GSS,626131,2283119,2026-07-06T00:00:00Z,"Peningkatan Kualitas dan Kapasitas Kelembagaan Pelatihan Vokasi dan Produktivitas Binalavotas, ",efbb911a-59d7-54a0-816c-d0c9fbaa93e6.KAFVpAv6XiRdVXm-.tKy6yY7NAvztG6-oA_51dO4lyhqlmhu4BkLUAR_adhk
Bahan Pelatihan Perancangan Desain Busana 440 JP,COMPLETED,2026,cddff900-3545-4d1e-bbeb-536bf6ad14a7,1,222000,COMPLETED,Tidak,K34,BALAI PELATIHAN VOKASI DAN PRODUKTIVITAS SIDOARJO,DL.4057.SCO.005.054.0A.521211,APBN,01KV4TDZF0PA4H09NHYZ90ZS5J,32296449,66474468,1,01JKB1JG8N0H77FGGM62DRPEGB,050302,0,2026-06-15T00:00:00Z,"Peningkatan Penyelenggaraan Pelatihan Vokasi dan Pemagangan Binalavotas, ",efbb911a-59d7-54a0-816c-d0c9fbaa93e6.KAFVpAv6XiRdVXm-.tKy6yY7NAvztG6-oA_51dO4lyhqlmhu4BkLUAR_adhk
Belanja Bahan  Short Course,COMPLETED,2026,"94858765-5bc0-4044-a7d1-71bab6e6d238, d08dc900-cb3e-4f74-8a9b-52df04d4f599, bc1d8a78-70e2-48a3-8eed-d5ef2f568aea, 10efdf35-0ba9-4aa9-a067-471a5e2e4878, 6c587917-ef82-49ac-bd75-ccf466797164, b16e4071-c190-4322-9700-3662f03766ee, 2d24818e-62c6-400c-ac39-4b65326667c7, df11efde-7bf0-4950-a036-553a16bd1eed, f1699f33-3739-4de5-a1c7-303e27527340, f3007fcd-70d1-4881-9ed3-4f0d308be6e5, c712becd-83f8-4984-8ada-99227c70203f, 552109db-f78f-4b1d-ab4d-c73f7cbfc7b9, 84f38e00-b5d0-4bde-b9dd-6aed9881ff56, b700f7d9-a733-4cd4-9ae8-c786e34edfcc, 86f79b73-525d-4aec-b110-b28040ceee06, 285aa848-5f77-4d94-9f67-093c04261864, 142fe1c0-b164-499c-a369-294e7445db92, 1fd49a77-e8c7-4c2e-aaab-efd408823c38, e36f3543-6333-465b-b460-54f7d83517aa, d88cbba5-cae9-43c1-8bd9-e415c4b5293d, f4fe7ba6-db4e-49e7-bd27-6d166cccc0d5, 9210fde3-ae98-474d-9630-846fb485c767, 76a0766c-3528-49dd-8f0c-64456c86405d, 6f693767-bfc5-44ae-90d9-caceefdb78e3, 9bd9774e-54c6-4316-b6ab-64fc2f6214cc, 5af293fb-e453-49e1-92e3-58b3ea3aa86b, 032a532b-2803-466b-87bc-4cec03a9f828, 706aa3c4-4658-4c89-99e4-b8e096e450d1, a2c16ad5-b8fd-4b14-a8d1-83ed3aa48129, 254ef68a-423a-4caa-b5bc-dff17099c9eb, fa10a8a1-cd44-4277-86ea-86ef2659ba0e, 6348d7a2-10d5-4c79-8516-4ccb68ee4f9c, 05e16512-ad1c-4113-beb2-243b742ed0fa, 51f69b33-4502-446e-8ffe-5688f558984a",309,0,COMPLETED,Tidak,K34,BALAI BESAR PELATIHAN VOKASI DAN PRODUKTIVITAS SEMARANG,DL.4057.SCO.003.052.0A.521211,APBN,01KVEZ8HTSCED0DAMS2AV70DWJ,9013200,66260696,34,01JYDESZTP0YA22FBCZT8CDSRE,452609,0,2026-06-19T00:00:00Z,"Peningkatan Penyelenggaraan Pelatihan Vokasi dan Pemagangan Binalavotas, ",efbb911a-59d7-54a0-816c-d0c9fbaa93e6.KAFVpAv6XiRdVXm-.tKy6yY7NAvztG6-oA_51dO4lyhqlmhu4BkLUAR_adhk
Belanja Sewa BDC 003,DRAFT,2026,"3721513d-917d-43f8-803d-ba71d069fe83, ba5ff9a4-91f5-4ddf-a3b0-217303c55c20, 3a1dbde1-b8c2-494b-a1e4-39e7f197b38a",200,,CANCELLED_ON_REVIEW,Tidak,K34,DIREKTORAT BINA PERLUASAN KESEMPATAN KERJA,DN.2175.BDC.003.051.0A.522141,APBN,01KFJEDFP7CRYHZD38KBHTSZY5,203499930,64139126,3,01HRXRSGFR2F4NH0S9KQF03NP1,626041,0,,"Perluasan Kesempatan Kerja, ",efbb911a-59d7-54a0-816c-d0c9fbaa93e6.KAFVpAv6XiRdVXm-.tKy6yY7NAvztG6-oA_51dO4lyhqlmhu4BkLUAR_adhk
Belanja Pengadaan Bahan Pelatihan UPTD Technopark Sragen,COMPLETED,2026,77654fb8-6d2a-47ba-aa4b-8dd11fd46aa5,1,0,ON_PROCESS,Tidak,K34,BALAI PELATIHAN VOKASI DAN PRODUKTIVITAS SURAKARTA,DL.4057.SCO.011.057.0A.521211,APBN,01KXG4FBKVAWPF2W8S3KVP5TDD,22755000,66297464,1,01JY3D0PS32SBA0479ED0JQRBT,035636,0,2026-07-16T00:00:00Z,"Peningkatan Penyelenggaraan Pelatihan Vokasi dan Pemagangan Binalavotas, ",efbb911a-59d7-54a0-816c-d0c9fbaa93e6.KAFVpAv6XiRdVXm-.tKy6yY7NAvztG6-oA_51dO4lyhqlmhu4BkLUAR_adhk
Pengadaan Bahan Pelatihan 3 UPTD BLK Disnaker Kab. Kebumen,COMPLETED,2026,"b28a46e3-70bd-4e82-8738-55f1e9a542fb, cbb2aa52-f727-4ace-aa21-cbe80b98cea8, 5078bea8-6beb-4224-8606-247337d93e87, fb72aff7-1d88-48aa-a44d-f5c7a294ca18, 2d292395-38c5-4f20-9ed5-6536be45f47e, be706f11-063c-4079-a3e7-84442c2ca625, f5264b33-ad6f-47f4-be97-e633847f0c5b, 03392d2e-7878-4da6-9bf5-12aef0c211ce, 09d28f70-33b2-44c4-9d91-bc3142f35b7a, cbec4f5b-1d82-4a57-8426-4b83617ab0e0, 6c0e1a53-80fc-4ff7-8e48-3cb707cdac4d, d926ff06-ab46-4bf2-9609-3b9db02bf757, 3e1b63a5-8ecd-4c8f-a76d-698eee4f1aba, 48048ca3-d208-4afd-8b11-4dd35a06bd02, da2de32c-3a70-4b1e-9244-0d9609c70f29, c5c820f5-48c3-4c70-ae1f-a5787ffa8bc9, de3881be-d993-4bbd-bc99-6a4d18fe1998, 1999f0a7-a76e-4bfd-80cf-2bdff9cb0613, 033525d7-6370-41a8-9daf-2fbd12860adf, 11560b81-9ee4-4326-b46f-1e5ab81e0831, 8a552b04-4344-4b91-811d-8af6baf1dab1, 538d3aea-2731-408c-b908-2d2329be4cce, 88db5bec-0997-45ed-838d-99b98f33f612, af4342a6-f66b-4282-823e-38768a368f2e, fe89e1ec-bb0d-42e9-9be4-126cd720aa57, 674bb085-7889-4d03-b2c2-0f780556c2b4, af992349-43f2-439f-ae43-6df6edf2f9d6, aad465bc-30a0-4c17-b966-f431d0021f8f, d72b1b48-dd8e-4dad-8dd2-92699a800c1a, 435c1631-bcbb-4e65-82d7-315b618e7b28, 766a5f76-d0c1-4302-a395-a3c18e5b5670, 2749a8af-1919-4bfa-880c-1af594679af3, edd35004-aad3-48d7-afa9-0cdf33d1760b, f9630023-1f41-44f0-9c39-c89a7a72053b, c1f61a72-f398-4431-8f2f-d089ce145413, c6818183-ac99-4331-8d11-81c2b0621151, 49eaf8bb-23ea-435a-96a4-df1a90b73256, 19d42449-067d-4a57-b6aa-7f17a557e501, 8d1f9309-0302-477d-830a-773782c551bb, 8127204b-cf68-41db-8e18-68e63c80cd9e, a8e3c512-f701-473f-aa55-f3e5ba30a7be, c1d197aa-72ac-4c54-89a0-be1bb26115fc, eb2213fb-65db-4bcf-84b8-708202ad5fea, a7be3679-90af-4668-8930-f29aec665221, 0fdc8f2d-4760-4bfd-ab14-fff724e16438, f6380cf8-f494-46f1-8e8d-00ea3c08e86d, 253e96de-0a91-4105-916d-3afecd1aac07, bd64c2d5-97c7-4e6e-8225-62cffd876613, 9fb7fc7b-7510-4bbb-b16f-0e840ab50a8a, aecd2abf-f081-4012-89d3-3b56596d5145, 99eedbbd-71c0-4677-8262-a20262338331, c252c934-714a-472a-9c39-5f4d1dbcd045, 0b0f9d03-6169-4b9f-9bb7-c20dd36e25a2, 2badce83-4430-40b8-9012-e1ab04f6d695, 1fb7a123-ebb5-4211-aa65-794a71169ca4, 006e050d-2e68-4e92-b0e6-6ae9201c515a, a02fea8a-83e5-4857-bb1b-e0e96ca5a54b, 9e5a868f-cef9-497d-a4ee-229ffe833959, 2681d9b4-d9e6-4c86-bafd-a76a6871cded, 4f61a48a-68da-41de-b0ba-4ed0590960f7, 85a44f73-556e-41d9-9894-461b8a964ccb, 6354e9e9-6933-4139-8c34-4350e8e10f9b, 809cf9e5-cd21-4117-9f46-40518468e01f, d9788f51-94f8-4d4e-be9c-0200bbef7c3c, 49ea1014-b82f-41af-b099-8873fca5a53d, 1a01f8f8-784d-4831-9346-b71e10235ebb, edc61af2-40e8-444e-95d1-c4b868de8b44, 0c97ba7c-e2e0-45f4-ab07-1e0e8af617ee, 0ff19d68-af1d-43cb-b88f-3387dee0b70b, 39344218-725b-4e5e-b8e9-5c6c7dda0451, 6fbf7745-1bea-4774-8fb4-cea5db8cfbd9, 850c527f-35a6-41a4-8487-fa67eabd218e, 42a39b98-33dd-4f77-9d80-640b6be31ba4, 440ff4ad-759c-41ba-afc9-2e841de244f3, 252e5901-c305-4ce7-a06a-2822375b5019, 34d944db-8e8f-464d-9d72-71699b06fb7e, e2d06f60-bf43-4736-9f88-85c82e7774e1, efd70eb8-30ba-437d-8755-490e4516f7ac, b73494f1-8671-40c7-91ff-0b3e574a26df, 17c97366-1600-4d53-99b3-36cb1b3a2460, 5d583a25-9bef-4961-81c2-2bd566e6e7ea, 3db16ca3-acd5-477a-91c1-8ea7bf0569e7, cbdd0027-f09d-4002-be89-39220b38aff8, ce64b336-ebad-4ced-9096-460355fc2fdb, 4bc78de1-889b-494e-99e1-a1a2eddbc455, 55bbe7c8-91e8-4f51-be21-9bab8b1bad3e, 061e9037-3f9b-4354-a95e-c38cedb88866, 21491e07-0833-4652-892a-cb48661f2cea, c9772ccb-c96e-4f53-af15-19763c1d1e5c, efd3a50b-0d31-4d78-976c-36aed9dd4706, a1269b3f-e190-4736-a19c-6863d76fe164, 985f6482-f2a1-47f8-b93b-5c23a54893c9, 06887228-aa39-4c9f-8321-2381af03464d, cfa77b06-ab4e-47eb-8088-c048a713c1f9, c67f7264-52e8-4031-be74-501d7a893da9, 8d9a044e-62d1-42b4-ab92-b3691a3f9400",1317,0,ON_PROCESS,Tidak,K34,BALAI PELATIHAN VOKASI DAN PRODUKTIVITAS SURAKARTA,DL.4057.SCO.011.055.OA.521211,APBN,01KXHVC7006M6VNYG5P0Q5K859,48350500,67427117,96,01JN19DC39QS65KV4KMTJDD511,035636,0,2026-07-15T00:00:00Z,"Peningkatan Penyelenggaraan Pelatihan Vokasi dan Pemagangan Binalavotas, ",efbb911a-59d7-54a0-816c-d0c9fbaa93e6.KAFVpAv6XiRdVXm-.tKy6yY7NAvztG6-oA_51dO4lyhqlmhu4BkLUAR_adhk
PENGADAAN BAHAN PELATIHAN,DRAFT,2026,"9215799f-1e4c-468b-94fa-ad6ae885b37c, 39f58f2c-22c4-44be-b809-87102b363adc",39422,,CANCELLED_ON_NEGOTIATION,Tidak,K34,BALAI PELATIHAN VOKASI DAN PRODUKTIVITAS SURAKARTA,DL.4059.SCO.001.051.DL.521211,APBN,01KVQ5RADZ6Y8YC01MA950SF66,25865125,66351379,2,01JJ1ARRF06SG36TNKRH4DBQ0N,035636,266520009,,"Pengembangan dan Peningkatan Produktivitas Tenaga Kerja Binalavotas, ",efbb911a-59d7-54a0-816c-d0c9fbaa93e6.KAFVpAv6XiRdVXm-.tKy6yY7NAvztG6-oA_51dO4lyhqlmhu4BkLUAR_adhk
Belanja Bahan TMT Klaster,COMPLETED,2026,"9bdb7f46-336c-4c14-afe8-51676a98ffbe, 1657b818-e7e4-4c62-b182-da936f4d9434, e0984422-855f-40a6-ae53-b5d5e0819d9b, 7c1b211e-b383-4846-8d0d-7fdc7f711f0c, e79910cf-eefb-4dea-9668-fe9fcfdf02b0, 2561b8ca-853b-4dde-af28-21bbd4c21b03, c4cf45d9-7290-4a4b-b59e-4db1d414793c, 83664d80-ba36-42f0-af1d-4d27e79ada36, 0162786f-8de6-46f7-9c71-b41ac4400575, e202834c-7c1b-434d-a06d-2c508c6e3d1e, 91527085-db65-4ccd-9c93-2210f813c080, 5553ff90-b3f8-4358-8439-f721bc86b2a5, 5b7d8495-bad6-4c55-91ee-d8af57115271, 48091116-4e3f-4978-b040-5fa5f20ae55a",146,344100,COMPLETED,Tidak,K34,BALAI BESAR PELATIHAN VOKASI DAN PRODUKTIVITAS SEMARANG,DL.4057.SCO.003.053.0A.521211,APBN,01KKXDKQSK8512Y7EWJ14XHK8W,5543895,66185950,14,01JCF5TRQVKW157PX3JC6JFJ1Y,452609,2705108,2026-03-25T00:00:00Z,"Peningkatan Penyelenggaraan Pelatihan Vokasi dan Pemagangan Binalavotas, ",efbb911a-59d7-54a0-816c-d0c9fbaa93e6.KAFVpAv6XiRdVXm-.tKy6yY7NAvztG6-oA_51dO4lyhqlmhu4BkLUAR_adhk
Belanja Barang Persediaan Pencetakan Blanko Sertifikat Kompetensi Tahap III,DRAFT,2026,21e04b91-d675-44c5-b61c-82c04386bd2c,38000,0,ON_PROCESS,Tidak,K34,Sekretariat Badan Nasional Sertifikasi Profesi,DL.4053.PFA.061.051.0A.521811,APBN,01KTBHFRHW4F5J0KEY2Y0G0GFY,185592000,67530225,1,01J8HGR94XM9YJTH5RYRWHR4FR,452533,1240047,2026-06-10T00:00:00Z,"Pengembangan Sistem dan Pelaksanaan Sertifikasi Kompetensi Profesi Binalavotas, ",efbb911a-59d7-54a0-816c-d0c9fbaa93e6.KAFVpAv6XiRdVXm-.tKy6yY7NAvztG6-oA_51dO4lyhqlmhu4BkLUAR_adhk
Pengadaaan Konsumsi Peserta Pelatihan Non Boarding Bidang Industri dan Jasa Reguler dan Peserta Pelatihan Project Based Learning,DRAFT,2026,32bcb72b-4cb4-40a5-9695-ad3b5acbf93c,7282,0,ON_PROCESS,Tidak,K34,BALAI BESAR PELATIHAN VOKASI DAN PRODUKTIVITAS BEKASI,"DL.4057.SCO.003.051.0B.521211, DL.4057.SCO.003.052.0A.521211",APBN,01KY6Y0CNCBPT2P21P60EQS7M8,145640000,67553766,1,01JWTEQ40PFZ81CS5YNZDNRBMH,452558,0,2026-07-23T00:00:00Z,,efbb911a-59d7-54a0-816c-d0c9fbaa93e6.KAFVpAv6XiRdVXm-.tKy6yY7NAvztG6-oA_51dO4lyhqlmhu4BkLUAR_adhk
"Pengadaan Jasa Tenaga Alih Daya (Outsourcing) Pramubakti, Tenaga Kebersihan, Petugas Keamanan, dan Pengemudi BPVP Belitung",DRAFT,2026,"eb247fd0-628f-4fb0-a0f5-8bc76b92a567, f3cc93c9-1268-43d6-9117-2b9400df97ec",120,0,ON_PROCESS,Tidak,K34,BALAI PELATIHAN VOKASI DAN PRODUKTIVITAS BELITUNG,WA.6988.EBA.994.002.0A.522191,APBN,01KG7VCCCZQ656KCK0E8SKRTNK,535980000,63517711,2,01JH5QF0ZKKH4111TH296XYMS7,352631,0,2026-01-31T00:00:00Z,,efbb911a-59d7-54a0-816c-d0c9fbaa93e6.KAFVpAv6XiRdVXm-.tKy6yY7NAvztG6-oA_51dO4lyhqlmhu4BkLUAR_adhk
Laptop Pegawai,COMPLETED,2026,b3308426-a5fe-441c-9c1e-1da01db6eff3,10,0,PAYMENT_OUTSIDE_SYSTEM,Tidak,K34,INSPEKTORAT JENDERAL,WA.2171.EBB.951.052.0A.532111,APBN,01KSHNVQ2TGR3DE4MYD6NR3CVH,139860000,62698010,1,01JN6BKYDBQ45D6K24AVR1DG6C,259031,6487119,2026-06-05T00:00:00Z,"Dukungan Manajemen dan Dukungan Teknis Lainnya Inspektorat Jenderal, ",efbb911a-59d7-54a0-816c-d0c9fbaa93e6.KAFVpAv6XiRdVXm-.tKy6yY7NAvztG6-oA_51dO4lyhqlmhu4BkLUAR_adhk
Belanja Keperluan Perkantoran,DRAFT,2026,"e0ef3138-9e7a-4029-af61-f0894e5bacb6, a17f4698-4a84-41dc-b5fb-86efb013b01f",36,0,ON_PROCESS,Tidak,K34,BALAI KESELAMATAN DAN KESEHATAN KERJA MEDAN,WA.6622.EBA.994.002.0A.521111,APBN,01KWB7JV1CXTSC8Z043SZ6SSJS,232123434,67386614,2,01J8KN4QB8AKDWJ43RPBJF6WCA,350081,339443009,2026-06-30T00:00:00Z,"Dukungan Manajemen Ditjen Pembinaan Pengawasan Ketenagakerjaan dan Keselamatan dan Kesehatan Kerja, ",efbb911a-59d7-54a0-816c-d0c9fbaa93e6.KAFVpAv6XiRdVXm-.tKy6yY7NAvztG6-oA_51dO4lyhqlmhu4BkLUAR_adhk
Bahan Pelatihan Tailor Made Training 40 JP B,COMPLETED,2026,678c8f61-38d6-4d10-aa11-230506c2c444,2,0,COMPLETED,Tidak,K34,BALAI PELATIHAN VOKASI DAN PRODUKTIVITAS SIDOARJO,DL.4057.SCO.003.053.0A.521211,APBN,01KVW7KQ6SBP09W1DNQ4RDP33R,16521240,66473758,1,01JBANK0M75W3E7ZJ6P77ZAXDP,050302,0,2026-06-24T00:00:00Z,"Peningkatan Penyelenggaraan Pelatihan Vokasi dan Pemagangan Binalavotas, ",efbb911a-59d7-54a0-816c-d0c9fbaa93e6.KAFVpAv6XiRdVXm-.tKy6yY7NAvztG6-oA_51dO4lyhqlmhu4BkLUAR_adhk
Pengadaan Pakaian Kerja dan Kaos Peserta Pelatihan (189 Paket),COMPLETED,2026,ff913ca8-4573-41e9-b773-b4dd2a09f116,32,0,COMPLETED,Tidak,K34,BALAI BESAR PELATIHAN VOKASI DAN PRODUKTIVITAS SERANG,"DL.4057.SCO.003.051.0A.521211, DL.4057.SCO.003.051.0B.521211, DL.4057.SCO.003.052.0A.521211, DL.4057.SCO.003.052.0C.521211, DL.4057.SCO.003.053.0A.521211, DL.4057.SCO.003.053.0B.521211, DL.4057.SCO.003.054.0A.521211, DL.4057.SCO.005.052.0A.521211, DL.4057.SCO.005.052.0C.521211, DL.4057.SCO.007.052.0A.521211, DL.4057.SCO.007.052.0C.521211, DL.4057.SCO.008.052.0A.521211, DL.4057.SCO.008.052.0B.521211, DL.4057.SCO.035.051.0B.521211, DL.4057.SCO.035.054.0B.521211, DL.4057.SCO.035.055.0B.521211, DL.4057.SCO.035.056.0B.521211",APBN,01KHAYCBP8D9YWCMSSQ9HX4TQG,4759680,63093792,4,01JBGDSJNXNZCRFFDHX1P49CE2,426531,16727127,2026-02-19T00:00:00Z,"Peningkatan Penyelenggaraan Pelatihan Vokasi dan Pemagangan Binalavotas, ",efbb911a-59d7-54a0-816c-d0c9fbaa93e6.KAFVpAv6XiRdVXm-.tKy6yY7NAvztG6-oA_51dO4lyhqlmhu4BkLUAR_adhk
"Paket Pertemuan Fullboard Peserta, Moderator dan Penyelenggara Luar Kota Optimalisasi, Koordinasi, dan Konsolidasi Tim Deteksi Dini ",COMPLETED,2026,24e73dde-c626-44a7-bf8c-738831e56b29,156,0,COMPLETED,Tidak,K34,DITJEN. PEMBINAAN HUBUNGAN INDUSTRIAL DAN JAMINAN SOSIAL TENAGA KERJA,DN.2179.QIH.001.051.0E.524119,APBN,01KPGAFJDP07NEPWVV1414AGFV,137280000,65992087,1,01K35GVWZ0XWPM4CT7VYSEJ10W,451270,0,2026-04-20T00:00:00Z,"Penguatan Kelembagaan dan Pencegahan Perselisihan Hubungan Industrial, ",efbb911a-59d7-54a0-816c-d0c9fbaa93e6.KAFVpAv6XiRdVXm-.tKy6yY7NAvztG6-oA_51dO4lyhqlmhu4BkLUAR_adhk
Jasa Alih Daya Security,DRAFT,2026,"a1a3435a-5928-40c6-83b0-e44ecbb821bf, 9f7fa9f3-f9aa-43cf-ab2c-3f9d074f274d",144,0,ON_PROCESS,Tidak,K34,POLITEKNIK KETENAGAKERJAAN,WA.6625.EBA.994.002.0D.522191,APBN,01KFW33C27AH4FCEJMT7VHR9WV,1100946624,63965018,2,01JE5PEYSK3HRZ3JKQHTTNDN9Q,352632,1527225,2026-01-28T00:00:00Z,"Dukungan Manajemen Politeknik Ketenagakerjaan, ",efbb911a-59d7-54a0-816c-d0c9fbaa93e6.KAFVpAv6XiRdVXm-.tKy6yY7NAvztG6-oA_51dO4lyhqlmhu4BkLUAR_adhk
Konsumsi Peserta Pelatihan 180 JP Reguler PNBP,DRAFT,2026,14b04ca1-3e9f-4039-818b-7d7b916821c0,700,0,ON_PROCESS,Tidak,K34,BALAI BESAR PELATIHAN VOKASI DAN PRODUKTIVITAS MEDAN,DL.4057.SCO.005.052.0A.521211,APBN,01KXZYSGR5YEAC2A8G8XDN3QWF,14000000,66121303,1,01K10E7HHEM420DCD80BAM4TQS,451094,0,2026-07-22T00:00:00Z,"Peningkatan Penyelenggaraan Pelatihan Vokasi dan Pemagangan Binalavotas, ",efbb911a-59d7-54a0-816c-d0c9fbaa93e6.KAFVpAv6XiRdVXm-.tKy6yY7NAvztG6-oA_51dO4lyhqlmhu4BkLUAR_adhk
"Paket Pertemuan Fullboard Peserta, Moderator, dan Penyelenggara DIALOG SOSIAL BAGI PENGURUS DAN ANGGOTA SERIKAT PEKERJA/SERIKAT BURUH TINGKAT PERUSAHAAN  ",DRAFT,2026,dc87b77f-71f5-4534-9e56-ce5f25820176,109,,CANCELLED_ON_REVIEW,Tidak,K34,DITJEN. PEMBINAAN HUBUNGAN INDUSTRIAL DAN JAMINAN SOSIAL TENAGA KERJA,DN.2179.BDC.003.051.0A.524119,APBN,01KMQ7GJG066EM4YZ9MJ98JF60,89380000,65992188,1,01JVBN834MAKWFXWSXQCEGVRMS,451270,0,,"Penguatan Kelembagaan dan Pencegahan Perselisihan Hubungan Industrial, ",efbb911a-59d7-54a0-816c-d0c9fbaa93e6.KAFVpAv6XiRdVXm-.tKy6yY7NAvztG6-oA_51dO4lyhqlmhu4BkLUAR_adhk
Bahan Pelatihan Tailor Made Training 160 JP,COMPLETED,2026,0a40cbc9-e544-4bdd-be23-d9ce1fc2e57e,2,0,COMPLETED,Tidak,K34,BALAI PELATIHAN VOKASI DAN PRODUKTIVITAS SIDOARJO,DL.4057.SCO.003.053.0B.521211,APBN,01KMYGZH7YVRV6FWXSBXWEA673,32634000,66474007,1,01JGD7AZK8S8APTXD8DR9RABJX,050302,1483116,2026-03-30T00:00:00Z,"Peningkatan Penyelenggaraan Pelatihan Vokasi dan Pemagangan Binalavotas, ",efbb911a-59d7-54a0-816c-d0c9fbaa93e6.KAFVpAv6XiRdVXm-.tKy6yY7NAvztG6-oA_51dO4lyhqlmhu4BkLUAR_adhk
Tenaga Alih Daya (11 Orang),DRAFT,2026,a74405ce-9119-4124-b160-27ffdc55c10e,60,0,ON_PROCESS,Tidak,K34,DIREKTORAT BINA PENYELENGGARAAN PELATIHAN VOKASI DAN PEMAGANGAN,WA.6988.EBA.994.002.MA.521111,APBN,01KDYZXDB5J89V850NY67A8ERQ,354600000,62722024,1,01JC8KDBH4685PYMEV9T7SM5ZV,626132,15594127,2026-01-05T00:00:00Z,"Dukungan Manajemen Direktorat Jenderal Pembinaan Pelatihan Vokasi dan Produktivitas, ",efbb911a-59d7-54a0-816c-d0c9fbaa93e6.KAFVpAv6XiRdVXm-.tKy6yY7NAvztG6-oA_51dO4lyhqlmhu4BkLUAR_adhk
Belanja Pemeliharaan Peralatan dan Mesin,DRAFT,2026,"6f4920d3-e5ef-4d77-9cd4-b777f9b1c676, 50f38b8a-1963-498d-ad2f-b372b283a840",8,,CANCELLED_ON_NEGOTIATION,Tidak,K34,BALAI KESELAMATAN DAN KESEHATAN KERJA BANDUNG,WA.6622.EBA.994.002.0D.523121,APBN,01KXHAKZYT4606MPAEY4RTQA0G,37740000,66812896,2,01J40YT5XD7W126RBMKNCXQ4F1,350079,1239191,,"Dukungan Manajemen Ditjen Pembinaan Pengawasan Ketenagakerjaan dan Keselamatan dan Kesehatan Kerja, ",efbb911a-59d7-54a0-816c-d0c9fbaa93e6.KAFVpAv6XiRdVXm-.tKy6yY7NAvztG6-oA_51dO4lyhqlmhu4BkLUAR_adhk
Pengadaan Bahan Pelatihan Vokasi UPTP PNBP (30 Paket),COMPLETED,2026,"b2d072b2-d33a-4f0e-b4f8-49d3b9c0acca, ccfae6ba-52e2-42ec-8ba1-90e318e52700, 4ebdc6b4-a5c7-4358-b36d-94bd9be28817, 56e9b83b-2dc6-4641-bf55-0e0d114dc22f, 275d0932-8398-49c3-ab3b-d294ae646f19, e1ef4685-f35e-4a65-b5a4-0e01c9d2bff9, 2e8e75d9-5a81-42ee-b373-ecfa4f5bd710, d06e5ecc-0fcc-4456-bae3-ab2b1f7a9295, 8e7496d3-1744-45b2-b261-830ca2deb0bf, fb6b52bc-551e-4f0d-a79c-677b653d4ede, f53ae2e3-b60a-46c1-979f-16ca5cf181b3, 3ec29421-1b00-47ae-a239-10daab0ff529, befedeca-cf49-46cc-a406-2686590bcd43, 72f19561-b2ce-4bcf-81d7-b1ddcb7b50b3, 811d11e7-a322-4ef6-8914-3763e6ef7d41, 3c4908fc-1887-45c4-9581-5a7b5dbeb39b, e472fbce-c95d-4c4a-ad38-81e9710e19d6, b89f105d-3925-41a9-b4e1-997d0bcb5fe0, c41c2fb7-322c-44b1-aebd-f3e2a599c8d9, 82e616a2-b3c7-4f01-9f0b-f42eb3e4a637, 84305bfb-90ed-43fd-8f93-eeee6be49746, 63e27dc7-8a48-40b7-8daa-fb215c03b5e8, 669e17ea-6e79-4da6-992a-0210b2dc05ad, 350fdeef-1069-47c2-a779-36860e7d5705, bf93d426-0db8-499f-b45b-101200e08576, ed9c53ec-fda8-40c6-9acb-21d985574a76, 5dfdac24-e5bc-4cda-9a23-060c169d0184, c5a99d7e-0ff0-43e3-bd30-1716674d1543, bbf54578-139b-4afc-b9ad-345dcebbdfc8, 9f72aa28-160c-4542-a798-229571c8c7fa, 9caa512b-3143-48d5-80f0-dbcb838a72ba, 0bceca1a-30da-413f-aa67-e764b61ec6ed, 7feff47c-ca1c-4f91-b2b5-1e568f307cdb, 277e32b2-9ae7-4931-a71d-2c8c883222ce, bb383451-9d0b-40dd-b144-8c96f6acf58f, 55eb755c-5b94-4822-baff-4220513c3f58, 540ab342-283c-4b4a-ad42-06d661e7c6d4, 8c5cff0b-3f9c-41f4-a84e-f7e8becd88b2, 8058b953-a32b-4616-a355-86243fe368b9, 558800aa-a105-4ebf-88d1-b32b53ee7b57, ab5ad1f9-724a-4020-969e-a9c43e728713, 26e2cb42-4df4-4271-9187-2060e7339663, 9cf8544d-6241-45f7-bb57-b27e07de2e59, cf548dc8-a2b5-47fc-bb64-9713799bf34f, 7f60fc28-060a-466a-9914-1ffd4d6bf228, 0eedc9e5-0f5b-4d0a-8e66-c90ed7b847e5, 31f979d9-456c-433b-9f29-110738667c65, be39e832-2314-4edb-8534-e3f3d6465a88, 04fc2a12-1991-4111-a7e0-d3454b774811, 5bbdae4f-1230-4144-9035-7e1fa7c622fb, 71b2928d-a775-4f0a-8ed3-ac9eb0ff6644, 3f11e0e7-1e5c-4de9-9487-7a632d9964da, 0cb93240-55e1-4657-a214-76054428632b, b8840a40-2450-47c9-ad94-43ecbf3a8501, 704f8dc9-6858-4baf-b454-89cd992dcd5c, 6d3e6330-7be6-4f2c-ba24-80dcb6344008, 067d59a5-b089-47fe-8e81-0388d0cbbe3c, 34217233-6fcc-4c99-8d2e-4f8f34e0fa7b, a3a1969e-9d05-4b08-bbe7-837fb387ad52, 363f6529-4147-4bd5-8a89-343d07f41c2f, 06926ed6-f2e1-4566-af95-63fa54feb7b0, 92bf7051-6633-4c13-864d-e45b70e4006a, 0e003954-c98c-48af-89e3-7741dddbfc68, 3f1a4371-50dc-4343-9c03-4e4078f71533, 0b491f97-f335-4ba0-85cf-9c86bce53cf9, 5c0f94b6-93d2-4bcc-be82-f195c276fc0c, 1704f537-cbe6-4b32-9dae-4b9aa3cf37b1, 8042ee66-e18e-48da-89c2-25b86c31b6d4, 26a39868-99b6-4663-9445-0dd8791addd0, bcca7bdc-562f-4f09-981b-72b490f139f8, 74527a49-bfb8-4729-82f1-0ee8218d550f, 20ea874b-31b5-482a-8af5-a64176f63823, b35ac73b-2b93-48dd-909b-f6c129734d84, 95613ab6-2cbb-4aa6-8dbe-6b8f36eab61e, c679bf36-d219-4424-b0a3-b08ae90b99d7",2494,0,COMPLETED,Tidak,K34,BALAI BESAR PELATIHAN VOKASI DAN PRODUKTIVITAS SERANG,"DL.4057.SCO.003.051.0A.521211, DL.4057.SCO.003.053.0A.521211, DL.4057.SCO.003.054.0A.521211, DL.4057.SCO.005.052.0A.521211, DL.4057.SCO.007.052.0A.521211, DL.4057.SCO.008.052.0B.521211",APBN,01KV7GBWNJWSPGGJNCBQD06145,158418867,66342119,100,01JRS73EC81MM9JM6Z4608CME9,426531,26434127,2026-06-17T00:00:00Z,"Peningkatan Penyelenggaraan Pelatihan Vokasi dan Pemagangan Binalavotas, ",efbb911a-59d7-54a0-816c-d0c9fbaa93e6.KAFVpAv6XiRdVXm-.tKy6yY7NAvztG6-oA_51dO4lyhqlmhu4BkLUAR_adhk
Bahan Pelatihan Tailor Made Training 40 JP B,COMPLETED,2026,db8431dc-9e4e-43e5-bda4-fb06e549b5c1,1,83250,ON_PROCESS,Tidak,K34,BALAI PELATIHAN VOKASI DAN PRODUKTIVITAS SIDOARJO,DL.4057.SCO.003.053.0A.521211,APBN,01KYBVBCDF0Y2HDPQDZ2793ZPC,9213666,66473758,1,01JAYK7BA0MEZ4014EFKCTSSY8,050302,759449,2026-07-26T00:00:00Z,"Peningkatan Penyelenggaraan Pelatihan Vokasi dan Pemagangan Binalavotas, ",efbb911a-59d7-54a0-816c-d0c9fbaa93e6.KAFVpAv6XiRdVXm-.tKy6yY7NAvztG6-oA_51dO4lyhqlmhu4BkLUAR_adhk
Pelatihan Vokasi di Provinsi Jawa Timur UPT BLK Kota Probolinggo,COMPLETED,2026,1eeacad5-e76e-44ca-9609-a1d02b120791,32,0,COMPLETED,Tidak,K34,BALAI PELATIHAN VOKASI DAN PRODUKTIVITAS BANYUWANGI,DL.4057.SCO.013.066.OA.521211,APBN,01KWEC1DD4M7CN3BZ81JZ2Q9BR,4798752,62259233,1,01JYJKZNT9AFMQQBMR3RP3W44A,051102,0,2026-07-02T00:00:00Z,"Peningkatan Penyelenggaraan Pelatihan Vokasi dan Pemagangan Binalavotas, ",efbb911a-59d7-54a0-816c-d0c9fbaa93e6.KAFVpAv6XiRdVXm-.tKy6yY7NAvztG6-oA_51dO4lyhqlmhu4BkLUAR_adhk
Layanan Pengelolaan Media Sosial,DRAFT,2026,31a7e976-43c4-4a57-8045-4216fbbf6a5f,12,0,ON_PROCESS,Tidak,K34,SEKRETARIAT JENDERAL KEMNAKER,WA.2163.EBA.958.051.0A.522191,APBN,01KFWTH7YP4C6A9858KCPXND9W,199800000,63756108,1,01KCFZAP5R7G11X4RQ4JCXCEHZ,450938,0,2026-01-28T00:00:00Z,"Peningkatan dan Pengelolaan Hubungan Masyarakat, ",efbb911a-59d7-54a0-816c-d0c9fbaa93e6.KAFVpAv6XiRdVXm-.tKy6yY7NAvztG6-oA_51dO4lyhqlmhu4BkLUAR_adhk
Pengadaan Pakaian Kerja dan Kaos Peserta Pelatihan (189 Paket),COMPLETED,2026,dbed8759-b7be-4c27-a876-fd30e16cfc2c,96,0,COMPLETED,Tidak,K34,BALAI BESAR PELATIHAN VOKASI DAN PRODUKTIVITAS SERANG,"DL.4057.SCO.003.051.0A.521211, DL.4057.SCO.003.051.0B.521211, DL.4057.SCO.003.052.0A.521211, DL.4057.SCO.003.052.0C.521211, DL.4057.SCO.003.053.0A.521211, DL.4057.SCO.003.053.0B.521211, DL.4057.SCO.003.054.0A.521211, DL.4057.SCO.005.052.0A.521211, DL.4057.SCO.005.052.0C.521211, DL.4057.SCO.007.052.0A.521211, DL.4057.SCO.007.052.0C.521211, DL.4057.SCO.008.052.0A.521211, DL.4057.SCO.008.052.0B.521211, DL.4057.SCO.035.051.0B.521211, DL.4057.SCO.035.054.0B.521211, DL.4057.SCO.035.055.0B.521211, DL.4057.SCO.035.056.0B.521211",APBN,01KT2ZPJTKECJE5SNN5EAFM5CQ,9537120,63093792,3,01JBGDSJNXNZCRFFDHX1P49CE2,426531,16727127,2026-06-04T00:00:00Z,"Peningkatan Penyelenggaraan Pelatihan Vokasi dan Pemagangan Binalavotas, ",efbb911a-59d7-54a0-816c-d0c9fbaa93e6.KAFVpAv6XiRdVXm-.tKy6yY7NAvztG6-oA_51dO4lyhqlmhu4BkLUAR_adhk
Bahan Pelatihan Tailor Made Training 40 JP A,DRAFT,2026,6adbc176-dfad-45a5-afaf-ffc3ea936289,1,,CANCELLED_ON_NEGOTIATION,Tidak,K34,BALAI PELATIHAN VOKASI DAN PRODUKTIVITAS SIDOARJO,DL.4057.SCO.003.053.0A.521211,APBN,01KN191NCQ1641T7FTSCN4XPAB,16610500,66473957,1,01JTA68VBS06V6Y03MQYXWE6TD,050302,0,,"Peningkatan Penyelenggaraan Pelatihan Vokasi dan Pemagangan Binalavotas, ",efbb911a-59d7-54a0-816c-d0c9fbaa93e6.KAFVpAv6XiRdVXm-.tKy6yY7NAvztG6-oA_51dO4lyhqlmhu4BkLUAR_adhk
Pengadaan Jasa Tenaga Alihdaya (Outsourcing) Operator Media Sosial Gedung Vokasi Kemnaker RI,DRAFT,2026,e816ecd8-dd8a-4e80-9447-5d34a132f790,1,0,ON_PROCESS,Tidak,K34,DITJEN PEMBINAAN PELATIHAN VOKASI DAN PRODUKTIVITAS,WA.6988.EBA.994.002.0G.522191,APBN,01KRAXW6NPYTVQD1TNPRAXFTM2,67097415,67032038,1,01JB0W1YHSNPS4PMNKJVCPZAM2,451026,336190,2026-05-20T00:00:00Z,"Dukungan Manajemen Direktorat Jenderal Pembinaan Pelatihan Vokasi dan Produktivitas, ",efbb911a-59d7-54a0-816c-d0c9fbaa93e6.KAFVpAv6XiRdVXm-.tKy6yY7NAvztG6-oA_51dO4lyhqlmhu4BkLUAR_adhk
Jasa Cleaning Service,DRAFT,2026,618133fe-2528-4438-8014-789792515171,130,0,ON_PROCESS,Tidak,K34,BALAI PELATIHAN VOKASI DAN PRODUKTIVITAS SAMARINDA,WA.6988.EBA.994.002.0A.522191,APBN,01KDS4HGNJK8JA49KQHF260EWG,739430978,62514102,1,01JFEDC9TD1X2SA0KF7VG7FC61,451108,6871035,2025-12-31T00:00:00Z,"Dukungan Manajemen Direktorat Jenderal Pembinaan Pelatihan Vokasi dan Produktivitas, ",efbb911a-59d7-54a0-816c-d0c9fbaa93e6.KAFVpAv6XiRdVXm-.tKy6yY7NAvztG6-oA_51dO4lyhqlmhu4BkLUAR_adhk
Pakaian Kerja 60 Paket TMT PNBP,DRAFT,2026,e7f98b8c-c978-4b80-a760-56e016f2fda0,960,,CANCELLED_ON_NEGOTIATION,Tidak,K34,BALAI BESAR PELATIHAN VOKASI DAN PRODUKTIVITAS MEDAN,DL.4057.SCO.003.053.0A.521211,APBN,01KJS3KPSYM69KXATQ7DE3XXYH,158400374,65763393,1,01JNSVF8WS0A8QV2VWYK2V7KAK,451094,2058308,,"Peningkatan Penyelenggaraan Pelatihan Vokasi dan Pemagangan Binalavotas, ",efbb911a-59d7-54a0-816c-d0c9fbaa93e6.KAFVpAv6XiRdVXm-.tKy6yY7NAvztG6-oA_51dO4lyhqlmhu4BkLUAR_adhk
Pelatihan Vokasi di Provinsi Jawa Timur UPT BLK Kota Probolinggo,COMPLETED,2026,"d555fd30-b0cc-4dda-9f75-e65b43c27cc8, a345654d-47fb-4e5a-8994-e991d7d17162, 78e90d9d-b698-4506-b523-5aedae91196e",89,0,PAYMENT_OUTSIDE_SYSTEM,Tidak,K34,BALAI PELATIHAN VOKASI DAN PRODUKTIVITAS BANYUWANGI,DL.4057.SCO.013.066.OA.521211,APBN,01KY40MN698MGGCDPRADDR29YX,5924070,62259233,3,01JBKH492JYBJ6CW40PRGBN2BK,051102,298250009,2026-07-27T00:00:00Z,"Peningkatan Penyelenggaraan Pelatihan Vokasi dan Pemagangan Binalavotas, ",efbb911a-59d7-54a0-816c-d0c9fbaa93e6.KAFVpAv6XiRdVXm-.tKy6yY7NAvztG6-oA_51dO4lyhqlmhu4BkLUAR_adhk
6988.EBA.994.002.AP.522191.001084 Jasa Alih Daya BPVP Padang,DRAFT,2026,"cf9f1067-9a4b-468b-b853-ca6cef66d35a, 73450e78-af77-44d3-9e0a-c90f12ee441e, 4db1d141-5f20-438f-90c7-c7e695f660a3, 90b24b7d-7918-4c7f-89aa-bcd60e33cb55",198,0,ON_PROCESS,Tidak,K34,BALAI PELATIHAN VOKASI DAN PRODUKTIVITAS PADANG,WA.6988.EBA.994.002.AP.522191,APBN,01KQ70BB661KKHV9TKKNFRXANE,939752550,65867795,4,01J9QMMBYE9D5DCFNMMGBYAJ48,089378,4048114,2026-04-29T00:00:00Z,"Dukungan Manajemen Direktorat Jenderal Pembinaan Pelatihan Vokasi dan Produktivitas, ",efbb911a-59d7-54a0-816c-d0c9fbaa93e6.KAFVpAv6XiRdVXm-.tKy6yY7NAvztG6-oA_51dO4lyhqlmhu4BkLUAR_adhk
Konsumsi Peserta Pelatihan 140 JP Reguler PNBP,DRAFT,2026,8c2b6024-3954-49d9-94a4-ad63660eb9e8,224,,CANCELLED,Tidak,K34,BALAI BESAR PELATIHAN VOKASI DAN PRODUKTIVITAS MEDAN,DL.4057.SCO.006.052.0A.521211,APBN,01KVJTN3DP6NSYTDBTM0EBECX4,4480000,66121266,1,01K7P0067ZG2CA6RAJ5KWNE08H,451094,0,2026-06-22T00:00:00Z,"Peningkatan Penyelenggaraan Pelatihan Vokasi dan Pemagangan Binalavotas, ",efbb911a-59d7-54a0-816c-d0c9fbaa93e6.KAFVpAv6XiRdVXm-.tKy6yY7NAvztG6-oA_51dO4lyhqlmhu4BkLUAR_adhk
Sosialisasi Ketenagakerjaan di Media,DRAFT,2026,ef88ede7-8c58-4e5d-b370-a7abe5329c64,200,,CANCELLED_ON_REVIEW,Tidak,K34,SEKRETARIAT JENDERAL KEMNAKER,WA.2163.EBA.958.054.0A.522191,APBN,01KJPGEPWQ5K32H20PQVNHDAC0,599999844,65135780,1,01JKEZVTDS9QBX7Q7Y0A95TCHH,450938,17682119,,"Peningkatan dan Pengelolaan Hubungan Masyarakat, ",efbb911a-59d7-54a0-816c-d0c9fbaa93e6.KAFVpAv6XiRdVXm-.tKy6yY7NAvztG6-oA_51dO4lyhqlmhu4BkLUAR_adhk
Jasa Event Organizer dan Multimedia,DRAFT,2026,c79543b8-efd2-497c-ac2b-ecc0189c1bc1,2,,CANCELLED_ON_NEGOTIATION,Tidak,K34,DITJEN. PEMBINAAN HUBUNGAN INDUSTRIAL DAN JAMINAN SOSIAL TENAGA KERJA,DN.5586.BDC.002.056.0C.522191,APBN,01KKJG077V2EPZT60HBMK5AJWV,3000000,66263354,1,01JHHE3CRNHK3NZG76G3T65V71,451270,83587619009,,"Peningkatan Penerapan Jaminan Sosial Tenaga Kerja dan Fasilitasi Kesejahteraan Pekerja, ",efbb911a-59d7-54a0-816c-d0c9fbaa93e6.KAFVpAv6XiRdVXm-.tKy6yY7NAvztG6-oA_51dO4lyhqlmhu4BkLUAR_adhk
Perpanjangan Lisensi Security Sandbox Analyzer (Fortinet),COMPLETED,2026,"f1e8d6a9-aa15-4ff9-9195-b637a3478120, ee545ecb-cc44-4fe8-9daa-8df7fad48712",2,0,COMPLETED,Ya,K34,BADAN PERENCANAAN DAN PENGEMBANGAN KETENAGAKERJAAN,DN.6766.FAB.001.055.0B.523199,APBN,01KPWDDTNNVE0E6QREFVQG0H3Z,700800000,63824675,2,01HZ1VP8CN51N1Z7KJDN000XFE,452677,0,2026-04-24T00:00:00Z,"Pengelolaan Data dan Teknologi Informasi Ketenagakerjaan, ",efbb911a-59d7-54a0-816c-d0c9fbaa93e6.KAFVpAv6XiRdVXm-.tKy6yY7NAvztG6-oA_51dO4lyhqlmhu4BkLUAR_adhk
Sosialisasi Ketenagakerjaan di Media,DRAFT,2026,b2a1580e-7b93-4e76-9e05-bfa5c4e31a50,40,0,ON_PROCESS,Tidak,K34,SEKRETARIAT JENDERAL KEMNAKER,WA.2163.EBA.958.054.0A.522191,APBN,01KXDNE1KXQWHCYZP9HVJKPSVW,119880000,65135780,1,01JV6HN18GTXS4H3ABXZTRVJAJ,450938,0,2026-07-14T00:00:00Z,"Peningkatan dan Pengelolaan Hubungan Masyarakat, ",efbb911a-59d7-54a0-816c-d0c9fbaa93e6.KAFVpAv6XiRdVXm-.tKy6yY7NAvztG6-oA_51dO4lyhqlmhu4BkLUAR_adhk
Belanja Bahan Pelaksanaan Sertifikasi Lulusan Pelatihan Vokasi (PNP),COMPLETED,2026,"c34932ff-8ff9-4cdd-a6ba-c2da28315481, 047da1ff-3edc-4855-9942-1d16ec6b2874, 37ed8f18-651e-494f-bd4c-ac83443df8ed, 8a6c4d10-0c4a-4773-9f53-0884590132c8, 4a08a393-b104-4109-8e90-120a8168895f, 8844cb3e-4df7-4b97-9fc8-a84ac5475fec, 5ebcd157-93b5-4559-bf49-fd277934e86b, a6604d31-831b-4800-8f0c-1143f37aff96, 5b486211-b847-43f0-97ad-3d48a2b63feb, f7b5bc64-1390-480e-921f-60ee83301d57, 166c236d-8c61-4ee1-8ee5-53658064e749, eb0c8d5c-e273-49e4-94c3-dddf9bbd3159, b2970dc0-a18d-4f80-92e8-656c497863dc, e4e76222-51a0-4637-98f3-d74425ceeec5, 215eb937-1339-42a7-b978-4e8831af4a09, 58984344-6f9f-487f-b21e-06d1a66e1baa, a86adcf8-d899-4270-a967-c31c6efa2c51, d3cd8347-1dd6-474c-9575-60166129ba74, 5609c5fd-f8d5-4eac-959c-90c47fd320aa, 1b31dada-4db0-4a33-bf7c-74a42818ea75, a5245bb5-1ac9-4e08-acc2-7b979d93391c, 8acf4d47-97d7-45bb-95f3-f5e9cc8e254a, 9a67cd03-e273-402c-b6f4-fbe1ccf76bfb, 69be835f-53a5-4c61-8231-63c927630070, 4ea4bda6-27ad-4cc2-8256-c5418a0801b1, 0f721eca-9935-4db1-ab62-ceb183f0adb1",202,222000,COMPLETED,Tidak,K34,BALAI BESAR PELATIHAN VOKASI DAN PRODUKTIVITAS SEMARANG,DL.4053.PDI.002.051.0A.521211,APBN,01KNKEA4BA680DZXNHZT55YFBH,5901870,66185662,26,01K2KX48KE5DQHRAJ0REG26EE5,452609,0,2026-04-08T00:00:00Z,"Pengembangan Sistem dan Pelaksanaan Sertifikasi Kompetensi Profesi Binalavotas, ",efbb911a-59d7-54a0-816c-d0c9fbaa93e6.KAFVpAv6XiRdVXm-.tKy6yY7NAvztG6-oA_51dO4lyhqlmhu4BkLUAR_adhk
"Tenaga Alih Daya, Petugas Kebersihan, Satpam dan Pengemudi BBPVP Bekasi",DRAFT,2026,800da0d7-7972-40c5-b409-ecfda9a00e33,180,0,ON_PROCESS,Tidak,K34,BALAI BESAR PELATIHAN VOKASI DAN PRODUKTIVITAS BEKASI,WA.6988.EBA.994.002.0C.521111,APBN,01KEF36PSV6FYX8Q5F18R4EZ1R,1001880000,62766537,1,01JC8KDBH4685PYMEV9T7SM5ZV,452558,15594127,2026-01-09T00:00:00Z,"Dukungan Manajemen Direktorat Jenderal Pembinaan Pelatihan Vokasi dan Produktivitas, ",efbb911a-59d7-54a0-816c-d0c9fbaa93e6.KAFVpAv6XiRdVXm-.tKy6yY7NAvztG6-oA_51dO4lyhqlmhu4BkLUAR_adhk
Belanja Bahan TMT Klaster,COMPLETED,2026,"f7030a32-b4a1-4e3e-ba80-34f99b373799, 5b486211-b847-43f0-97ad-3d48a2b63feb, 282238f4-5c9f-4a35-b583-b16b313e1c9a, 2e6e73ef-9b1a-4333-adf4-9e5c2b470228, c34932ff-8ff9-4cdd-a6ba-c2da28315481, 9d81b28c-af8a-4124-baa8-21113f9fe418, 4615043f-d8e2-4f85-bc34-63ab586b21f4, ba86cbda-c155-4198-a64a-6e25a72bf12a, 9e6302a4-c618-4e21-8096-d658f7f91c96, 29bb9e0e-82e3-483f-866a-5e335bb62697, 75b70968-7506-4cd6-b311-7bf2634be4f7, 66ae3ffe-e82e-4428-ab3f-b0ebe4de9f3e, d3a3d576-1fe1-4c1b-9ba1-74cb8d333151, 508d3ebd-ab99-41a7-8bc4-91e4b13f334a, 0f721eca-9935-4db1-ab62-ceb183f0adb1, 55419760-355f-4153-85a6-5a4ae24a6083, 89df04ef-d9ee-415b-9301-63130e6910ae, 1aff7478-2be3-46c9-a690-4bc4f97c0613, 10d54e24-81e8-495f-b12b-ba7f39470cbd, b2970dc0-a18d-4f80-92e8-656c497863dc, 8af70d2b-531b-4f63-be6a-d98ea54f51ab, 026f721c-c6d0-436c-9552-4dcf27d43f99, 3946371f-f3b7-46dd-8c50-a8229a5560bc, ad2f3a4d-58bc-4db4-ac09-d4aa9f079c1c, 947675cf-0038-4b85-80d8-a042b2cefe08, 52517b6e-e15d-4b32-b6d3-7c2f18908b25, fab12e9b-7943-4adc-8a08-fe5c4dba13d4, 5ebcd157-93b5-4559-bf49-fd277934e86b, 219e2828-4d20-428c-93e3-58fd79415a1c, 215eb937-1339-42a7-b978-4e8831af4a09, c3a4aa1c-9e05-4bdb-8648-0c93783a9ae6, 291c01b3-f164-48e9-9f64-38ce8a8df92c, 61cd206f-825d-4970-ab51-f3cc21c864a3, a0526701-eb2c-45c0-8e98-43e0b5c46810, 4a08a393-b104-4109-8e90-120a8168895f, beff7c36-abc1-4d0b-a5f0-7950f7fc778d, b720f8c3-118d-48bf-8e2a-e2e59c192db5, 0f1be638-01ed-4c32-918d-ecc0959e4fd1, eb0c8d5c-e273-49e4-94c3-dddf9bbd3159, 2bb0e0b7-c2ab-46ba-9f19-1d2a99f099bc, e8d3490b-9677-4524-a233-94375cd0fb54, 89913618-6cd1-4242-82ee-2fbbfd5f7f0b, c33b88ff-d2ff-4ae9-9dcd-b5a18111b2ad, 8e17960d-a724-4aaf-951b-6ec2eb7f8f1f, e3be2ffa-1e92-484c-a5f8-4067069a1223, 7b6bb142-ec88-4f89-9391-8d007007a7fc, 1c2bab09-a56d-4bbd-8a63-95d683a6edde, e77ce900-5ae8-4579-bad0-03a5d5a4429e, 5f47aba4-2a2a-4140-89f8-0ac4ecfe8e44, 1545c73d-a512-4d0b-a319-a14cbcfa6dd4, 4a0355b8-197c-4622-9db9-756048a4db53, e8a7cab2-8c00-4ade-b775-c12007e32185, be6ee234-6225-4645-9fb8-92fe4b8f8fe2, cb4234c6-87a7-42a6-bc38-1c4f164bee4a, a3653d77-ee2f-4a08-a55a-65436013bd77, 1bc977c5-fd63-4692-ad3f-e7d782c192ba, 3483588c-6df1-4caf-a9fb-bfbc0e6af225, 66e7900c-69e2-4704-9ead-273be6a9be83, 6aec2473-8af3-47ee-b185-a991462c6ddf",314,277500,COMPLETED,Tidak,K34,BALAI BESAR PELATIHAN VOKASI DAN PRODUKTIVITAS SEMARANG,DL.4057.SCO.003.053.0A.521211,APBN,01KKZE3PTZ0KM17TGC52TFE5AK,6954705,66185950,59,01K2KX48KE5DQHRAJ0REG26EE5,452609,0,2026-03-18T00:00:00Z,"Peningkatan Penyelenggaraan Pelatihan Vokasi dan Pemagangan Binalavotas, ",efbb911a-59d7-54a0-816c-d0c9fbaa93e6.KAFVpAv6XiRdVXm-.tKy6yY7NAvztG6-oA_51dO4lyhqlmhu4BkLUAR_adhk
Paket Meeting Fullboard Dialog Isu Aktual (Luar Kota),COMPLETED,2026,aaf637e2-7833-4e31-a495-27a024b375eb,69,0,PAYMENT_OUTSIDE_SYSTEM,Tidak,K34,DITJEN PHI DAN JAMSOS,DN.2181.BDC.001.052.0B.524119,APBN,01KRD2KXTTCKYBXJT5K6TXG6JE,64170000,65846692,1,01JV45TZ8JH71VZR9VWFV34PH3,451310,0,2026-05-12T00:00:00Z,"Penyelesaian Perselisihan Hubungan Industrial, ",efbb911a-59d7-54a0-816c-d0c9fbaa93e6.KAFVpAv6XiRdVXm-.tKy6yY7NAvztG6-oA_51dO4lyhqlmhu4BkLUAR_adhk
Belanja Bahan Pelatihan Vokasi Bidang Industri dan Jasa Reguler,COMPLETED,2026,0996ae06-e91c-42d0-b0fa-a4f3e4940536,384,0,COMPLETED,Tidak,K34,BALAI BESAR PELATIHAN VOKASI DAN PRODUKTIVITAS SEMARANG,DL.4057.SCO.003.052.0A.521211,APBN,01KHAEZ4GYSFJHPRKDFA3T7C98,57968640,62804537,1,01JA9PQ0TDDYKB5K8QC1VDSWVA,452609,6064042,2026-02-13T00:00:00Z,"Peningkatan Penyelenggaraan Pelatihan Vokasi dan Pemagangan Binalavotas, ",efbb911a-59d7-54a0-816c-d0c9fbaa93e6.KAFVpAv6XiRdVXm-.tKy6yY7NAvztG6-oA_51dO4lyhqlmhu4BkLUAR_adhk
Pembuatan Monitoring dan Analisis Media Sosial,DRAFT,2026,3134d662-f1e0-403f-8cac-8baaca78c1e5,12,0,ON_PROCESS,Tidak,K34,SEKRETARIAT JENDERAL KEMNAKER,WA.2163.EBA.958.051.0B.522191,APBN,01KFWTX40B56CSF07F63RS9PT9,169963200,63764516,1,01K0XCT0M8MB10SK1M5P0CK61Y,450938,0,2026-01-28T00:00:00Z,"Peningkatan dan Pengelolaan Hubungan Masyarakat, ",efbb911a-59d7-54a0-816c-d0c9fbaa93e6.KAFVpAv6XiRdVXm-.tKy6yY7NAvztG6-oA_51dO4lyhqlmhu4BkLUAR_adhk
Paket Meeting Fullboard Dialog Penanganan (Dalam Kota),DRAFT,2026,50764be1-9eec-4821-859f-e589dc639d23,182,,CANCELLED_ON_REVIEW,Tidak,K34,DITJEN PHI DAN JAMSOS,DN.2181.BDC.001.051.0C.524114,APBN,01KR2NF7PW1Z8J8VWDXEBP4V8E,182000000,65857294,1,01JV9MFT7BV8763M6KDMF07R1N,451310,0,,"Penyelesaian Perselisihan Hubungan Industrial, ",efbb911a-59d7-54a0-816c-d0c9fbaa93e6.KAFVpAv6XiRdVXm-.tKy6yY7NAvztG6-oA_51dO4lyhqlmhu4BkLUAR_adhk
Belanja Bahan Pelatihan Vokasi Bidang Industri dan Jasa Reguler,COMPLETED,2026,44ffcca1-045b-45e8-9c6a-e0bbafb0a26c,500,0,COMPLETED,Tidak,K34,BALAI BESAR PELATIHAN VOKASI DAN PRODUKTIVITAS SEMARANG,DL.4057.SCO.003.052.0A.521211,APBN,01KN3JCG1KJPDHD05QKWZBZ0G7,9875000,65956099,1,01JD1DPS3DQ3D3DJDAWYB2WY5Z,452609,306766009,2026-04-01T00:00:00Z,"Peningkatan Penyelenggaraan Pelatihan Vokasi dan Pemagangan Binalavotas, ",efbb911a-59d7-54a0-816c-d0c9fbaa93e6.KAFVpAv6XiRdVXm-.tKy6yY7NAvztG6-oA_51dO4lyhqlmhu4BkLUAR_adhk
Belanja Jasa Lainnya Tenaga Alih Daya,DRAFT,2026,de2fe06e-c1d3-47f8-9c4b-24a5fc369c20,72,0,ON_PROCESS,Tidak,K34,Sekretariat Badan Nasional Sertifikasi Profesi,WA.6988.EBA.994.002.0A.522191,APBN,01KF0CQZEDJ0S7WB10MBT614NG,643895856,63554509,1,01JCF7KZC856GBJ27DTAKDJR7Q,452533,695260,2026-01-16T00:00:00Z,"Dukungan Manajemen Direktorat Jenderal Pembinaan Pelatihan Vokasi dan Produktivitas, ",efbb911a-59d7-54a0-816c-d0c9fbaa93e6.KAFVpAv6XiRdVXm-.tKy6yY7NAvztG6-oA_51dO4lyhqlmhu4BkLUAR_adhk
Bahan pengujian,DRAFT,2026,"e1468cf0-96d7-4e46-bbca-fbcb3fe591e5, 76a04220-ba71-4260-b73f-8ca610058d27, cba478c5-580e-48f8-8bc1-073d9ca5c537, d5f9d366-cd14-4572-b109-737402dd46e9, 15e40200-8432-4daa-857b-b0e7f5fe763e, 8c9d172c-aead-40df-89ee-1863cf682fb2, 499c9f60-4ca7-4127-a9b4-687c5550d2db, 12975445-b4fb-4ff4-9501-4e87951b7fe1, 33cdd35d-d74e-4fb4-a766-5d1e2a7341c1, 4bf0dca7-1cad-404c-97e5-e2eedbb7a8bd, 891519ca-6498-4cc5-9668-086f978ec8e6, 21d13db6-7fba-47e2-af23-2fdfd3ffde87, 57a70296-a849-43cc-b595-3d1130fb27f7, 1b89ab89-abb3-4112-8d65-71bb5256ec1a, 9ee2711d-b17f-46c8-8bc6-ed29da6a65ff, ba9aa135-a178-48fe-90ec-abf33eab390d, 6a6bf494-2233-4293-bdc0-f84eab5d51fe, ac4934ea-f804-4fba-81a5-dac8eb49bfd1, 6f347cb6-189d-4249-84ce-5bd71966495c, dc1f16e9-ce31-49fe-9ea2-b1d41129ec5b, 6f109083-4d5c-4cfe-9d34-c76c59414f3a, eedfd864-ca98-457a-8f37-e36c3d2bcb9b",101,,CANCELLED_ON_REVIEW,Tidak,K34,BALAI KESELAMATAN DAN KESEHATAN KERJA BANDUNG,DN.6592.QAC.001.051.0A.521811,APBN,01KKAK9JRZ4DVSC3DXF53GCSDH,62639520,63147455,26,01JRYDSFP5H1B3JRX8TDT7NW32,350079,92458009,,"Pengujian Keselamatan dan Kesehatan Kerja, ",efbb911a-59d7-54a0-816c-d0c9fbaa93e6.KAFVpAv6XiRdVXm-.tKy6yY7NAvztG6-oA_51dO4lyhqlmhu4BkLUAR_adhk
Pengadaan Tenaga Alih Daya Direktorat PPTKA,DRAFT,2026,380cf21c-833f-4e85-a403-33637c197154,372,0,ON_PROCESS,Tidak,K34,DITJEN PEMBINAAN PENEMPATAN TENAGA KERJA DAN PERLUASAN KESEMPATAN KERJA,DN.2177.BDC.002.051.0A.522191,APBN,01KDSG8X328F5VN3WKPFMTMFBG,2921540316,62573495,2,01J9BW7ABFBQYNN06PZDFA27F3,451139,680105,2025-12-31T00:00:00Z,"Peningkatan Pengendalian Penggunaan Tenaga Kerja Asing, ",efbb911a-59d7-54a0-816c-d0c9fbaa93e6.KAFVpAv6XiRdVXm-.tKy6yY7NAvztG6-oA_51dO4lyhqlmhu4BkLUAR_adhk
"Fullboard Moderator, Panitia Penyelenggara dan Peserta",COMPLETED,2026,147eddd3-dd90-43be-a456-f6a4c8cf1579,68,0,COMPLETED,Tidak,K34,DITJEN PHI DAN JAMSOS,DN.6587.QDH.002.052.0A.524119,APBN,01KK8VEATCA198WXP4Q5QDZYC7,54400000,66124023,1,01JTQ03B4HSSZPS2F1T8ACCP0J,451310,0,2026-03-10T00:00:00Z,"Peningkatan Pembinaan Hubungan Kerja dan Penerapan Pengupahan, ",efbb911a-59d7-54a0-816c-d0c9fbaa93e6.KAFVpAv6XiRdVXm-.tKy6yY7NAvztG6-oA_51dO4lyhqlmhu4BkLUAR_adhk
Pengadaan Pakaian Kerja dan Kaos Peserta Pelatihan (189 Paket),COMPLETED,2026,dbed8759-b7be-4c27-a876-fd30e16cfc2c,704,0,PAYMENT_OUTSIDE_SYSTEM,Tidak,K34,BALAI BESAR PELATIHAN VOKASI DAN PRODUKTIVITAS SERANG,"DL.4057.SCO.003.051.0A.521211, DL.4057.SCO.003.051.0B.521211, DL.4057.SCO.003.052.0A.521211, DL.4057.SCO.003.052.0C.521211, DL.4057.SCO.003.053.0A.521211, DL.4057.SCO.003.053.0B.521211, DL.4057.SCO.003.054.0A.521211, DL.4057.SCO.005.052.0A.521211, DL.4057.SCO.005.052.0C.521211, DL.4057.SCO.007.052.0A.521211, DL.4057.SCO.007.052.0C.521211, DL.4057.SCO.008.052.0A.521211, DL.4057.SCO.008.052.0B.521211, DL.4057.SCO.035.051.0B.521211, DL.4057.SCO.035.054.0B.521211, DL.4057.SCO.035.055.0B.521211, DL.4057.SCO.035.056.0B.521211",APBN,01KWKAM3FW4WY7WW2661G2WNJR,69938880,63093792,2,01JBGDSJNXNZCRFFDHX1P49CE2,426531,16727127,2026-07-07T00:00:00Z,"Peningkatan Penyelenggaraan Pelatihan Vokasi dan Pemagangan Binalavotas, ",efbb911a-59d7-54a0-816c-d0c9fbaa93e6.KAFVpAv6XiRdVXm-.tKy6yY7NAvztG6-oA_51dO4lyhqlmhu4BkLUAR_adhk
Biaya Konsumsi Penyelenggaraan Diklat - Pelatihan PKA,COMPLETED,2026,"7a9f525c-01af-4fbe-8ab2-10feb98f014f, 9e9d576e-920d-4dea-b8a1-87f76b6980bc",3761,0,COMPLETED,Tidak,K34,PUSAT PENGEMBANGAN SUMBER DAYA MANUSIA KETENAGAKERJAAN,WA.2165.EBC.996.052.0B.521211,APBN,01KSSQQ8DE3WYS2MHASNZZN50X,123140000,67220314,2,01JCZ4B40RAC58Y2DRVV7EJ7S8,450990,45893009,2026-05-29T00:00:00Z,"Peningkatan Kualitas Sumber Daya Manusia (SDM) Aparatur, ",efbb911a-59d7-54a0-816c-d0c9fbaa93e6.KAFVpAv6XiRdVXm-.tKy6yY7NAvztG6-oA_51dO4lyhqlmhu4BkLUAR_adhk
Bahan Pelatihan Tailor Made Training 40 JP,COMPLETED,2026,6c33edea-dca5-4606-be31-07be172de33c,2,0,COMPLETED,Tidak,K34,BALAI PELATIHAN VOKASI DAN PRODUKTIVITAS SIDOARJO,DL.4057.SCO.003.053.0B.521211,APBN,01KMQ0ZBK1EKAWWP1EN48V6Y6W,19696506,66474105,1,01JAYK7BA0MEZ4014EFKCTSSY8,050302,759449,2026-03-27T00:00:00Z,"Peningkatan Penyelenggaraan Pelatihan Vokasi dan Pemagangan Binalavotas, ",efbb911a-59d7-54a0-816c-d0c9fbaa93e6.KAFVpAv6XiRdVXm-.tKy6yY7NAvztG6-oA_51dO4lyhqlmhu4BkLUAR_adhk
Perpanjangan Lisensi Perangkat Firewall Campus (Fortinet) ,DRAFT,2026,"9f8491a0-c6ef-462f-ba17-408cd90717d7, 22dddcaa-a70b-4a18-9955-ece8e78773ae",6,0,ON_PROCESS,Ya,K34,BADAN PERENCANAAN DAN PENGEMBANGAN KETENAGAKERJAAN,DN.6766.FAB.001.055.0B.523199,APBN,01KSHWVMPYY0XYMFS5XFM8B5FZ,5199240000,67153201,4,01J9R2RA1XTEKDP86TS2PPTHK9,452677,26114127,2026-05-26T00:00:00Z,"Pengelolaan Data dan Teknologi Informasi Ketenagakerjaan, ",efbb911a-59d7-54a0-816c-d0c9fbaa93e6.KAFVpAv6XiRdVXm-.tKy6yY7NAvztG6-oA_51dO4lyhqlmhu4BkLUAR_adhk
Belanja Bahan TMT Klaster,COMPLETED,2026,"4810a691-1067-4b53-84f3-bdbd0941a0ca, 6a551cc4-3746-4fd5-82ca-72c0abf7b458, 032a532b-2803-466b-87bc-4cec03a9f828, f40cbdfb-4f60-4681-81ac-17fecf721d63, 1c649746-35de-43b6-b636-416cb6af13ea, 36888866-22eb-48cf-aaf6-425ff95a9564, fab17c70-af5c-4f92-9ffe-335cb0e2ca98, 054461b3-7c95-45a3-afe4-03a7198cd27c, 35178a8f-4576-43be-a9d6-9617e14b1fb4, 5dbecf76-1bc7-4863-9349-c11725c2013d, 7936dfe4-e689-442b-ba6a-9eef82ced981, d88cbba5-cae9-43c1-8bd9-e415c4b5293d, c712becd-83f8-4984-8ada-99227c70203f, df70f92b-a822-4956-8af7-0bf9ef08fe35, 04bcfa0b-8fab-4b7d-a32f-fcb2f7f55eff, eb7fbeec-962a-4151-b508-72c1e0916df9, 5c5c7b2b-9e88-4d0d-9557-08e9be7630ba, ec1e3203-19c6-4329-8625-dc643bd7e63e, 6c587917-ef82-49ac-bd75-ccf466797164",714,154290,COMPLETED,Tidak,K34,BALAI BESAR PELATIHAN VOKASI DAN PRODUKTIVITAS SEMARANG,DL.4057.SCO.003.053.0A.521211,APBN,01KKZJ9Z00RE6VDV8NTWA29TVE,19011814,66185950,19,01JYDESZTP0YA22FBCZT8CDSRE,452609,0,2026-03-18T00:00:00Z,"Peningkatan Penyelenggaraan Pelatihan Vokasi dan Pemagangan Binalavotas, ",efbb911a-59d7-54a0-816c-d0c9fbaa93e6.KAFVpAv6XiRdVXm-.tKy6yY7NAvztG6-oA_51dO4lyhqlmhu4BkLUAR_adhk
Paket Meeting Fullboard Peserta dan Panitia,COMPLETED,2026,f14f9c95-825c-44b1-825e-e58da4b33cfc,80,0,COMPLETED,Tidak,K34,DITJEN PHI DAN JAMSOS,DN.5586.BDC.001.051.0A.524119,APBN,01KKAX7X49SNGJY1FTC3YXXZJS,77600000,66262516,1,01JYNQ0ESHE44MATYS4Z1RP0QN,451310,0,2026-03-11T00:00:00Z,"Peningkatan Penerapan Jaminan Sosial Tenaga Kerja dan Fasilitasi Kesejahteraan Pekerja, ",efbb911a-59d7-54a0-816c-d0c9fbaa93e6.KAFVpAv6XiRdVXm-.tKy6yY7NAvztG6-oA_51dO4lyhqlmhu4BkLUAR_adhk
Belanja Bahan Teknisi Berdurasi Panjang,COMPLETED,2026,0996ae06-e91c-42d0-b0fa-a4f3e4940536,32,0,COMPLETED,Tidak,K34,BALAI BESAR PELATIHAN VOKASI DAN PRODUKTIVITAS SEMARANG,DL.4057.SCO.005.054.0B.521211,APBN,01KPA04JJ6RB6VZGT73K3B62AV,4795200,66186207,1,01JA9PQ0TDDYKB5K8QC1VDSWVA,452609,6064042,2026-04-16T00:00:00Z,"Peningkatan Penyelenggaraan Pelatihan Vokasi dan Pemagangan Binalavotas, ",efbb911a-59d7-54a0-816c-d0c9fbaa93e6.KAFVpAv6XiRdVXm-.tKy6yY7NAvztG6-oA_51dO4lyhqlmhu4BkLUAR_adhk
Belanja Sewa BDC 003,DRAFT,2026,"3a1dbde1-b8c2-494b-a1e4-39e7f197b38a, 3721513d-917d-43f8-803d-ba71d069fe83, ba5ff9a4-91f5-4ddf-a3b0-217303c55c20",200,,CANCELLED_ON_NEGOTIATION,Tidak,K34,DIREKTORAT BINA PERLUASAN KESEMPATAN KERJA,DN.2175.BDC.003.051.0A.522141,APBN,01KFJCRBXQ7GCJRYDA2CEG4KHE,215000051,64139126,3,01HRXRSGFR2F4NH0S9KQF03NP1,626041,0,,"Perluasan Kesempatan Kerja, ",efbb911a-59d7-54a0-816c-d0c9fbaa93e6.KAFVpAv6XiRdVXm-.tKy6yY7NAvztG6-oA_51dO4lyhqlmhu4BkLUAR_adhk
Pengadaan Bahan Sertifikasi Lulusan (231 Paket),COMPLETED,2026,"c8070e1f-5d64-4dac-bbfd-0ad8cc93c3cc, 0de6d5cc-66c3-4540-aeb4-f567c5197116, 998c0458-dbfc-449e-9ed1-f87155d44f87, 231b7930-46bc-451e-a009-f3ef38bf8861, 52c06a0a-1162-40be-869a-f86f94afaebf, fd54d993-18c4-4a48-b9a1-ab1e1089e15f, 7b047fa0-b940-4d9d-a7c0-1707c11fe788, 87f6a325-81e7-42e3-933c-ba3673c66be3, 725ea78b-03d5-40fb-92e0-5a080d03649b, 26a39868-99b6-4663-9445-0dd8791addd0, ab5ad1f9-724a-4020-969e-a9c43e728713",48,0,COMPLETED,Tidak,K34,BALAI BESAR PELATIHAN VOKASI DAN PRODUKTIVITAS SERANG,"DL.4053.PDI.002.051.0A.521211, DL.4053.PDI.002.051.0B.521211, DL.4053.PDI.003.051.0A.521211",APBN,01KQ6M9CJ6H84HD8VAWVFHX51P,4467195,63091859,11,01JRS73EC81MM9JM6Z4608CME9,426531,26434127,2026-04-29T00:00:00Z,"Pengembangan Sistem dan Pelaksanaan Sertifikasi Kompetensi Profesi Binalavotas, ",efbb911a-59d7-54a0-816c-d0c9fbaa93e6.KAFVpAv6XiRdVXm-.tKy6yY7NAvztG6-oA_51dO4lyhqlmhu4BkLUAR_adhk
Belanja Bahan TMT Reguler,COMPLETED,2026,"9d63a329-fb0f-4952-a927-32ca85354219, 622efa8f-316d-4917-a20f-80f7212d3f7c, 6345853a-8cdb-47c2-80ca-f4ec52873e2e, eb7fbeec-962a-4151-b508-72c1e0916df9, d24af90a-ef79-4bda-ae8b-d2abe9abd257, 8e44302b-b195-4fd3-ad09-ae7979d5dcd2, b0085936-1f2e-41e8-9d1b-7f9b759cc2e1, 5ee15946-8e8a-4c78-ba3d-b5d5489391da, d88cbba5-cae9-43c1-8bd9-e415c4b5293d, 353f7119-d1bf-46e8-a431-57ecdb733dce, 71557448-e109-4ec3-874d-917306317b70, b700f7d9-a733-4cd4-9ae8-c786e34edfcc, fa10a8a1-cd44-4277-86ea-86ef2659ba0e, db22f34d-6b6c-451c-a5c6-5184e0bb3132",4029,499500,COMPLETED,Tidak,K34,BALAI BESAR PELATIHAN VOKASI DAN PRODUKTIVITAS SEMARANG,DL.4057.SCO.003.053.0B.521211,APBN,01KW10FTHB8RXM2KGN6VW05MA2,33656643,65960012,14,01JYDESZTP0YA22FBCZT8CDSRE,452609,0,2026-06-26T00:00:00Z,"Peningkatan Penyelenggaraan Pelatihan Vokasi dan Pemagangan Binalavotas, ",efbb911a-59d7-54a0-816c-d0c9fbaa93e6.KAFVpAv6XiRdVXm-.tKy6yY7NAvztG6-oA_51dO4lyhqlmhu4BkLUAR_adhk
Belanja Konsumsi PBK di BLKI Balikpapan,DRAFT,2026,"4e9510b7-3e40-4ffa-9f68-ef8dab7fa37f, b3c6dbfe-ec9f-4148-be5a-1cc55b358c07",1760,0,ON_PROCESS,Tidak,K34,BALAI PELATIHAN VOKASI DAN PRODUKTIVITAS SAMARINDA,"DL.4057.SCO.024.053.0A.521211, DL.4057.SCO.024.053.0B.521211",APBN,01KMYT0BPQ51A5EJ5V98YEWPC1,42880000,66399280,2,01JK894Z8W8Q339NYF853HB7YX,451108,73402009,2026-03-31T00:00:00Z,"Peningkatan Penyelenggaraan Pelatihan Vokasi dan Pemagangan Binalavotas, ",efbb911a-59d7-54a0-816c-d0c9fbaa93e6.KAFVpAv6XiRdVXm-.tKy6yY7NAvztG6-oA_51dO4lyhqlmhu4BkLUAR_adhk
Belanja Bahan Pelaksanaan Sertifikasi Lulusan Pelatihan Vokasi (PNP),COMPLETED,2026,"bd71b4db-03aa-4109-b983-203426bb9fae, 5dbecf76-1bc7-4863-9349-c11725c2013d, 032a532b-2803-466b-87bc-4cec03a9f828, cd471681-8a41-4db6-81c8-888849074031, 76a0766c-3528-49dd-8f0c-64456c86405d, 801da1ec-cd84-4a2f-91cf-69db65f233a4, c712becd-83f8-4984-8ada-99227c70203f, d88cbba5-cae9-43c1-8bd9-e415c4b5293d, 6c587917-ef82-49ac-bd75-ccf466797164",141,48840,COMPLETED,Tidak,K34,BALAI BESAR PELATIHAN VOKASI DAN PRODUKTIVITAS SEMARANG,DL.4053.PDI.002.051.0A.521211,APBN,01KMZ00SGWEYYZFQE8S6509XPG,2567430,66185662,9,01JYDESZTP0YA22FBCZT8CDSRE,452609,0,2026-04-01T00:00:00Z,"Pengembangan Sistem dan Pelaksanaan Sertifikasi Kompetensi Profesi Binalavotas, ",efbb911a-59d7-54a0-816c-d0c9fbaa93e6.KAFVpAv6XiRdVXm-.tKy6yY7NAvztG6-oA_51dO4lyhqlmhu4BkLUAR_adhk
Langganan Layanan Bandwidth Rumah Dinas Pimpinan 2,DRAFT,2026,18363f65-2dda-4cf9-b985-18d53bf6c9e9,12,0,ON_PROCESS,Tidak,K34,BADAN PERENCANAAN DAN PENGEMBANGAN KETENAGAKERJAAN,WA.6624.EBA.994.002.BC.522119,APBN,01KDPRS2HMBNASG70F9Z123GPB,120000000,62540501,1,01J9ARYBFRM5PHXQ5MVCCQQKT9,452677,3196119,2025-12-31T00:00:00Z,"Dukungan Manajemen Badan Perencanaan dan Pengembangan Ketenagakerjaan, ",efbb911a-59d7-54a0-816c-d0c9fbaa93e6.KAFVpAv6XiRdVXm-.tKy6yY7NAvztG6-oA_51dO4lyhqlmhu4BkLUAR_adhk
Pelatihan Vokasi di Provinsi Jawa Timur UPT BLK Kota Probolinggo,COMPLETED,2026,78e90d9d-b698-4506-b523-5aedae91196e,112,0,PAYMENT_OUTSIDE_SYSTEM,Tidak,K34,BALAI PELATIHAN VOKASI DAN PRODUKTIVITAS BANYUWANGI,DL.4057.SCO.013.066.OA.521211,APBN,01KVVQR0KR70SCKQZ3VATHZS7H,11188800,62259233,1,01JBKH492JYBJ6CW40PRGBN2BK,051102,298250009,2026-06-24T00:00:00Z,"Peningkatan Penyelenggaraan Pelatihan Vokasi dan Pemagangan Binalavotas, ",efbb911a-59d7-54a0-816c-d0c9fbaa93e6.qkDEEBpJMtrHFhah.-QBXnUkB9SfkIdZzLxWVlShCVw4xNZejRzrwBZ7qkhY
"Paket Fullboard Meeting Moderator, Penyelenggara dan Peserta Dialog Penguatan Pembentukan LKS Bipartit di Perusahaan  ",DRAFT,2026,10780f4a-fbb7-44ae-a4aa-57dd78672f4c,114,,CANCELLED,Tidak,K34,DITJEN. PEMBINAAN HUBUNGAN INDUSTRIAL DAN JAMINAN SOSIAL TENAGA KERJA,DN.2179.QDC.001.051.0A.524119,APBN,01KNNNAYN26591WQXMG9GV2FFK,106590000,65990428,1,01K9EGZFBT33Q88G2QA7HN9AV4,451270,0,2026-04-09T00:00:00Z,"Penguatan Kelembagaan dan Pencegahan Perselisihan Hubungan Industrial, ",efbb911a-59d7-54a0-816c-d0c9fbaa93e6.qkDEEBpJMtrHFhah.-QBXnUkB9SfkIdZzLxWVlShCVw4xNZejRzrwBZ7qkhY
Pengadaan Pakaian Kerja,COMPLETED,2026,b1cab9d4-2e5b-424e-a12c-0b2872eadc29,48,0,PAYMENT_OUTSIDE_SYSTEM,Tidak,K34,BALAI PELATIHAN VOKASI DAN PRODUKTIVITAS BANYUWANGI,DL.4057.SCO.030.053.0A.521211,APBN,01KXMAPNZTW9STV1GDM64K607T,8524800,67490869,1,01KG6Z2Y2HXW00E075AVX7D7YD,051102,0,2026-07-16T00:00:00Z,"Peningkatan Penyelenggaraan Pelatihan Vokasi dan Pemagangan Binalavotas, ",efbb911a-59d7-54a0-816c-d0c9fbaa93e6.qkDEEBpJMtrHFhah.-QBXnUkB9SfkIdZzLxWVlShCVw4xNZejRzrwBZ7qkhY
Belanja Bahan Pelatihan TMT,COMPLETED,2026,bba19caa-2e5f-4fe3-8566-cad5eb6ff7c1,160,0,COMPLETED,Tidak,K34,BALAI BESAR PELATIHAN VOKASI DAN PRODUKTIVITAS SEMARANG,DL.4057.SCO.003.054.0C.521211,APBN,01KPA1NW55T99YCDE5WQX9J7H0,19180800,66020897,1,01JE807JKC4M4B83DQ1RGSEQW5,452609,2413108,2026-04-17T00:00:00Z,"Peningkatan Penyelenggaraan Pelatihan Vokasi dan Pemagangan Binalavotas, ",efbb911a-59d7-54a0-816c-d0c9fbaa93e6.qkDEEBpJMtrHFhah.-QBXnUkB9SfkIdZzLxWVlShCVw4xNZejRzrwBZ7qkhY
"Pengadaan Bahan Pelatihan TMT, PBL, dan PBK Batch 1 BPVP Belitung",COMPLETED,2026,53f3802a-78d8-4719-869e-70a4d52a6329,1,0,PAYMENT_OUTSIDE_SYSTEM,Ya,K34,BALAI PELATIHAN VOKASI DAN PRODUKTIVITAS BELITUNG,"DL.4057.SCO.003.051.0B.521211, DL.4057.SCO.003.052.0A.521211, DL.4057.SCO.003.053.0B.521211",APBN,01KMQH5QFZ8YR3G1Q6Y9RDKVAR,27594600,66567912,1,01J35946FPF71R4AAVCANEDHTY,352631,0,2026-03-28T00:00:00Z,,efbb911a-59d7-54a0-816c-d0c9fbaa93e6.qkDEEBpJMtrHFhah.-QBXnUkB9SfkIdZzLxWVlShCVw4xNZejRzrwBZ7qkhY
Pakaian Kerja Project Based Learning,DRAFT,2026,0de49d34-ebbf-42c0-8214-7818ddae0814,480,,CANCELLED_ON_REVIEW,Tidak,K34,BALAI BESAR PELATIHAN VOKASI DAN PRODUKTIVITAS BANDUNG,DL.4057.SCO.003.051.0B.521211,APBN,01KK0YPXATKWWDRY2J9TKAMR96,71757504,63629896,1,01JJ60PW5XQT9D735C4V5K2XBN,452542,10244014,,"Peningkatan Penyelenggaraan Pelatihan Vokasi dan Pemagangan Binalavotas, ",efbb911a-59d7-54a0-816c-d0c9fbaa93e6.qkDEEBpJMtrHFhah.-QBXnUkB9SfkIdZzLxWVlShCVw4xNZejRzrwBZ7qkhY
Bahan Pelatihan Tailor Made Training 40 JP,COMPLETED,2026,abbcda2e-cc69-4a05-ac3b-329455d96c8b,3,166500,COMPLETED,Tidak,K34,BALAI PELATIHAN VOKASI DAN PRODUKTIVITAS SIDOARJO,DL.4057.SCO.003.053.0B.521211,APBN,01KMQ8VPEBGAFR8K58HMCT3C2E,28021284,66474105,1,01JAYK7BA0MEZ4014EFKCTSSY8,050302,759449,2026-03-30T00:00:00Z,"Peningkatan Penyelenggaraan Pelatihan Vokasi dan Pemagangan Binalavotas, ",efbb911a-59d7-54a0-816c-d0c9fbaa93e6.qkDEEBpJMtrHFhah.-QBXnUkB9SfkIdZzLxWVlShCVw4xNZejRzrwBZ7qkhY
Biaya Operasional Tenaga Alih Daya (Outsourcing) Wisma Karya Jasa Ciloto,DRAFT,2026,"83669868-ca7d-4ded-99d5-2f559f6d1627, 802b70c8-df45-4afb-b651-64ede218cdfc",198,0,ON_PROCESS,Tidak,K34,SEKRETARIAT JENDERAL KEMNAKER,WA.2158.EBA.994.002.0L.521111,APBN,01KDQ1QN7V2Z51TNPR3DXDTAFA,935133100,62329008,3,01KBEP5ZS97JXQ3E3619KYN5C4,450938,0,2026-01-02T00:00:00Z,"Peningkatan Pengelolaan dan Pelaporan Keuangan, ",efbb911a-59d7-54a0-816c-d0c9fbaa93e6.qkDEEBpJMtrHFhah.-QBXnUkB9SfkIdZzLxWVlShCVw4xNZejRzrwBZ7qkhY
Konsumsi Peserta Pelatihan (RM),DRAFT,2026,9d079815-bd96-43c1-b471-9f536452af11,7776,0,PAYMENT_OUTSIDE_SYSTEM,Tidak,K34,BALAI PELATIHAN VOKASI DAN PRODUKTIVITAS SAMARINDA,"DL.4057.SCO.003.051.0B.521211, DL.4057.SCO.003.052.0A.521211",APBN,01KV54TTZ618FMF1S5F3E8R8VG,193622400,66626893,1,01K5G0BRX7C57HJSJGGD0B0AS8,451108,0,2026-06-18T00:00:00Z,,efbb911a-59d7-54a0-816c-d0c9fbaa93e6.qkDEEBpJMtrHFhah.-QBXnUkB9SfkIdZzLxWVlShCVw4xNZejRzrwBZ7qkhY
"Paket Meeting Fullboard Peserta, Penyelenggara, dan Moderator",COMPLETED,2026,7eb1f8aa-c978-4e3a-9a21-6fff342920b5,80,0,COMPLETED,Tidak,K34,DITJEN. PEMBINAAN HUBUNGAN INDUSTRIAL DAN JAMINAN SOSIAL TENAGA KERJA,DN.6587.BDC.001.051.0C.524114,APBN,01KQ72NGCDWRKJC3YXY1KS3R7Z,72000000,66123883,1,01JWT0XF1S5MT1T2CT55CCQ5AW,451270,0,2026-04-27T00:00:00Z,"Peningkatan Pembinaan Hubungan Kerja dan Penerapan Pengupahan, ",efbb911a-59d7-54a0-816c-d0c9fbaa93e6.qkDEEBpJMtrHFhah.-QBXnUkB9SfkIdZzLxWVlShCVw4xNZejRzrwBZ7qkhY
"Honorarium Tenaga Alih Daya berupa Biaya Tenaga Kerja Security, Biaya Tenaga Kerja Driver, dan Biaya Tenaga Kerja Cleaning Service",DRAFT,2026,"52ef306e-e11a-4965-8798-c263887bf8c7, be82563d-7dd3-4da1-92a2-d5fc8d2ad571, b5191fb2-44f1-4ce3-8686-12d556f146ee",180,0,ON_PROCESS,Tidak,K34,BALAI PELATIHAN VOKASI DAN PRODUKTIVITAS PANGKEP,WA.6988.EBA.994.002.0A.521111,APBN,01KFD8FKBFQMR2TFVP1Z8BKRFH,982487040,63545248,3,01JF2XWSJ7CJM6G1V6WTTQ67FW,352630,1978234,2026-01-21T00:00:00Z,"Dukungan Manajemen Direktorat Jenderal Pembinaan Pelatihan Vokasi dan Produktivitas, ",efbb911a-59d7-54a0-816c-d0c9fbaa93e6.qkDEEBpJMtrHFhah.-QBXnUkB9SfkIdZzLxWVlShCVw4xNZejRzrwBZ7qkhY
Belanja Bahan PBK Reguler Luring,COMPLETED,2026,"8cf5180a-d754-4a0d-9440-53e8db368967, defc352d-1395-4f71-9fd7-9478ad262f54, a49c82f7-c82a-49b8-9052-00debab59fde, 5cadc38f-c046-44bb-8b6c-6441c4b13802, 1264d352-0858-4bfb-8cc2-3e013d8a512a, 68db1fa9-2620-451d-84fd-91e010feecf8, 81caea6a-0389-4b46-9284-81ac1ae4b776, a996b51e-5275-48a9-abc3-b48cf2d1ef01, 20f56777-0c71-4497-b526-4ae51ca966f6, 11580236-f148-4096-acf1-f2001d90a00e",10,0,COMPLETED,Tidak,K34,BALAI BESAR PELATIHAN VOKASI DAN PRODUKTIVITAS SEMARANG,DL.4057.SCO.005.052.0A.521211,APBN,01KN6GE9XPSC54JYB21P77XMWM,841602,66186051,10,01JY61XM4G13MY1MYNDAVFQ9B1,452609,0,2026-04-02T00:00:00Z,"Peningkatan Penyelenggaraan Pelatihan Vokasi dan Pemagangan Binalavotas, ",efbb911a-59d7-54a0-816c-d0c9fbaa93e6.qkDEEBpJMtrHFhah.-QBXnUkB9SfkIdZzLxWVlShCVw4xNZejRzrwBZ7qkhY
Bahan Pelatihan Tailor Made Training 40 JP A,COMPLETED,2026,6437c30f-de03-45c9-a6bf-9924e1aa6a0e,1,0,PAYMENT_OUTSIDE_SYSTEM,Tidak,K34,BALAI PELATIHAN VOKASI DAN PRODUKTIVITAS SIDOARJO,DL.4057.SCO.003.053.0A.521211,APBN,01KMTH9D12V9V29MPE5QG6K6D0,9268500,66473957,1,01JHHRZPE4EYNR91T2A4YDH7JS,050302,203207,2026-03-30T00:00:00Z,"Peningkatan Penyelenggaraan Pelatihan Vokasi dan Pemagangan Binalavotas, ",efbb911a-59d7-54a0-816c-d0c9fbaa93e6.qkDEEBpJMtrHFhah.-QBXnUkB9SfkIdZzLxWVlShCVw4xNZejRzrwBZ7qkhY
Pengadaan Bahan Sertifikasi Lulusan (231 Paket),COMPLETED,2026,"2b2a115b-684c-4cae-ae7a-631a8c59e5d1, 0137f977-8390-41a4-9294-e486931e22a0, d760c1a5-df2e-4190-a94f-40d72c774d76, bfed5a44-1395-4dc8-a83a-292e39325fa2, d00c8540-25ba-4fba-93ba-42d338afb117, 49112736-fb51-461b-9dfe-4965e993c69c",207,0,COMPLETED,Tidak,K34,BALAI BESAR PELATIHAN VOKASI DAN PRODUKTIVITAS SERANG,"DL.4053.PDI.002.051.0A.521211, DL.4053.PDI.002.051.0B.521211, DL.4053.PDI.003.051.0A.521211",APBN,01KPQM11T86XBH7AH8K962B6W9,23183460,63091859,7,01JBXJ59JWV0PQH49W23AFCSZ5,426531,348233009,2026-04-23T00:00:00Z,"Pengembangan Sistem dan Pelaksanaan Sertifikasi Kompetensi Profesi Binalavotas, ",efbb911a-59d7-54a0-816c-d0c9fbaa93e6.qkDEEBpJMtrHFhah.-QBXnUkB9SfkIdZzLxWVlShCVw4xNZejRzrwBZ7qkhY
Belanja Pengadaan Bahan Pelatihan UPTD Technopark Sragen,COMPLETED,2026,e5a0a48d-0349-448b-bbf3-634a096a943f,1,0,ON_PROCESS,Tidak,K34,BALAI PELATIHAN VOKASI DAN PRODUKTIVITAS SURAKARTA,DL.4057.SCO.011.057.0A.521211,APBN,01KXG4427YGFDZ2KVHT941TRM7,22500000,66297464,1,01JR9NJ3E5JK5JKT4A18PYKCVK,035636,0,2026-07-16T00:00:00Z,"Peningkatan Penyelenggaraan Pelatihan Vokasi dan Pemagangan Binalavotas, ",efbb911a-59d7-54a0-816c-d0c9fbaa93e6.qkDEEBpJMtrHFhah.-QBXnUkB9SfkIdZzLxWVlShCVw4xNZejRzrwBZ7qkhY
Pakaian Kerja,COMPLETED,2026,17a9ad3b-36ad-4808-86b1-bc51bfbdc0a7,464,0,PAYMENT_OUTSIDE_SYSTEM,Tidak,K34,BALAI PELATIHAN VOKASI DAN PRODUKTIVITAS LOMBOK TIMUR,DL.4057.SCO.003.052.0A.521211,APBN,01KN17G81RPM2RX8YS8MR8938J,77256000,63392136,1,01JYGPS1FZS5WAVV2XF7DF1GQ7,230302,0,2026-04-01T00:00:00Z,"Peningkatan Penyelenggaraan Pelatihan Vokasi dan Pemagangan Binalavotas, ",efbb911a-59d7-54a0-816c-d0c9fbaa93e6.qkDEEBpJMtrHFhah.-QBXnUkB9SfkIdZzLxWVlShCVw4xNZejRzrwBZ7qkhY
Belanja Bahan Pelaksanaan Sertifikasi Lulusan Pelatihan Vokasi (PNP),COMPLETED,2026,"f7b5bc64-1390-480e-921f-60ee83301d57, 166c236d-8c61-4ee1-8ee5-53658064e749, 047da1ff-3edc-4855-9942-1d16ec6b2874, 5ebcd157-93b5-4559-bf49-fd277934e86b, eb0c8d5c-e273-49e4-94c3-dddf9bbd3159, 5b486211-b847-43f0-97ad-3d48a2b63feb, 69be835f-53a5-4c61-8231-63c927630070, 4ea4bda6-27ad-4cc2-8256-c5418a0801b1, a5245bb5-1ac9-4e08-acc2-7b979d93391c, c34932ff-8ff9-4cdd-a6ba-c2da28315481, a6604d31-831b-4800-8f0c-1143f37aff96, 8844cb3e-4df7-4b97-9fc8-a84ac5475fec, 1b31dada-4db0-4a33-bf7c-74a42818ea75, b2970dc0-a18d-4f80-92e8-656c497863dc, 9a67cd03-e273-402c-b6f4-fbe1ccf76bfb, 8acf4d47-97d7-45bb-95f3-f5e9cc8e254a, 0f721eca-9935-4db1-ab62-ceb183f0adb1, 215eb937-1339-42a7-b978-4e8831af4a09, 58984344-6f9f-487f-b21e-06d1a66e1baa, 8a6c4d10-0c4a-4773-9f53-0884590132c8, d3cd8347-1dd6-474c-9575-60166129ba74, 5609c5fd-f8d5-4eac-959c-90c47fd320aa, e4e76222-51a0-4637-98f3-d74425ceeec5, a86adcf8-d899-4270-a967-c31c6efa2c51, 4a08a393-b104-4109-8e90-120a8168895f, 37ed8f18-651e-494f-bd4c-ac83443df8ed",100,166500,COMPLETED,Tidak,K34,BALAI BESAR PELATIHAN VOKASI DAN PRODUKTIVITAS SEMARANG,DL.4053.PDI.002.051.0A.521211,APBN,01KNKDT5XX41CX6R331WBKQQY9,3001995,66185662,26,01K2KX48KE5DQHRAJ0REG26EE5,452609,0,2026-04-08T00:00:00Z,"Pengembangan Sistem dan Pelaksanaan Sertifikasi Kompetensi Profesi Binalavotas, ",efbb911a-59d7-54a0-816c-d0c9fbaa93e6.qkDEEBpJMtrHFhah.-QBXnUkB9SfkIdZzLxWVlShCVw4xNZejRzrwBZ7qkhY
Pengadaan Safety Shoes Peserta Pelatihan (72 Paket),COMPLETED,2026,607d1a88-612d-4fde-9a40-40143af9ef21,32,0,COMPLETED,Tidak,K34,BALAI BESAR PELATIHAN VOKASI DAN PRODUKTIVITAS SERANG,"DL.4057.SCO.003.051.0A.521211, DL.4057.SCO.003.051.0B.521211, DL.4057.SCO.003.052.0A.521211, DL.4057.SCO.003.054.0A.521211, DL.4057.SCO.008.052.0B.521211",APBN,01KHAZQKHXNJ7G7R232A8V9RDA,10229760,63094681,5,01JRAYK2HX1ZX9Y4MZ6TJA70XX,426531,0,2026-02-19T00:00:00Z,"Peningkatan Penyelenggaraan Pelatihan Vokasi dan Pemagangan Binalavotas, ",efbb911a-59d7-54a0-816c-d0c9fbaa93e6.qkDEEBpJMtrHFhah.-QBXnUkB9SfkIdZzLxWVlShCVw4xNZejRzrwBZ7qkhY
Belanja Bahan Project Based Learning B,DRAFT,2026,44ffcca1-045b-45e8-9c6a-e0bbafb0a26c,975,0,ON_PROCESS,Tidak,K34,BALAI BESAR PELATIHAN VOKASI DAN PRODUKTIVITAS SEMARANG,DL.4057.SCO.003.051.0B.521211,APBN,01KY3TGC8C17PJW83BVJA4V220,19256250,62803988,1,01JD1DPS3DQ3D3DJDAWYB2WY5Z,452609,306766009,2026-07-22T00:00:00Z,"Peningkatan Penyelenggaraan Pelatihan Vokasi dan Pemagangan Binalavotas, ",efbb911a-59d7-54a0-816c-d0c9fbaa93e6.qkDEEBpJMtrHFhah.-QBXnUkB9SfkIdZzLxWVlShCVw4xNZejRzrwBZ7qkhY
Pakaian Kerja 49 Paket RM,BUYER_CONFIRMED,2026,e7f98b8c-c978-4b80-a760-56e016f2fda0,80,0,ON_PROCESS,Tidak,K34,BALAI BESAR PELATIHAN VOKASI DAN PRODUKTIVITAS MEDAN,"DL.4057.SCO.003.051.0B.521211, DL.4057.SCO.003.052.0A.521211, DL.4057.SCO.003.052.0B.521211, DL.4057.SCO.003.052.0C.521211, DL.4057.SCO.003.053.0B.521211",APBN,01KV5BH96RBYWJXAWPW1NPK5Y2,11988000,66165439,1,01JNSVF8WS0A8QV2VWYK2V7KAK,451094,2058308,2026-06-16T00:00:00Z,,efbb911a-59d7-54a0-816c-d0c9fbaa93e6.qkDEEBpJMtrHFhah.-QBXnUkB9SfkIdZzLxWVlShCVw4xNZejRzrwBZ7qkhY
Pakaian Kerja Pelatihan Vokasi yang Mendukung Pekerjaan Hijau (Green Jobs),DRAFT,2026,0de49d34-ebbf-42c0-8214-7818ddae0814,412,0,ON_PROCESS,Tidak,K34,BALAI BESAR PELATIHAN VOKASI DAN PRODUKTIVITAS BANDUNG,DL.4057.SCO.008.052.0A.521211,APBN,01KZX7TN2CW5HTCRQ7ZKPWQ8TE,61388350,63633228,1,01JJ60PW5XQT9D735C4V5K2XBN,452542,10244014,2026-08-14T00:00:00Z,"Peningkatan Penyelenggaraan Pelatihan Vokasi dan Pemagangan Binalavotas, ",efbb911a-59d7-54a0-816c-d0c9fbaa93e6.qkDEEBpJMtrHFhah.-QBXnUkB9SfkIdZzLxWVlShCVw4xNZejRzrwBZ7qkhY
Sewa Kendaraan Operasional Eselon I,DRAFT,2026,c534d28e-1d27-4f65-a7ca-6f6ca9bd26c7,12,,CANCELLED_ON_NEGOTIATION,Tidak,K34,BADAN PERENCANAAN DAN PENGEMBANGAN KETENAGAKERJAAN,WA.6624.EBA.994.002.CF.522141,APBN,01KDTH4SM80P77KEZP70TFSSA9,223776000,62540504,1,01JGMWXBFW1XQSAZHVV4NPVWS4,452677,116911009,,"Dukungan Manajemen Badan Perencanaan dan Pengembangan Ketenagakerjaan, ",efbb911a-59d7-54a0-816c-d0c9fbaa93e6.qkDEEBpJMtrHFhah.-QBXnUkB9SfkIdZzLxWVlShCVw4xNZejRzrwBZ7qkhY
Pengadaan Bahan Pelatihan Vokasi UPTP PNBP (30 Paket),DRAFT,2026,"9d3c6805-d118-46c3-a3cd-a3ea87bab865, 46b73a44-57e5-42b6-a834-9f73326064cf, 59709609-290c-401e-9761-434e73ea91ea, 1f6453f7-a107-4a72-8120-5d858e7d58a2, e719128f-57e0-48c7-847d-cf19047704ca, 9b3c7c0d-f23a-48f8-bb3b-5acd32bd15aa, 6c34ee70-82cf-4782-a995-8dcf5c24458d, b8078b71-dd77-48ab-9771-0610fd72369b, 70b0995d-412f-42bb-a465-29e7b44ae422, 9006c12b-c809-4332-ba86-be3ba01f9656, 32022696-0655-47eb-93e4-ef8e89211ec5, ab1c430a-e34f-47f5-af47-2812e6cda2c6, 1f5519dd-7e3b-4d1c-a039-7960fc03ea87, df690b79-f047-467d-9821-e0bf53a50745, ecf6b386-e35e-42a9-a447-d68f59c9b1cf, f79f5180-6302-4d8d-9264-473281aab65d, 48acbbcf-2ace-4c9f-8e31-3a15da1099a8, c5a70ea1-9478-4cd4-bf6c-4081ea3e6f25, b960307b-6201-4ba1-a18a-4a6f8cbc65c8, b32e4bb6-d664-4842-aa03-5844dd2c5527, 53ff7726-0f47-488c-bdde-80df0451b512, 260e7d47-35d5-4566-b8c5-fa7ad27439e6, 5d7dc962-0781-43bc-978a-51c05bdbd5b9, f20b681d-3962-48aa-8c0f-0fb1aba4bbb8, 9cbdd4dc-06b4-4e1a-8e4f-514f54b5281f, 4d901ae4-7919-4408-bbf1-c3ae18511e64, 1f8dc073-c303-4242-bbd6-6bfc39330be8, 7c2885e4-f9c0-49b9-ae85-e5c853c17795, 74f0d276-0e58-488f-8fd9-7b604d1db164, 772f7421-02c3-4cc0-be75-56b78ff2ea81, 7824108c-b4ba-4622-9ec3-49d031509aed, 9de2ec3e-fa5b-4418-808c-a688320682c8, b86447cd-c190-4661-9ab7-123e918ef1a3, 34c7c37c-6c5d-4af1-b3dc-ec9544ede5d3, 2cbe8e28-db2f-4334-832c-ece092e69b6c, 55326ff0-b2c2-4cec-9223-b40c7863f5b1, 50902f63-9b6b-447b-817a-ba730ce93b1b, 88070b8e-e5d2-48d7-9a2d-272dbbfd6304, e17f25bf-7afc-4a65-b2de-48850ad1f946, bcf1f1ba-74af-4a50-85c3-dca1ab5a4f57, d2435bd0-9118-4809-a795-033c82e54a87, fb9bc091-9214-425a-97d3-c94d80aa2bd0, 76775df7-7907-48f9-a153-e8dabdd23bbd, 734595c0-94a5-449c-b6f3-c617db2f7a84, e72e3b7f-52cc-4983-8cc9-bc5614047966, c63484f9-200e-47cb-a8ff-b46df3183eee, 733d47f2-dbda-4320-ae0d-c3540623ff8d",1962,0,ON_PROCESS,Tidak,K34,BALAI BESAR PELATIHAN VOKASI DAN PRODUKTIVITAS SERANG,"DL.4057.SCO.003.051.0A.521211, DL.4057.SCO.003.053.0A.521211, DL.4057.SCO.003.054.0A.521211, DL.4057.SCO.005.052.0A.521211, DL.4057.SCO.007.052.0A.521211, DL.4057.SCO.008.052.0B.521211",APBN,01KYKK6FGQ6S8TN68VV3JPBRN6,195637298,66342119,48,01JPHT8R3TKWRTQ8663M9DRT2Q,426531,43475011,2026-07-30T00:00:00Z,"Peningkatan Penyelenggaraan Pelatihan Vokasi dan Pemagangan Binalavotas, ",efbb911a-59d7-54a0-816c-d0c9fbaa93e6.qkDEEBpJMtrHFhah.-QBXnUkB9SfkIdZzLxWVlShCVw4xNZejRzrwBZ7qkhY
Belanja Bahan Pelatihan Vokasi Bidang Industri dan Jasa Reguler,DRAFT,2026,44ffcca1-045b-45e8-9c6a-e0bbafb0a26c,1254,0,ON_PROCESS,Tidak,K34,BALAI BESAR PELATIHAN VOKASI DAN PRODUKTIVITAS SEMARANG,DL.4057.SCO.003.052.0A.521211,APBN,01KY3SWEZJFHF5Q8J8500BMWW1,24766500,65956099,1,01JD1DPS3DQ3D3DJDAWYB2WY5Z,452609,306766009,2026-07-22T00:00:00Z,"Peningkatan Penyelenggaraan Pelatihan Vokasi dan Pemagangan Binalavotas, ",efbb911a-59d7-54a0-816c-d0c9fbaa93e6.qkDEEBpJMtrHFhah.-QBXnUkB9SfkIdZzLxWVlShCVw4xNZejRzrwBZ7qkhY
Paket Meeting Fullboard Peserta dan Panitia,COMPLETED,2026,cc744f21-51f5-4c69-87f2-7e70d01f2bf6,80,0,COMPLETED,Tidak,K34,DITJEN PHI DAN JAMSOS,DN.5586.BDC.001.051.0A.524119,APBN,01KN25ZN5Q63C5ZVC2KBWZWF1B,60000000,66262516,1,01K33KFDKDF6EJ7FZ015QZYCEB,451310,0,2026-04-02T00:00:00Z,"Peningkatan Penerapan Jaminan Sosial Tenaga Kerja dan Fasilitasi Kesejahteraan Pekerja, ",efbb911a-59d7-54a0-816c-d0c9fbaa93e6.qkDEEBpJMtrHFhah.-QBXnUkB9SfkIdZzLxWVlShCVw4xNZejRzrwBZ7qkhY
Tablet,COMPLETED,2026,1170a907-434e-45a8-bb45-0d62d20a3a52,1,0,COMPLETED,Tidak,K34,BADAN PERENCANAAN DAN PENGEMBANGAN KETENAGAKERJAAN,WA.6624.EBB.951.052.0D.532111,APBN,01KJC7V9BF2N3XPTNQBJCHADZX,21000000,65970208,1,01HRTQCTECTRJMNRWXZVFR9CNG,452677,0,2026-02-27T00:00:00Z,"Dukungan Manajemen Badan Perencanaan dan Pengembangan Ketenagakerjaan, ",efbb911a-59d7-54a0-816c-d0c9fbaa93e6.qkDEEBpJMtrHFhah.-QBXnUkB9SfkIdZzLxWVlShCVw4xNZejRzrwBZ7qkhY
Pembelian AC Split Kelas Baru,COMPLETED,2026,"73e8a5e2-5fb2-4ebe-89a8-a049cc1d25ee, 6000af90-5c65-4d55-865c-c860f6571e3f",150,0,COMPLETED,Tidak,K34,POLITEKNIK KETENAGAKERJAAN,DL.2238.CAA.001.051.0A.532111,APBN,01KK8ZXQ7KXR50X2MJPM8WC4ZS,435242100,63952296,2,01JV1DZNV1P9WG6VJX6YB6BAS2,352632,0,2026-03-13T00:00:00Z,"Pelayanan Politeknik Ketenagakerjaan, ",efbb911a-59d7-54a0-816c-d0c9fbaa93e6.qkDEEBpJMtrHFhah.-QBXnUkB9SfkIdZzLxWVlShCVw4xNZejRzrwBZ7qkhY
Konsumsi Peserta Pelatihan 260 JP Reguler PBK RM,COMPLETED,2026,58cb8ad5-86c7-46d2-b569-0dfe12df8fcb,416,0,ON_PROCESS,Tidak,K34,BALAI BESAR PELATIHAN VOKASI DAN PRODUKTIVITAS MEDAN,DL.4057.SCO.003.052.0A.521211,APBN,01KVN2RP4CNEE10ZYF7PV9YW2A,8320000,66121349,1,01JM72CXSQXYW7P7QXDF5DXAY3,451094,1790022,2026-06-21T00:00:00Z,"Peningkatan Penyelenggaraan Pelatihan Vokasi dan Pemagangan Binalavotas, ",efbb911a-59d7-54a0-816c-d0c9fbaa93e6.qkDEEBpJMtrHFhah.-QBXnUkB9SfkIdZzLxWVlShCVw4xNZejRzrwBZ7qkhY
Bahan pengujian,BUYER_CONFIRMED,2026,"3f9faa7c-8f30-4fcc-b5b9-ed0fd4f302a2, d83253e0-6c76-41fe-92e3-5ab8754c96bb, 5076f239-9394-4f8b-8577-a61baa957ed1, 51750268-7fca-486f-a0ac-ac77f202946d, 8cc4c201-b22e-4698-a106-e8023739402d, b3473624-0b6f-479b-9647-e7c1d76a762a, 06febf1f-059e-4d9f-bd52-d1e2beb79bfd",20,0,ON_PROCESS,Tidak,K34,BALAI KESELAMATAN DAN KESEHATAN KERJA BANDUNG,DN.6592.QAC.001.051.0E.521811,APBN,01KS6GHWM3MCQRTPVPESD21FAQ,20281920,63147453,10,01JS0WWFG29332ZYAQX35TDJGZ,350079,63774009,2026-05-22T00:00:00Z,"Pengujian Keselamatan dan Kesehatan Kerja, ",efbb911a-59d7-54a0-816c-d0c9fbaa93e6.qkDEEBpJMtrHFhah.-QBXnUkB9SfkIdZzLxWVlShCVw4xNZejRzrwBZ7qkhY
Pengadaan Bahan Sertifikasi Lulusan (231 Paket),COMPLETED,2026,"416f6cac-782a-4674-86d7-c9f36c42d72b, 72838756-9207-4ef5-8e36-e45527c38ffe, 638af594-401d-4ce5-b4d3-ddce69b9edc5, 31209d57-7c46-4daa-9137-b1af86fc181a, 6a2c3547-5f2f-42fe-b65c-6eb6342b3863, 89e17c9e-e59c-44ce-ad0f-47bd65fe0cb0, 32658e5d-a28c-414e-8551-610ce51a36ea, bcac6597-47c1-491b-9421-3da5484d84b0, 7505f977-f240-4d08-a894-13f032ff55bb, 357eeec2-e235-473a-942b-4eac582ae09f, bcccf355-51c5-4e5e-bd15-8a2760e4922f",242,0,COMPLETED,Tidak,K34,BALAI BESAR PELATIHAN VOKASI DAN PRODUKTIVITAS SERANG,"DL.4053.PDI.002.051.0A.521211, DL.4053.PDI.002.051.0B.521211, DL.4053.PDI.003.051.0A.521211",APBN,01KPQKKQFF229AK6PGD1AETAGH,23013630,63091859,18,01JA5A03NNYR55WA0Y7544VQ01,426531,24382119,2026-04-23T00:00:00Z,"Pengembangan Sistem dan Pelaksanaan Sertifikasi Kompetensi Profesi Binalavotas, ",efbb911a-59d7-54a0-816c-d0c9fbaa93e6.qkDEEBpJMtrHFhah.-QBXnUkB9SfkIdZzLxWVlShCVw4xNZejRzrwBZ7qkhY
Pakaian Kerja Kegiatan PBK Batch 1 di UPTD Pelatihan Kerja Disnaker Kab. Cirebon,COMPLETED,2026,3b955a67-1906-4873-bf12-32e2a27bcaa4,48,0,PAYMENT_OUTSIDE_SYSTEM,Tidak,K34,BALAI PELATIHAN VOKASI DAN PRODUKTIVITAS BANDUNG BARAT,DL.4057.SCO.010.066.0A.521211,APBN,01KMHKMXKY5TZRM13T4GY4HNS5,7173353,66507379,1,01JHN4YK6B6WKVQ4E5GZ4KVA1X,021212,11594014,2026-03-25T00:00:00Z,"Peningkatan Penyelenggaraan Pelatihan Vokasi dan Pemagangan Binalavotas, ",efbb911a-59d7-54a0-816c-d0c9fbaa93e6.qkDEEBpJMtrHFhah.-QBXnUkB9SfkIdZzLxWVlShCVw4xNZejRzrwBZ7qkhY
Belanja Bahan Pelatihan  Houskeeping ,COMPLETED,2026,"07770df8-223a-4c8f-b814-d48c31b03510, 3c19fefc-42f1-4a0a-9ec4-311e1d23e5bb, 84180236-5a57-41e1-85d1-f8e32f062644, e2c193b6-4919-4800-831f-93c0afb61af6, ca3e0af2-2ab5-4e3c-8cda-e173d73db401, 9e88acbb-c63e-40e8-b6ac-037ccdcc95c8, 0ca4bab5-e2d5-4e70-a6be-47cc4c2f408c, c0a68438-b9bb-45ab-9722-95c7407505bb, a6cb1c9d-2974-4720-9dfa-72dd0c7fd291, 916e8f0e-064f-40ef-bc50-a374da923965, c74de71d-feb1-41c2-b36f-d44f6f427e61, 3009b5d7-3c8f-4ecb-94ba-057cbe2b54a1, dedeb90d-c7e1-4ca0-8102-a5eb1ca76589, 2b38a3c3-8795-44b1-bbf2-fa1ebf252604, 5ca66d38-1744-49e9-a3b3-e85e9f06c831, 8e434f9b-fd71-4e1f-b51e-f800a4d9e20e, 2a29deb0-65f6-4c76-8f8c-7ea95e12cfe7, bf7b3d44-3706-4ac8-b2fa-eb7a619dccb8, 2d4d4503-0f37-4c66-8d49-a92b02d255c8, 36016129-bbc9-414f-b3f4-41c3b1e79814, 0c073ed5-fcac-461e-a280-34b9cf576fd2, fe15acc0-f1ed-4f38-abb5-bef1c88ce63e, 7c6480fe-89c0-46d6-b5a2-1b3c9c36ff6a, 5f54e54c-22ed-4779-b0cf-373aef189ca5, 2609d484-aab3-4748-ab1d-e8cb8882eb90, ac624d80-fd66-48e6-883e-e03822ca6e03, 9e5089a3-3a18-40a8-8fcc-2bccee0b6b4a, 0c4344da-6c79-4010-838c-ebe9d4debbdf, 05a50474-be41-42ae-b13e-2b7b1dc5244e, c9e583ab-1bbd-4e18-bbcd-ad8de0413cb9, b8ddd7c0-fd4f-4254-92cb-cbd23865468b, 9ce757c8-58c0-4328-a126-ddee6d3e165f, 431883ba-833d-421c-8fba-aa28d014af3f, 0ca6bc70-d56d-432b-97a2-118b69ab163b, cece2ab9-dad3-4661-836e-932950ba6ab2, 1e81f71b-1a18-4f01-9c66-ef7686b0393d, b535bb03-fecf-45eb-9132-3da249a1b1cc, fef802a4-a382-4463-9b20-58c07922c23c, 64a5e3a0-e237-4d93-a3e9-0a8e1b291110, e2d2817d-3055-4053-96d4-a09cd3b447ea, 2f26de9e-6650-4cac-a085-92ad5e0cd1e7, fc0cde6f-58ff-4ffc-b655-6c1eabf66ef6, d7df65b9-9ee7-4dc9-8919-933459c3f97c, 7dc318b5-913b-4c21-a145-660b798a9a19, 425b98d1-a467-4471-b7fe-ad87bf7df519, b3ed4543-e97e-42d9-a940-d4c272fa1317, 48edf0ee-da22-4a96-909a-21f6fe8113bf, b495a94a-a0a1-4f7d-9a17-1ad868eaa4bc, 984939d2-94b2-419e-8cd2-261d53c4a55d, fe5e9b5d-e344-42c9-9458-a88eb585b31e, 88cfa57d-6044-4859-b229-325e70c30028, 5cd9f30d-7fc3-4131-a095-cee74988dbc1, 4c68474e-bfcc-4bc5-8862-020eb8e60e7c, 9664ca90-cebe-4602-9b1a-a8d4f4985cf1, 7904a058-7aec-4b3a-8fd1-ba8a73351a21, fb3de4bc-e51e-47fc-8ce9-4a043e384007, 71e4fb3e-a051-42f4-9508-e25082a4f75e, 51a425a3-0d9f-43f5-9a50-475592aca53f, 89d33779-686c-4fae-bd96-20e87a94792d, a6c34ed4-01eb-4b68-97b7-eea0772b2140, 7c274e75-58bc-4f2b-a97d-76e9833ba198, 239b17c5-d310-4ff5-8b86-65db30673679, 37b70253-6458-4a66-a4bc-9fd8cddc26be, e4a2bde9-9c21-4eec-ae1e-315c6301f017, 6d173632-078d-417f-a400-5c25661182cd, 9d74c199-4012-4bbb-9ada-6aeb82055063, bf987af6-da29-434e-9244-8ceb9d13f44e, af347c0f-68cd-4299-9ef6-550ff171391a, e3d01b72-f4c4-4b44-ba88-d93f67d91dbe, 7377934c-f8ec-4b4b-8487-29770e310ce9, 067fab18-e1b8-4df0-abcc-bbc7208e9466, 55ae1f94-a0d4-45dc-8f49-4ea2c914b013, f0158bea-385d-4f27-883f-5a0c1373019d, 98e1c26b-d1a5-4f23-9d31-7099213e6f4a",318,0,ON_PROCESS,Tidak,K34,BALAI PELATIHAN VOKASI DAN PRODUKTIVITAS BANTAENG,DL.4057.SCO.027.055.02.613191,APBN,01KZ33W4S56YWKXMEVDGGPXP8C,12000000,67561120,74,01JGDCZGBWC05YQ7QD3SND17KF,191206,274290009,2026-08-03T00:00:00Z,"Peningkatan Penyelenggaraan Pelatihan Vokasi dan Pemagangan Binalavotas, ",efbb911a-59d7-54a0-816c-d0c9fbaa93e6.qkDEEBpJMtrHFhah.-QBXnUkB9SfkIdZzLxWVlShCVw4xNZejRzrwBZ7qkhY
Pengadaan Bahan Pelatihan Vokasi UPTP RM (60 Paket),DRAFT,2026,"befedeca-cf49-46cc-a406-2686590bcd43, 457a3d3e-1834-4502-9b77-224c021c9baa, edef1e67-2506-4ecb-9574-c420103660ba, ccfae6ba-52e2-42ec-8ba1-90e318e52700, 52c06a0a-1162-40be-869a-f86f94afaebf, db826548-6d74-4ede-805e-b686048d34ac, 26a39868-99b6-4663-9445-0dd8791addd0, 48b8d4e0-fdb6-4987-ac86-57a3420d65e7, f5fd747e-3045-45a6-9dd2-b8890172308b, ee4fb738-9785-4a6e-85fd-d5aab93006ee, 704f8dc9-6858-4baf-b454-89cd992dcd5c, 998c0458-dbfc-449e-9ed1-f87155d44f87, 8c743252-7dbd-465c-ac46-651f16c51e56, 59a4681a-7ba5-4b85-93ab-6293c2d778de, 3c4908fc-1887-45c4-9581-5a7b5dbeb39b, 504403de-f2f3-439c-a553-4015ac0307b6, cf58a2af-c9bb-4e61-b94d-838d78aa8235, be39e832-2314-4edb-8534-e3f3d6465a88, 8e7496d3-1744-45b2-b261-830ca2deb0bf, ab5ad1f9-724a-4020-969e-a9c43e728713, 231b7930-46bc-451e-a009-f3ef38bf8861, 21444ee2-74ed-44f3-9060-b9ded900d177, fa3e76a0-a55e-4e28-b63b-226cbbf2c492, bcca7bdc-562f-4f09-981b-72b490f139f8, 42f4009d-6ae6-4cfd-84f0-042e379577fa, 92bf7051-6633-4c13-864d-e45b70e4006a, e822d25d-2219-4714-9732-c93345ff11e8, c7669dc7-9a9c-47a0-9e26-1b01809896a5, 669e17ea-6e79-4da6-992a-0210b2dc05ad, 99a8d3c8-94b9-4ce7-b533-80c789626e64, 1e8788a7-b6f7-4041-889e-717d91c5bc64, b73a040e-8ab1-4fa9-88ee-90108b7ba4fb, 63e27dc7-8a48-40b7-8daa-fb215c03b5e8, f8751fda-a640-47c5-9f78-2a2fb6584712, 87f6a325-81e7-42e3-933c-ba3673c66be3, d0ed76ba-0442-4db3-b266-7cc97b2bc1be, 1eb3f200-c362-426f-8f8c-e9b0ef8baa4d, 1a8d68bf-a76c-4f52-8497-cb1972d23217, eb940528-ab28-4fc9-a8ac-aec0d0c75f42, 41746ef9-4577-4f29-ab89-78a8c9871396, 80014b5f-5dc4-448b-9780-53cc0cf4575c, d06e5ecc-0fcc-4456-bae3-ab2b1f7a9295, b32113fe-9173-4f67-9a84-0b1dacf6a87e, 277e32b2-9ae7-4931-a71d-2c8c883222ce, e64dacb9-30c5-4d54-8d3a-3978b1439f6f, 1ed21b79-19fe-4d83-ae63-aa4da458d771, 9f72aa28-160c-4542-a798-229571c8c7fa, c8070e1f-5d64-4dac-bbfd-0ad8cc93c3cc, e1ef4685-f35e-4a65-b5a4-0e01c9d2bff9, 56bab1cb-3649-4527-a091-4895a403829f, 29e8533e-01cc-4ef7-9f11-55bab02ec5dc, 9cf8544d-6241-45f7-bb57-b27e07de2e59, 74527a49-bfb8-4729-82f1-0ee8218d550f, 4e590546-3904-440f-9e8b-7c434ff0966e, 9caa512b-3143-48d5-80f0-dbcb838a72ba, 7f60fc28-060a-466a-9914-1ffd4d6bf228, 2349508f-8c21-4ded-b466-196fe33c97e4, 07218a5f-b702-45ca-9df5-61084ff38582, 20ea874b-31b5-482a-8af5-a64176f63823, 811d11e7-a322-4ef6-8914-3763e6ef7d41, 55eb755c-5b94-4822-baff-4220513c3f58, 5dfdac24-e5bc-4cda-9a23-060c169d0184, 5bbdae4f-1230-4144-9035-7e1fa7c622fb, b2d072b2-d33a-4f0e-b4f8-49d3b9c0acca, c6529116-5474-4ed6-bac3-fa7a682ae2d3, e8ce5e69-d85a-4499-9214-d911c0206ea6, 22ca08b8-d333-480f-bc78-b9c0a66adff0, 2d1436e2-5342-4772-b961-bfa9a01eb533, 7b047fa0-b940-4d9d-a7c0-1707c11fe788, 275d0932-8398-49c3-ab3b-d294ae646f19, bac7e9c9-2e21-428b-a395-c0f7d90d0fac, 33786716-5894-4e70-9fee-1e8b146e709c, 85524b69-12b4-4b9d-bec9-f2cf1266a82a, bb383451-9d0b-40dd-b144-8c96f6acf58f, fd54d993-18c4-4a48-b9a1-ab1e1089e15f, 0bceca1a-30da-413f-aa67-e764b61ec6ed, 2a03db78-3bb0-4dc4-9c85-fdc68e5b0b24, 33637491-733f-47a0-8f5f-3aadba67cfc3, 5c0f94b6-93d2-4bcc-be82-f195c276fc0c, 0cb93240-55e1-4657-a214-76054428632b, 0de6d5cc-66c3-4540-aeb4-f567c5197116, 71b2928d-a775-4f0a-8ed3-ac9eb0ff6644",2150,,CANCELLED_ON_NEGOTIATION,Tidak,K34,BALAI BESAR PELATIHAN VOKASI DAN PRODUKTIVITAS SERANG,"DL.4057.SCO.003.051.0B.521211, DL.4057.SCO.003.052.0A.521211, DL.4057.SCO.003.052.0C.521211",APBN,01KV57GCACYC5WBB83YFZMEH4X,188212710,66342568,105,01JRS73EC81MM9JM6Z4608CME9,426531,26434127,,"Peningkatan Penyelenggaraan Pelatihan Vokasi dan Pemagangan Binalavotas, ",efbb911a-59d7-54a0-816c-d0c9fbaa93e6.qkDEEBpJMtrHFhah.-QBXnUkB9SfkIdZzLxWVlShCVw4xNZejRzrwBZ7qkhY
Belanja Bahan Pelaksanaan Sertifikasi Lulusan Pelatihan ,DELIVERED,2026,"2e0bb0ac-df87-4a0d-a4c6-a1f1c31f8c6c, f8e78b1e-b590-4c9e-bb91-c5564768dcd9, 609f4cac-214b-4578-b5dc-c06942c86db5, 2d6092d7-4571-41d4-8cdf-08faae8a1c9e, 3cfdcfb6-4873-40ec-984a-8ae558c1ff1b, f2bb733a-44d4-4c55-ba67-290cb4c3cbc2, 6c112141-798b-4fc9-8176-11a39081552f, 5bc1157c-e91e-47c2-b7b2-bf16fab28a44, 271bf9fb-9347-44d0-86b8-f97072d3a13c, 1f1c2c3d-d86c-43e0-8d70-ac9f0e5c074d, fe2e5b95-323a-4ad6-9dfe-78f64b65a609, 791bc07a-0c06-4a87-ac04-08b440b47ae8, dbe97951-50af-43c4-be3e-d28e06f5f6b8, f35db3ce-c25d-46b3-ad97-2f0b501c8ee5, f9d87962-db95-4396-ba51-f15928e38e48, b95aba16-1eed-4c22-8bc4-74feb209c9ae, ab744f9e-10cc-422c-b290-aa5727a5e9f9, a0bed060-a66a-47ba-a4ba-712a38d4b399, 28c436a1-2c2c-4ff0-a53c-967ebb403147, fe0b04f5-e0c0-4d19-a9da-c283c379d341, a50b488e-0dbb-40ad-b0bc-6dee950d51c0, db72fca3-25ae-41c7-8a39-b88785384e66, 8a2117f9-18e4-4a03-86be-5484e9a9aed0, 22c41210-5076-484c-a0ed-b54ab7390603, b31dc139-ee1b-4c0c-827b-aab8bdfb4b65",176,288600,ON_PROCESS,Tidak,K34,BALAI BESAR PELATIHAN VOKASI DAN PRODUKTIVITAS SEMARANG,DL.4053.PDI.002.051.0B.521211,APBN,01KZD2XXC9AYRZN8Z57DRRT8H3,3065820,62801553,25,01K21VM9ENQAGGV8BA9GQQY5VC,452609,0,2026-08-07T00:00:00Z,"Pengembangan Sistem dan Pelaksanaan Sertifikasi Kompetensi Profesi Binalavotas, ",efbb911a-59d7-54a0-816c-d0c9fbaa93e6.qkDEEBpJMtrHFhah.-QBXnUkB9SfkIdZzLxWVlShCVw4xNZejRzrwBZ7qkhY
Pelaksanaan Sertifikasi Lulusan Pelatihan (PNBP),COMPLETED,2026,"1b9a8e40-e6df-4186-9690-d876c5b7c401, fe6e2518-a224-4b5a-8083-d67f36efbc45, e52a4096-77d0-408f-bd4c-17d365ac7157, c2497e52-0298-4a5d-89da-afcd6c9f302b, 1393859e-ba23-45ec-b01b-7d1ddfc14230, c15f7b30-e44e-4f4d-bfe5-326c193eb763, da3d6dbc-51b1-4577-ad23-3a5adecaca00",7478,0,ON_PROCESS,Tidak,K34,BALAI PELATIHAN VOKASI DAN PRODUKTIVITAS SURAKARTA,"DL.4053.PDI.002.051.0A.521211, DL.4053.PDI.002.051.0A.521213, DL.4053.PDI.002.051.0A.522151, DL.4053.PDI.002.051.0A.524111",APBN,01KMYC2E7TFMHETDBCBA6C69E7,49880400,62074381,7,01JJ1ARRF06SG36TNKRH4DBQ0N,035636,266520009,2026-03-31T00:00:00Z,"Pengembangan Sistem dan Pelaksanaan Sertifikasi Kompetensi Profesi Binalavotas, ",efbb911a-59d7-54a0-816c-d0c9fbaa93e6.qkDEEBpJMtrHFhah.-QBXnUkB9SfkIdZzLxWVlShCVw4xNZejRzrwBZ7qkhY
Pengadaan Bahan Pelatihan Vokasi UPTP RM (60 Paket),COMPLETED,2026,"6dfb0968-b325-46f7-a4bc-b8919e254d1f, 4c7c798b-fe80-4133-8cf5-1f0133359c33, 56e1cea1-7f35-4ada-bb30-512f5af84316, bc3380b3-39f2-4986-9210-b92b5a6b1dd0, b0658a0e-f755-48a5-a4d4-60b6e1b78951, a4a55ca0-15bb-41a8-8a73-ea1e6217bcb2, 09c824a4-3ff0-4f55-8513-b287b3fba8a2, bb934658-376f-4895-a476-b947a73e66e4, cebcea5d-d0e2-405b-9ac0-2e7c6161650a, b7d8af70-9fe8-49ec-84d1-38a79a1ced4a, 31209d57-7c46-4daa-9137-b1af86fc181a, a2c79b23-6d23-446f-a892-d53cabe39408, bcac6597-47c1-491b-9421-3da5484d84b0, 6a2c3547-5f2f-42fe-b65c-6eb6342b3863, 8fdb6c41-73b9-4bcc-b8d4-df868fbe8d6f, 26844750-7ef1-4868-9370-1b96d382a8ac, 4d1bdcbb-fae3-4d8b-882d-489ef74d6ee4, 721adb97-f304-4c40-854f-4e89118ffb48, f58eade5-9388-494f-bdcc-e00757757a7f, 63009d5b-51d9-48aa-b566-994fd2531dd3, 9747e34f-9c7b-444f-82d0-ce5bc8ec616e, 014dd585-dff3-4e1c-bea7-3d06bd7feff4, ddaf8290-1c09-4e9e-93f5-761fd04d6fdb, a81a3588-e734-4a30-80a0-d8e4debd28f2, 9c64d4d3-566a-41c3-9b67-f4ff3fa27f61, cd3d2bd0-c397-4fbb-ba23-234b4f50bfff, c79e8e8f-d37b-4b96-a2ff-d2732c15d73a, cf670dc4-225b-41e1-a4ed-3a0be9410215, 638af594-401d-4ce5-b4d3-ddce69b9edc5, 79c9e50e-eee1-4c24-810d-58eb361352c5, 992d8d14-daec-4dce-87ae-cc2fe9ce7047, 9bf4ceb8-d00f-4bfa-99b4-2fe4621c1856, 340e8e87-1c22-4b2e-a5a2-a5ca92b3894a, e2437155-f82d-4e70-89a9-0cda5c17fbca, e9d55443-55d3-4ebe-904f-f9f911d61a44, aa29ae6e-1a6a-4fe1-832a-31b92faca1f8, 72838756-9207-4ef5-8e36-e45527c38ffe, 03ad1be5-0d58-4c48-b256-1569f963da68, eb0090b3-b93a-4006-bdbe-cf0898e23db8, 64d2fbc8-2884-4bbb-9d0f-e77130b9fcb6, 0da21806-f65c-4a94-bdc2-4fe406caf6d0, e4842a58-4d87-4182-a43a-860cc6dfd47e, b6b5a251-dfaa-40b8-b221-4d1771d91ac5, 7505f977-f240-4d08-a894-13f032ff55bb, 14fab7f1-ca17-4f00-a508-c50410a5e7ff, d728d8f2-4a0d-4fd6-bcf3-6918d8e8757b, e20d875c-e9de-4a74-aa29-8bd71b51cbd1, 357eeec2-e235-473a-942b-4eac582ae09f, a36d80b7-69c5-4475-9257-b370c2c0cd8a, b3753847-d642-4622-b43f-5415b41ea2e6, e84a5583-2a23-4f9e-a3eb-3eea43572b70, ecad9d6b-d0fc-48ec-8582-196550305b39, b439b1da-f0f3-4690-9176-4de6b6e99bc1, 1410d029-028c-4f6b-80c3-4eee010b16f2, 6a3d5925-63d3-455b-a96a-2f9cf652adbc, f03a365e-db3b-4a07-8c01-df3b7417e764, faf0b61c-b4d5-41c6-8de2-1101a41a9b6b, ba92741a-f16a-4f9a-84ad-7bc2f5818bb9, 83af4f2b-9ad2-4b46-b602-acf1f1de0b8a, 8b17d058-a2b5-43e9-ac76-7e0bf7650305, 2d86d890-589a-42a5-a504-db8fb6f035a4, 89e17c9e-e59c-44ce-ad0f-47bd65fe0cb0, b784a184-7333-4c8b-b394-a90ea25e8de0, b158d543-f211-4643-922d-d0c0a42cee59, da9dbb1c-6eeb-4027-b3cf-3f96cf32b8f8, 8fcb6a8a-0f20-4512-a24d-5c8fcc903455, 5cf2dcd6-e8ac-468e-a1e0-617cc027cad3, bcccf355-51c5-4e5e-bd15-8a2760e4922f, 11d91deb-e42a-4d42-ba28-066fac6c8a32, 291c3b06-f6df-484a-bd36-579841c46a17, dab733fc-fb5f-458c-8c0e-572741b5b8f1, 3286deef-261a-4a78-9f55-c890136404f0, e7bbd603-12fe-4bd3-8227-9ec627114786, 32658e5d-a28c-414e-8551-610ce51a36ea",4986,0,COMPLETED,Tidak,K34,BALAI BESAR PELATIHAN VOKASI DAN PRODUKTIVITAS SERANG,"DL.4057.SCO.003.051.0B.521211, DL.4057.SCO.003.052.0A.521211, DL.4057.SCO.003.052.0C.521211",APBN,01KKHFY73PJWP1KBPXCGFY1380,257422986,66342568,87,01JA5A03NNYR55WA0Y7544VQ01,426531,24382119,2026-03-16T00:00:00Z,"Peningkatan Penyelenggaraan Pelatihan Vokasi dan Pemagangan Binalavotas, ",efbb911a-59d7-54a0-816c-d0c9fbaa93e6.qkDEEBpJMtrHFhah.-QBXnUkB9SfkIdZzLxWVlShCVw4xNZejRzrwBZ7qkhY
Belanja Bahan Project Based Learning A,COMPLETED,2026,"fc843bd3-bdf3-4216-a519-b0096b93261e, acf31f59-33d8-48de-ba4e-440f3b087d48, 7e6b65b7-2203-4b30-9ff0-48edc2182e96, 29cc39c3-858a-4a78-9289-e076150543a9, 400e9bab-0de0-44cf-a04f-f3166fd4f457, 6dd14bbb-1866-449d-bb31-dce732a370eb, 37da3e3d-a463-46a5-8349-28e3bf415e05, b2da3a39-8df9-44ba-9777-22a5dc6ff1e5, 7d4ac9b6-5dbf-4245-98c4-370e3de477e8, 9ff42e87-331e-4655-85e8-b96d64b75563",54,0,COMPLETED,Tidak,K34,BALAI BESAR PELATIHAN VOKASI DAN PRODUKTIVITAS SEMARANG,DL.4057.SCO.003.051.0A.521211,APBN,01KKFW2BQD8J9TN18GXG6XQB3A,5997330,66185882,10,01K21VM9ENQAGGV8BA9GQQY5VC,452609,0,2026-03-12T00:00:00Z,"Peningkatan Penyelenggaraan Pelatihan Vokasi dan Pemagangan Binalavotas, ",efbb911a-59d7-54a0-816c-d0c9fbaa93e6.qkDEEBpJMtrHFhah.-QBXnUkB9SfkIdZzLxWVlShCVw4xNZejRzrwBZ7qkhY
Konsumsi Peserta Pelatihan 260 JP Reguler PNBP,DRAFT,2026,8c2b6024-3954-49d9-94a4-ad63660eb9e8,384,0,ON_PROCESS,Tidak,K34,BALAI BESAR PELATIHAN VOKASI DAN PRODUKTIVITAS MEDAN,DL.4057.SCO.004.052.0A.521211,APBN,01KX0KS4SART68XCYQFFMPTJ7M,7680000,66121211,1,01K7P0067ZG2CA6RAJ5KWNE08H,451094,0,2026-07-09T00:00:00Z,"Peningkatan Penyelenggaraan Pelatihan Vokasi dan Pemagangan Binalavotas, ",efbb911a-59d7-54a0-816c-d0c9fbaa93e6.qkDEEBpJMtrHFhah.-QBXnUkB9SfkIdZzLxWVlShCVw4xNZejRzrwBZ7qkhY
Paket Meeting Fullboard Dialog Penanganan (Luar Kota),COMPLETED,2026,7eaa74fe-aa1d-4536-a4a2-ffac0e465697,182,0,COMPLETED,Tidak,K34,DITJEN PHI DAN JAMSOS,DN.2181.BDC.001.051.0C.524119,APBN,01KP84W1JT5C6T8F5HDBFR313N,172900000,65857439,1,01JSK1A0Q88YGFHN6ZJ1T9W8RB,451310,0,2026-04-16T00:00:00Z,"Penyelesaian Perselisihan Hubungan Industrial, ",efbb911a-59d7-54a0-816c-d0c9fbaa93e6.qkDEEBpJMtrHFhah.-QBXnUkB9SfkIdZzLxWVlShCVw4xNZejRzrwBZ7qkhY
Belanja Bahan Pelaksanaan Sertifikasi Lulusan Pelatihan Vokasi (PNP),COMPLETED,2026,"680ff6fe-9275-4173-92d8-94a418acd06f, f7b5bc64-1390-480e-921f-60ee83301d57, 8a6c4d10-0c4a-4773-9f53-0884590132c8, 58984344-6f9f-487f-b21e-06d1a66e1baa, 166c236d-8c61-4ee1-8ee5-53658064e749, 5b486211-b847-43f0-97ad-3d48a2b63feb, 508d3ebd-ab99-41a7-8bc4-91e4b13f334a, 4a08a393-b104-4109-8e90-120a8168895f, 047da1ff-3edc-4855-9942-1d16ec6b2874, 1b31dada-4db0-4a33-bf7c-74a42818ea75, 4ea4bda6-27ad-4cc2-8256-c5418a0801b1, 8844cb3e-4df7-4b97-9fc8-a84ac5475fec, a86adcf8-d899-4270-a967-c31c6efa2c51, 0f721eca-9935-4db1-ab62-ceb183f0adb1, c34932ff-8ff9-4cdd-a6ba-c2da28315481, 69be835f-53a5-4c61-8231-63c927630070, 5ebcd157-93b5-4559-bf49-fd277934e86b, 37ed8f18-651e-494f-bd4c-ac83443df8ed, b2970dc0-a18d-4f80-92e8-656c497863dc, 8acf4d47-97d7-45bb-95f3-f5e9cc8e254a, eb0c8d5c-e273-49e4-94c3-dddf9bbd3159, d3cd8347-1dd6-474c-9575-60166129ba74, 9a67cd03-e273-402c-b6f4-fbe1ccf76bfb, e4e76222-51a0-4637-98f3-d74425ceeec5, 215eb937-1339-42a7-b978-4e8831af4a09, a5245bb5-1ac9-4e08-acc2-7b979d93391c",228,344100,COMPLETED,Tidak,K34,BALAI BESAR PELATIHAN VOKASI DAN PRODUKTIVITAS SEMARANG,DL.4053.PDI.002.051.0A.521211,APBN,01KPABRTNDNB0DMKY4ZXPWXADK,7198350,66185662,26,01K2KX48KE5DQHRAJ0REG26EE5,452609,0,2026-04-16T00:00:00Z,"Pengembangan Sistem dan Pelaksanaan Sertifikasi Kompetensi Profesi Binalavotas, ",efbb911a-59d7-54a0-816c-d0c9fbaa93e6.qkDEEBpJMtrHFhah.-QBXnUkB9SfkIdZzLxWVlShCVw4xNZejRzrwBZ7qkhY
6988.EBA.994.002.J.522191.001057 Jasa Alih Daya Satpel Jambi,DRAFT,2026,bc0f8bb8-0a70-4ab6-a3cb-cf5608e4959a,10,,CANCELLED_ON_NEGOTIATION,Tidak,K34,BALAI PELATIHAN VOKASI DAN PRODUKTIVITAS PADANG,WA.6988.EBA.994.002.0J.522191,APBN,01KQBMT2ZCHDGAWNDPR4WDW6DZ,56500000,65868426,1,01KCT9QZYDTNAMGMAHS5W5EH38,089378,0,,"Dukungan Manajemen Direktorat Jenderal Pembinaan Pelatihan Vokasi dan Produktivitas, ",efbb911a-59d7-54a0-816c-d0c9fbaa93e6.qkDEEBpJMtrHFhah.-QBXnUkB9SfkIdZzLxWVlShCVw4xNZejRzrwBZ7qkhY
"Fullboard Moderator, Panitia Penyelenggara dan Peserta",COMPLETED,2026,a8f3343b-4f0c-47a1-ad4c-d1e352c7ebd9,68,0,COMPLETED,Tidak,K34,DITJEN PHI DAN JAMSOS,DN.6587.QDH.002.052.0A.524119,APBN,01KP3G7B4ZPKBXJ53KNQ6TE5DG,54400000,66124023,1,01JVPGMCGNXA0R0JZAADERZEG8,451310,0,2026-04-14T00:00:00Z,"Peningkatan Pembinaan Hubungan Kerja dan Penerapan Pengupahan, ",efbb911a-59d7-54a0-816c-d0c9fbaa93e6.qkDEEBpJMtrHFhah.-QBXnUkB9SfkIdZzLxWVlShCVw4xNZejRzrwBZ7qkhY
Sewa Gudang,COMPLETED,2026,ab212c77-933e-44f6-be38-e9a9a3e72f01,1,0,COMPLETED,Tidak,K34,DIREKTORAT BINA KELEMBAGAAN PELATIHAN VOKASI,WA.6988.EBA.994.002.0A.522141,APBN,01KYHCM1FKYZEEEDF6KZZEY24N,83250000,65118030,1,01K7RDQVNVA31X2VX8FG6BVB29,626131,0,2026-07-29T00:00:00Z,"Dukungan Manajemen Direktorat Jenderal Pembinaan Pelatihan Vokasi dan Produktivitas, ",efbb911a-59d7-54a0-816c-d0c9fbaa93e6.qkDEEBpJMtrHFhah.-QBXnUkB9SfkIdZzLxWVlShCVw4xNZejRzrwBZ7qkhY
Belanja Barang Persediaan Safety Shoes  UPTD BLK Disnaker Sragen,COMPLETED,2026,ee260424-b5de-4bc2-98c2-145dbdb49ad3,16,0,PAYMENT_OUTSIDE_SYSTEM,Tidak,K34,BALAI PELATIHAN VOKASI DAN PRODUKTIVITAS SURAKARTA,DL.4057.SCO.011.054.0A.521811,APBN,01KNRAZJ3CDZZSNTAFW8M1A31Y,5360004,66305805,1,01JR9NJ3E5JK5JKT4A18PYKCVK,035636,0,2026-04-10T00:00:00Z,"Peningkatan Penyelenggaraan Pelatihan Vokasi dan Pemagangan Binalavotas, ",efbb911a-59d7-54a0-816c-d0c9fbaa93e6.qkDEEBpJMtrHFhah.-QBXnUkB9SfkIdZzLxWVlShCVw4xNZejRzrwBZ7qkhY
Pengadaan Pakaian Kerja dan Kaos Peserta Pelatihan (189 Paket),COMPLETED,2026,ff913ca8-4573-41e9-b773-b4dd2a09f116,119,0,PAYMENT_OUTSIDE_SYSTEM,Tidak,K34,BALAI BESAR PELATIHAN VOKASI DAN PRODUKTIVITAS SERANG,"DL.4057.SCO.003.051.0A.521211, DL.4057.SCO.003.051.0B.521211, DL.4057.SCO.003.052.0A.521211, DL.4057.SCO.003.052.0C.521211, DL.4057.SCO.003.053.0A.521211, DL.4057.SCO.003.053.0B.521211, DL.4057.SCO.003.054.0A.521211, DL.4057.SCO.005.052.0A.521211, DL.4057.SCO.005.052.0C.521211, DL.4057.SCO.007.052.0A.521211, DL.4057.SCO.007.052.0C.521211, DL.4057.SCO.008.052.0A.521211, DL.4057.SCO.008.052.0B.521211, DL.4057.SCO.035.051.0B.521211, DL.4057.SCO.035.054.0B.521211, DL.4057.SCO.035.055.0B.521211, DL.4057.SCO.035.056.0B.521211",APBN,01KXYQ503YEV1NGSQ0WY35JSCK,17700060,63093792,5,01JBGDSJNXNZCRFFDHX1P49CE2,426531,16727127,2026-07-21T00:00:00Z,"Peningkatan Penyelenggaraan Pelatihan Vokasi dan Pemagangan Binalavotas, ",efbb911a-59d7-54a0-816c-d0c9fbaa93e6.qkDEEBpJMtrHFhah.-QBXnUkB9SfkIdZzLxWVlShCVw4xNZejRzrwBZ7qkhY
Pengadaan Jasa Konsumsi Peserta Pelatihan (90 Paket),COMPLETED,2026,bfbc4d61-5a43-4755-8f93-f69a849779a7,1792,0,COMPLETED,Tidak,K34,BALAI BESAR PELATIHAN VOKASI DAN PRODUKTIVITAS SERANG,"DL.4057.SCO.003.051.0A.521211, DL.4057.SCO.003.051.0B.521211, DL.4057.SCO.003.052.0A.521211, DL.4057.SCO.003.053.0A.521211, DL.4057.SCO.003.053.0B.521211, DL.4057.SCO.003.054.0A.521211, DL.4057.SCO.005.052.0A.521211, DL.4057.SCO.007.052.0A.521211, DL.4057.SCO.008.052.0B.521211",APBN,01KH7X1JY60TXV31M2HHS8QDAG,35481600,66344371,1,01K9RSESWX1BJXXF2E7MCDGQFT,426531,0,2026-02-13T00:00:00Z,"Peningkatan Penyelenggaraan Pelatihan Vokasi dan Pemagangan Binalavotas, ",efbb911a-59d7-54a0-816c-d0c9fbaa93e6.qkDEEBpJMtrHFhah.-QBXnUkB9SfkIdZzLxWVlShCVw4xNZejRzrwBZ7qkhY
"Pengadaan Jasa Tenaga Alih Daya Satpam, Petugas Kebersihan dan Pramubakti Satpel Dumai (periode Juni s.d Desember 2026)",DRAFT,2026,fde638c4-f696-47c0-bb74-0ed67b21363c,80,,CANCELLED_ON_NEGOTIATION,Tidak,K34,BALAI BESAR PERLUASAN KESEMPATAN KERJA,WA.6621.EBA.994.002.0f.521111,APBN,01KT5HN8MF3RR7EGTK4XWFJFRG,436578720,67204007,1,01JNJ4XRTYSV2PM9D20T1ZP5JW,259322,0,,"Dukungan Manajemen Ditjen Pembinaan Penempatan Tenaga Kerja dan Perluasan Kesempatan Kerja, ",efbb911a-59d7-54a0-816c-d0c9fbaa93e6.qkDEEBpJMtrHFhah.-QBXnUkB9SfkIdZzLxWVlShCVw4xNZejRzrwBZ7qkhY
Fullday Jejaring Kemitraan Penempatan Tenaga Kerja Dalam Negeri ,COMPLETED,2026,0c875fd2-d64b-40cd-99f8-2fff2de06704,100,0,COMPLETED,Tidak,K34,DITJEN PEMBINAAN PENEMPATAN TENAGA KERJA DAN PERLUASAN KESEMPATAN KERJA,DN.2173.BDC.001.052.0A.524119,APBN,01KQY1FH4509NKVQTP9QBYPC8F,32100000,67082144,1,01JZ758ETTN7DCCJAM0J68AQZN,451139,0,2026-05-06T00:00:00Z,"Penempatan Tenaga Kerja, ",efbb911a-59d7-54a0-816c-d0c9fbaa93e6.qkDEEBpJMtrHFhah.-QBXnUkB9SfkIdZzLxWVlShCVw4xNZejRzrwBZ7qkhY
Belanja Bahan Pelaksanaan Sertifikasi Lulusan Pelatihan Vokasi (PNP),COMPLETED,2026,"3ebb8cba-73fe-4fc9-a65f-7dd5fb7f561a, e0afdbc5-efff-4570-abf9-178468247a64, 95caf173-eaab-4689-902a-1a1656934cc3, 2561b8ca-853b-4dde-af28-21bbd4c21b03, d5808c51-396a-4cbf-8ac1-1a9b5602d741, 59e3619a-48af-484a-940c-5fe6f3952130, f2ca3fca-2237-4895-be39-e59424154c55",28,360750,COMPLETED,Tidak,K34,BALAI BESAR PELATIHAN VOKASI DAN PRODUKTIVITAS SEMARANG,DL.4053.PDI.002.051.0A.521211,APBN,01KRDF2V6VF6C0DY869K5TXFTP,3011985,66185662,7,01JCF5TRQVKW157PX3JC6JFJ1Y,452609,2705108,2026-05-13T00:00:00Z,"Pengembangan Sistem dan Pelaksanaan Sertifikasi Kompetensi Profesi Binalavotas, ",efbb911a-59d7-54a0-816c-d0c9fbaa93e6.qkDEEBpJMtrHFhah.-QBXnUkB9SfkIdZzLxWVlShCVw4xNZejRzrwBZ7qkhY
Pelatihan Vokasi di Provinsi Jawa Timur UPT BLK Jember,DRAFT,2026,10e72132-37e4-4a75-b366-3c9a49e6eace,3296,0,PAYMENT_OUTSIDE_SYSTEM,Tidak,K34,BALAI PELATIHAN VOKASI DAN PRODUKTIVITAS BANYUWANGI,DL.4057.SCO.013.053.OA.521211,APBN,01KVEPRS2J42GT4498GVDTN5FY,65920000,62259089,1,01JV9JF9DJ1EQPNGXE1XE25X0J,051102,0,2026-06-19T00:00:00Z,"Peningkatan Penyelenggaraan Pelatihan Vokasi dan Pemagangan Binalavotas, ",efbb911a-59d7-54a0-816c-d0c9fbaa93e6.qkDEEBpJMtrHFhah.-QBXnUkB9SfkIdZzLxWVlShCVw4xNZejRzrwBZ7qkhY
Operasional dan Pemeliharaan Kantor,DRAFT,2026,"6101fd6b-0043-49f8-b6b7-197b4844290d, 9213957a-6d10-47a5-ae1b-ebb029301112, afc1f337-0092-4360-a3de-eb471366dbc3, 48943b95-eafb-4bd1-a828-397b3a73b8f6, 3635f624-1db1-4cc2-8d1d-9e30c0195944",516,,CANCELLED_ON_NEGOTIATION,Tidak,K34,BALAI PELATIHAN VOKASI DAN PRODUKTIVITAS SURAKARTA,"WA.6988.EBA.994.002.0A.521111, WA.6988.EBA.994.002.0A.521114, WA.6988.EBA.994.002.0A.521115, WA.6988.EBA.994.002.0A.521811, WA.6988.EBA.994.002.0B.523111, WA.6988.EBA.994.002.0B.523112, WA.6988.EBA.994.002.0C.523121, WA.6988.EBA.994.002.0C.523123, WA.6988.EBA.994.002.0D.522111, WA.6988.EBA.994.002.0D.522112, WA.6988.EBA.994.002.0D.522113, WA.6988.EBA.994.002.0D.522119, WA.6988.EBA.994.002.0E.522191, WA.6988.EBA.994.002.0F.521252, WA.6988.EBA.994.002.0G.521111, WA.6988.EBA.994.002.0G.521115, WA.6988.EBA.994.002.0G.521211, WA.6988.EBA.994.002.0G.521252, WA.6988.EBA.994.002.0G.522111, WA.6988.EBA.994.002.0G.522112, WA.6988.EBA.994.002.0G.522113, WA.6988.EBA.994.002.0G.522191, WA.6988.EBA.994.002.0G.523111, WA.6988.EBA.994.002.0G.524111",APBN,01KDKM48NA9G8NMHBM21R6MW52,1682023640,62084676,5,01JBB82CQ3S6AZPTA9DK7H8NW5,035636,0,,"Dukungan Manajemen Direktorat Jenderal Pembinaan Pelatihan Vokasi dan Produktivitas, ",efbb911a-59d7-54a0-816c-d0c9fbaa93e6.qkDEEBpJMtrHFhah.-QBXnUkB9SfkIdZzLxWVlShCVw4xNZejRzrwBZ7qkhY
Seragam Peserta Pelatihan (RM),SHIPPING,2026,0de49d34-ebbf-42c0-8214-7818ddae0814,800,0,ON_PROCESS,Tidak,K34,BALAI PELATIHAN VOKASI DAN PRODUKTIVITAS SAMARINDA,"DL.4057.SCO.003.051.0B.521211, DL.4057.SCO.003.052.0A.521211",APBN,01KWBTHMZA812AWEN8B3XXH5VF,119600280,66424319,1,01JJ60PW5XQT9D735C4V5K2XBN,451108,10244014,2026-07-02T00:00:00Z,,efbb911a-59d7-54a0-816c-d0c9fbaa93e6.qkDEEBpJMtrHFhah.-QBXnUkB9SfkIdZzLxWVlShCVw4xNZejRzrwBZ7qkhY
Tenaga Ahli Daya,DRAFT,2026,"deaf455f-001c-4d48-8234-68709ed8deaf, b67760d7-c2b6-4a9e-89a0-3e70a8fa8efe, 3acc0b57-1e49-4fe6-99e8-56294c2cb13c",170,0,ON_PROCESS,Tidak,K34,BALAI BESAR KESELAMATAN DAN KESEHATAN KERJA JAKARTA,WA.6622.EBA.994.002.0B.522191,APBN,01KDSRPCNTXM3ZEFV2TWGHNCHN,1435551090,62291494,3,01JFS1A0FCHXGXQAN1GXFN746W,350084,2861025,2026-01-05T00:00:00Z,"Dukungan Manajemen Ditjen Pembinaan Pengawasan Ketenagakerjaan dan Keselamatan dan Kesehatan Kerja, ",efbb911a-59d7-54a0-816c-d0c9fbaa93e6.qkDEEBpJMtrHFhah.-QBXnUkB9SfkIdZzLxWVlShCVw4xNZejRzrwBZ7qkhY
Sewa Mesin Fotocopy Biro Organisasi dan SDM Aparatur,DRAFT,2026,44be670e-f2ed-4673-a460-c5a51960a1e2,2,0,ON_PROCESS,Tidak,K34,SEKRETARIAT JENDERAL KEMNAKER,WA.2158.EBA.994.002.0O.522141,APBN,01KFYN7B07392R898XFSX9X7JW,120000000,63895748,1,01JA3C5B6CMH4CQ2DHXBR49BX8,450938,14434119,2026-01-27T00:00:00Z,"Peningkatan Pengelolaan dan Pelaporan Keuangan, ",efbb911a-59d7-54a0-816c-d0c9fbaa93e6.qkDEEBpJMtrHFhah.-QBXnUkB9SfkIdZzLxWVlShCVw4xNZejRzrwBZ7qkhY
Paket Meeting Fullboard Dialog Isu Aktual (Dalam Kota),COMPLETED,2026,66cca019-a866-43b3-8503-888b47121e97,69,0,COMPLETED,Tidak,K34,DITJEN PHI DAN JAMSOS,DN.2181.BDC.001.052.0B.524114,APBN,01KQE6TCXC5WBMT0R1W0JPVVGT,62100000,65846690,1,01JWZ2S3PW7XC98M0430MKPBZQ,451310,0,2026-05-04T00:00:00Z,"Penyelesaian Perselisihan Hubungan Industrial, ",efbb911a-59d7-54a0-816c-d0c9fbaa93e6.qkDEEBpJMtrHFhah.-QBXnUkB9SfkIdZzLxWVlShCVw4xNZejRzrwBZ7qkhY
Biaya Konsumsi Klasikal - PELATIHAN DASAR CALON PEGAWAI NEGERI SIPIL,COMPLETED,2026,"9e9d576e-920d-4dea-b8a1-87f76b6980bc, 7a9f525c-01af-4fbe-8ab2-10feb98f014f",3174,0,COMPLETED,Tidak,K34,PUSAT PENGEMBANGAN SUMBER DAYA MANUSIA KETENAGAKERJAAN,WA.2165.EBC.996.052.0A.521211,APBN,01KPZ95AE2AHJEQSMHXZPVQXFX,103360000,66942964,2,01JCZ4B40RAC58Y2DRVV7EJ7S8,450990,45893009,2026-04-24T00:00:00Z,"Peningkatan Kualitas Sumber Daya Manusia (SDM) Aparatur, ",efbb911a-59d7-54a0-816c-d0c9fbaa93e6.qkDEEBpJMtrHFhah.-QBXnUkB9SfkIdZzLxWVlShCVw4xNZejRzrwBZ7qkhY
Konsumsi Peserta Pelatihan Project Based Learning,DRAFT,2026,00c479d0-d20a-4558-aa61-3acf03af656f,1024,0,ON_PROCESS,Tidak,K34,BALAI BESAR PELATIHAN VOKASI DAN PRODUKTIVITAS BANDUNG,"DL.4057.SCO.003.051.0A.521211, DL.4057.SCO.003.051.0B.521211",APBN,01KYNPY8TE3PS62Y286TQXK27E,20275200,67393346,1,01JMH38V945SCD5WRTV8ES5A68,452542,10339014,2026-07-29T00:00:00Z,"Peningkatan Penyelenggaraan Pelatihan Vokasi dan Pemagangan Binalavotas, ",efbb911a-59d7-54a0-816c-d0c9fbaa93e6.qkDEEBpJMtrHFhah.-QBXnUkB9SfkIdZzLxWVlShCVw4xNZejRzrwBZ7qkhY
"Fullboard Moderator, Panitia Penyelenggara dan Peserta",COMPLETED,2026,9177ba89-8b69-4bb5-94a9-1b53561a5183,68,0,COMPLETED,Tidak,K34,DITJEN PHI DAN JAMSOS,DN.6587.QDH.002.052.0A.524119,APBN,01KNGVWS66JQKF1W91FZ5D8DMC,54400000,66124023,1,01JVA1G3JQ0SJQFJRBE6KD8TAH,451310,0,2026-04-06T00:00:00Z,"Peningkatan Pembinaan Hubungan Kerja dan Penerapan Pengupahan, ",efbb911a-59d7-54a0-816c-d0c9fbaa93e6.qkDEEBpJMtrHFhah.-QBXnUkB9SfkIdZzLxWVlShCVw4xNZejRzrwBZ7qkhY
"Paket Meeting Fullboard Peserta, Penyelenggara dan Moderator",COMPLETED,2026,faffbcf0-022a-4f2d-a7f9-5c7d73cca3d3,85,0,COMPLETED,Tidak,K34,DITJEN PHI DAN JAMSOS,DN.6587.QDH.001.051.0A.524119,APBN,01KK0QFWETEZ5VQPD7H0ZPBQFJ,76500000,66099505,1,01JY15VEE08510J72540QCDN16,451310,0,2026-03-06T00:00:00Z,"Peningkatan Pembinaan Hubungan Kerja dan Penerapan Pengupahan, ",efbb911a-59d7-54a0-816c-d0c9fbaa93e6.qkDEEBpJMtrHFhah.-QBXnUkB9SfkIdZzLxWVlShCVw4xNZejRzrwBZ7qkhY
Bahan Pelatihan Tailor Made Training 40 JP A,COMPLETED,2026,c25a5651-7044-41cc-be65-f60e7c56bf5b,2,555000,COMPLETED,Tidak,K34,BALAI PELATIHAN VOKASI DAN PRODUKTIVITAS SIDOARJO,DL.4057.SCO.003.053.0A.521211,APBN,01KMWXDFEE1RYQB9H92SQBN7ZJ,21116196,66473957,1,01JKB1JG8N0H77FGGM62DRPEGB,050302,0,2026-03-30T00:00:00Z,"Peningkatan Penyelenggaraan Pelatihan Vokasi dan Pemagangan Binalavotas, ",efbb911a-59d7-54a0-816c-d0c9fbaa93e6.qkDEEBpJMtrHFhah.-QBXnUkB9SfkIdZzLxWVlShCVw4xNZejRzrwBZ7qkhY
Pengadaan Bahan Pelatihan Vokasi UPTP RM (60 Paket),COMPLETED,2026,"ed0d2a26-13bb-4274-b939-f9241d1692f5, d00c8540-25ba-4fba-93ba-42d338afb117, 12415dc6-49d9-4614-821f-d2cd2cc528d5, 34941d41-b7da-4dc2-9521-a32b597e9f1e, d760c1a5-df2e-4190-a94f-40d72c774d76, 632417c8-edb2-4a1e-9081-e3d466702aa8, a6250704-e112-43a5-a88a-e3572235ae7b, 49112736-fb51-461b-9dfe-4965e993c69c, 2b2a115b-684c-4cae-ae7a-631a8c59e5d1, 98903ad2-0a52-49ac-89c1-e53ad41d8157, 65a60bff-23c0-4e97-8f52-19534cb9d043, bfed5a44-1395-4dc8-a83a-292e39325fa2",412,0,COMPLETED,Tidak,K34,BALAI BESAR PELATIHAN VOKASI DAN PRODUKTIVITAS SERANG,"DL.4057.SCO.003.051.0B.521211, DL.4057.SCO.003.052.0A.521211, DL.4057.SCO.003.052.0C.521211",APBN,01KKG028Q0VPDD1NJ40FZDXDG5,118462530,66342568,14,01JBXJ59JWV0PQH49W23AFCSZ5,426531,348233009,2026-03-16T00:00:00Z,"Peningkatan Penyelenggaraan Pelatihan Vokasi dan Pemagangan Binalavotas, ",efbb911a-59d7-54a0-816c-d0c9fbaa93e6.qkDEEBpJMtrHFhah.-QBXnUkB9SfkIdZzLxWVlShCVw4xNZejRzrwBZ7qkhY
Paket Meeting Fullboard - Penguatan Teknik PPHI BUMN (Luar Kota),COMPLETED,2026,2540b273-9e57-41a5-aabb-aabee50f1264,182,0,COMPLETED,Tidak,K34,DITJEN PHI DAN JAMSOS,DN.2181.BDC.001.051.0A.524119,APBN,01KNGYMNHDM5PKTWXXV8QHQ2DC,191100000,65241381,1,01K2ERRF7Q6HHH30N1G2CTYRBH,451310,0,2026-04-06T00:00:00Z,"Penyelesaian Perselisihan Hubungan Industrial, ",efbb911a-59d7-54a0-816c-d0c9fbaa93e6.qkDEEBpJMtrHFhah.-QBXnUkB9SfkIdZzLxWVlShCVw4xNZejRzrwBZ7qkhY
Pengadaan Jasa Layanan Internet (periode Maret 2026),COMPLETED,2026,e44120eb-1aaf-4f5f-b817-d3b4fb2d638d,1,0,COMPLETED,Tidak,K34,BALAI BESAR PERLUASAN KESEMPATAN KERJA,WA.6621.EBA.994.002.0c.522119,APBN,01KJRRRNNGVSEK7ZKFTG12NMG3,28860000,66023201,1,01JD1AEPSHWYGXZ0JKGX3VSRPN,259322,12616047,2026-03-03T00:00:00Z,"Dukungan Manajemen Ditjen Pembinaan Penempatan Tenaga Kerja dan Perluasan Kesempatan Kerja, ",efbb911a-59d7-54a0-816c-d0c9fbaa93e6.qkDEEBpJMtrHFhah.-QBXnUkB9SfkIdZzLxWVlShCVw4xNZejRzrwBZ7qkhY
Belanja Bahan Tahap Pelaksanaan ,DRAFT,2026,"445aaaa8-9235-45fb-b0ba-7f7b9b8f3ee1, 44818ef5-2706-4fb5-a343-893f9fc45cb4",375,0,ON_PROCESS,Tidak,K34,BALAI BESAR PELATIHAN VOKASI DAN PRODUKTIVITAS BANDUNG,DL.4059.SCO.001.051.0B.521211,APBN,01KZN2F139EGTYS5P42EQGG4HB,9312500,63715829,2,01JJTHZGWE34CARSXV2D1YRY2T,452542,27307014,2026-08-10T00:00:00Z,"Pengembangan dan Peningkatan Produktivitas Tenaga Kerja Binalavotas, ",efbb911a-59d7-54a0-816c-d0c9fbaa93e6.qkDEEBpJMtrHFhah.-QBXnUkB9SfkIdZzLxWVlShCVw4xNZejRzrwBZ7qkhY
Belanja Bahan Pelatihan Teknisi Reguler,COMPLETED,2026,0996ae06-e91c-42d0-b0fa-a4f3e4940536,32,0,COMPLETED,Tidak,K34,BALAI BESAR PELATIHAN VOKASI DAN PRODUKTIVITAS SEMARANG,DL.4057.SCO.003.054.0A.521211,APBN,01KP7SV2CKHS87RQSXGKSYX8WC,4795200,66185971,1,01JA9PQ0TDDYKB5K8QC1VDSWVA,452609,6064042,2026-04-15T00:00:00Z,"Peningkatan Penyelenggaraan Pelatihan Vokasi dan Pemagangan Binalavotas, ",efbb911a-59d7-54a0-816c-d0c9fbaa93e6.qkDEEBpJMtrHFhah.-QBXnUkB9SfkIdZzLxWVlShCVw4xNZejRzrwBZ7qkhY
Belanja Bahan Pelatihan Vokasi Bidang Industri dan Jasa Reguler,COMPLETED,2026,"e2793e51-1acc-404d-b49f-19b347f456e9, 9227cdf2-75e7-4d2a-aaaa-5c4d9b60cf6d, f7f4d04d-cb1c-4e3c-9f0e-b6059dbdc9ce, 847a78e8-7102-44fa-a995-62ee95ee1548, 3806a7eb-4c18-41f4-953b-696437604d41, 5407380e-cdd8-4471-ba80-2ee78985b9ee, 5f5f91e9-9197-4d0d-9fa2-8fc096f7e318, 1335d44e-b66e-4ea5-a38e-8aa790daa496, c0b039da-17cb-4ce3-bd7d-4c49bc72e7f3, 536c5693-1470-4b79-9b6d-7bd0c6b51a0f, ab349815-0cf6-4ed3-a0cf-1538ab989197, 240f254f-82b5-4866-8d8c-aa6c5560406c, 72ebae6d-114f-4af4-8ec9-d0d4b650db3c, f103df29-7171-4cb6-95b0-210eb0d2e39a, 17cded3d-cfc8-4125-9331-905c73ab926e, c55347cf-332c-430c-9089-9bfd31636ff2, 27a29c68-6557-463d-bfa7-6b940cd9dd62, ef3ee103-1bc6-41d5-8542-910523f91bf4, 5e377e9c-e39e-4c77-8d90-6515cf93f386",102,0,COMPLETED,Tidak,K34,BALAI BESAR PELATIHAN VOKASI DAN PRODUKTIVITAS SEMARANG,DL.4057.SCO.003.052.0A.521211,APBN,01KVF9DD6CA93DHX7A31793ZM7,13856130,65956099,19,01J81QPN27R0FDVY86ZEFZ77TW,452609,2502042,2026-06-19T00:00:00Z,"Peningkatan Penyelenggaraan Pelatihan Vokasi dan Pemagangan Binalavotas, ",efbb911a-59d7-54a0-816c-d0c9fbaa93e6.qkDEEBpJMtrHFhah.-QBXnUkB9SfkIdZzLxWVlShCVw4xNZejRzrwBZ7qkhY
Pengadaan Jasa Konsumsi Peserta Pelatihan (90 Paket),DRAFT,2026,bf650ec5-4e3b-4d22-8282-f426540aa3e1,512,0,ON_PROCESS,Tidak,K34,BALAI BESAR PELATIHAN VOKASI DAN PRODUKTIVITAS SERANG,"DL.4057.SCO.003.051.0A.521211, DL.4057.SCO.003.051.0B.521211, DL.4057.SCO.003.052.0A.521211, DL.4057.SCO.003.053.0A.521211, DL.4057.SCO.003.053.0B.521211, DL.4057.SCO.003.054.0A.521211, DL.4057.SCO.005.052.0A.521211, DL.4057.SCO.007.052.0A.521211, DL.4057.SCO.008.052.0B.521211",APBN,01KXYVDMZQQC2YH9AWG0GAYA4V,10137600,66344371,1,01JY10RH71H8NY6AVVH40AA14A,426531,0,2026-07-21T00:00:00Z,"Peningkatan Penyelenggaraan Pelatihan Vokasi dan Pemagangan Binalavotas, ",efbb911a-59d7-54a0-816c-d0c9fbaa93e6.qkDEEBpJMtrHFhah.-QBXnUkB9SfkIdZzLxWVlShCVw4xNZejRzrwBZ7qkhY
Pengadaan Bahan Pelatihan Vokasi UPTP RM (60 Paket),COMPLETED,2026,"9d3c6805-d118-46c3-a3cd-a3ea87bab865, 1f6453f7-a107-4a72-8120-5d858e7d58a2, f20b681d-3962-48aa-8c0f-0fb1aba4bbb8, db1fba49-aa2d-4aca-91d1-3da5a095b9f5, 1a9480a4-89e3-4dca-a91c-4c88174bcf0b, 1c50c8b0-d574-45d3-a225-fde982b3c568, 25079ac2-ee31-4708-8a07-08a23267e87a, f79f5180-6302-4d8d-9264-473281aab65d, e17f25bf-7afc-4a65-b2de-48850ad1f946, d5a1d2dd-cc1d-4d72-8189-bdfe42622569, ebe8b8f6-52f1-46f7-a634-f76a6c821e3d, 4d901ae4-7919-4408-bbf1-c3ae18511e64, df690b79-f047-467d-9821-e0bf53a50745, 260e7d47-35d5-4566-b8c5-fa7ad27439e6, 5da8b978-4e8f-4b8e-96a6-b7619672effc, 9006c12b-c809-4332-ba86-be3ba01f9656, 2a8f92fc-8034-45a5-a885-8f2c4cbd3147, 34c7c37c-6c5d-4af1-b3dc-ec9544ede5d3, 53ff7726-0f47-488c-bdde-80df0451b512, c5a70ea1-9478-4cd4-bf6c-4081ea3e6f25, 76775df7-7907-48f9-a153-e8dabdd23bbd, ab1c430a-e34f-47f5-af47-2812e6cda2c6, 70b0995d-412f-42bb-a465-29e7b44ae422, fb9bc091-9214-425a-97d3-c94d80aa2bd0, 4f9140ba-a4e9-4c23-8211-43dd75bdca56, 55c30c15-9fc3-4e11-afb7-c1ca61fcbe31, 772f7421-02c3-4cc0-be75-56b78ff2ea81, abc3730a-d9bf-4cb2-affa-f0c279735b34, 32022696-0655-47eb-93e4-ef8e89211ec5, 1f8dc073-c303-4242-bbd6-6bfc39330be8, 734595c0-94a5-449c-b6f3-c617db2f7a84, 7c2885e4-f9c0-49b9-ae85-e5c853c17795, e719128f-57e0-48c7-847d-cf19047704ca, e72e3b7f-52cc-4983-8cc9-bc5614047966, d2435bd0-9118-4809-a795-033c82e54a87, 6c34ee70-82cf-4782-a995-8dcf5c24458d",3948,0,COMPLETED,Tidak,K34,BALAI BESAR PELATIHAN VOKASI DAN PRODUKTIVITAS SERANG,"DL.4057.SCO.003.051.0B.521211, DL.4057.SCO.003.052.0A.521211, DL.4057.SCO.003.052.0C.521211",APBN,01KTN9WEAQQAD8KMMQQXDY40WQ,265978200,66342568,37,01JPHT8R3TKWRTQ8663M9DRT2Q,426531,43475011,2026-06-11T00:00:00Z,"Peningkatan Penyelenggaraan Pelatihan Vokasi dan Pemagangan Binalavotas, ",efbb911a-59d7-54a0-816c-d0c9fbaa93e6.qkDEEBpJMtrHFhah.-QBXnUkB9SfkIdZzLxWVlShCVw4xNZejRzrwBZ7qkhY
Pelatihan Vokasi Bidang Teknologi Informasi dan Komunikasi Teknisi PNBP,COMPLETED,2026,2445979a-8784-4653-b143-ce0fb7e5947a,1520,0,PAYMENT_OUTSIDE_SYSTEM,Tidak,K34,BALAI PELATIHAN VOKASI DAN PRODUKTIVITAS BANYUWANGI,DL.4057.SCO.007.054.OA.521211,APBN,01KVFAGFVKX8PAFDMW9GKRYX15,30400000,62259010,1,01JNFTWD5JCXQ5EH75X8VKEN21,051102,21443009,2026-06-20T00:00:00Z,"Peningkatan Penyelenggaraan Pelatihan Vokasi dan Pemagangan Binalavotas, ",efbb911a-59d7-54a0-816c-d0c9fbaa93e6.qkDEEBpJMtrHFhah.-QBXnUkB9SfkIdZzLxWVlShCVw4xNZejRzrwBZ7qkhY
Konsumsi Peserta Pelatihan 180 JP Reguler PNBP,DRAFT,2026,8c2b6024-3954-49d9-94a4-ad63660eb9e8,263,0,ON_PROCESS,Tidak,K34,BALAI BESAR PELATIHAN VOKASI DAN PRODUKTIVITAS MEDAN,DL.4057.SCO.005.052.0A.521211,APBN,01KNPCNEM5K8JSNBXAQEPAV0TX,5260000,66121303,1,01K7P0067ZG2CA6RAJ5KWNE08H,451094,0,2026-04-08T00:00:00Z,"Peningkatan Penyelenggaraan Pelatihan Vokasi dan Pemagangan Binalavotas, ",efbb911a-59d7-54a0-816c-d0c9fbaa93e6.qkDEEBpJMtrHFhah.-QBXnUkB9SfkIdZzLxWVlShCVw4xNZejRzrwBZ7qkhY
Paket Meeting Fullboard Penguatan Zona Integritas Dukungan Layanan Pasar Kerja,BUYER_CONFIRMED,2026,df302d41-d9ce-4801-a0b6-b897dbc75b83,200,0,PAYMENT_OUTSIDE_SYSTEM,Tidak,K34,PUSAT PASAR KERJA,DN.6618.BAA.001.053.0d.524119,APBN,01KNH5C3BNJMY8JNHB4AN8196F,200000000,66836297,1,01JM1PP4JJGPYC40N9WZ65RGDH,626011,831638,2026-04-06T00:00:00Z,"Peningkatan Pelayanan Pasar Kerja, ",efbb911a-59d7-54a0-816c-d0c9fbaa93e6.qkDEEBpJMtrHFhah.-QBXnUkB9SfkIdZzLxWVlShCVw4xNZejRzrwBZ7qkhY
Belanja Barang Persediaan Pencetakan Blanko Sertifikat Kompetensi Tahap IV,DRAFT,2026,21e04b91-d675-44c5-b61c-82c04386bd2c,100000,0,ON_PROCESS,Tidak,K34,Sekretariat Badan Nasional Sertifikasi Profesi,DL.4053.PDI.004.051.0A.521811,APBN,01KXZBZ9XZ55EBDH18PX8ZPNK6,488400000,67530254,1,01J8HGR94XM9YJTH5RYRWHR4FR,452533,1240047,2026-07-21T00:00:00Z,"Pengembangan Sistem dan Pelaksanaan Sertifikasi Kompetensi Profesi Binalavotas, ",efbb911a-59d7-54a0-816c-d0c9fbaa93e6.qkDEEBpJMtrHFhah.-QBXnUkB9SfkIdZzLxWVlShCVw4xNZejRzrwBZ7qkhY
Belanja Pengadaan Pegawai Non Aparatur ,DRAFT,2026,"8889b1bf-b146-498f-9e2c-6af824b56c24, bc133992-977c-4263-a308-39098e2e2bb8, 57883207-8178-4ce4-abaf-7b777cdabcfb",174,,CANCELLED_ON_NEGOTIATION,Tidak,K34,BADAN PERENCANAAN DAN PENGEMBANGAN KETENAGAKERJAAN,WA.6624.EBA.994.002.CB.522191,APBN,01KF115TTC9FAH89Z8W50KZ5XK,1468800000,62680368,3,01JC4WS8C5M2TXFXV3S7J26613,452677,1084190,,"Dukungan Manajemen Badan Perencanaan dan Pengembangan Ketenagakerjaan, ",efbb911a-59d7-54a0-816c-d0c9fbaa93e6.qkDEEBpJMtrHFhah.-QBXnUkB9SfkIdZzLxWVlShCVw4xNZejRzrwBZ7qkhY
Paket Meeting Fullboard Peserta dan Panitia,DRAFT,2026,d592a259-9fc8-45ee-a559-0ee320cbd2f8,108,,CANCELLED_ON_REVIEW,Tidak,K34,DITJEN PHI DAN JAMSOS,DN.5586.BDC.001.051.0A.524119,APBN,01KXCQV2F4Z4J5N7MM4Y3KJPX3,102600000,66262516,1,01JT7NGJFFBDD29JBB0NG7GNJ4,451310,0,,"Peningkatan Penerapan Jaminan Sosial Tenaga Kerja dan Fasilitasi Kesejahteraan Pekerja, ",efbb911a-59d7-54a0-816c-d0c9fbaa93e6.qkDEEBpJMtrHFhah.-QBXnUkB9SfkIdZzLxWVlShCVw4xNZejRzrwBZ7qkhY
Pengadaan Paket Fullboard Meeting Luar Kota LISTRAF Komponen C,COMPLETED,2026,0df4385c-e583-423e-a6a6-d7b45dad50c9,4,0,COMPLETED,Tidak,K34,BIRO PERENCANAAN,WA.2160.AEA.002.055.0O.524119,APBN,01KH0SYY2V2AYV8GQM87TZSHRR,4600000,65584502,1,01JXVYFXQ46226PBVES9PTQEQW,450922,0,2026-02-10T00:00:00Z,"Peningkatan Perencanaan Program dan Anggaran, ",efbb911a-59d7-54a0-816c-d0c9fbaa93e6.qkDEEBpJMtrHFhah.-QBXnUkB9SfkIdZzLxWVlShCVw4xNZejRzrwBZ7qkhY
Pakaian Kerja,COMPLETED,2026,aa319959-6b82-406f-9b40-51884b5d172f,240,0,COMPLETED,Tidak,K34,BALAI PELATIHAN VOKASI DAN PRODUKTIVITAS SAMARINDA,DL.4057.SCO.003.053.0A.521211,APBN,01KMQ2M0EQ44958E6RD2N9FCNZ,35897400,66386506,1,01KJVJYPV97SJ4KC540PD8QRCM,451108,0,2026-04-01T00:00:00Z,"Peningkatan Penyelenggaraan Pelatihan Vokasi dan Pemagangan Binalavotas, ",efbb911a-59d7-54a0-816c-d0c9fbaa93e6.qkDEEBpJMtrHFhah.-QBXnUkB9SfkIdZzLxWVlShCVw4xNZejRzrwBZ7qkhY
Project Based Learning,COMPLETED,2026,"7ad1ac49-cbbf-4774-ac3d-bc192fc61b56, b878a70c-6b77-4556-b4b1-77f3512fc0be, b0509ad0-da8e-4487-9235-bebc0a088049, 5533c76a-56e4-47e9-b975-2f3642e1d152, e87f9fa0-251a-4244-8207-209eed845c19, b8cfaa71-dbfe-431f-8147-f7f8bca8e776, 3ec84991-d14b-4d99-8bcb-005ca960daa4, 423a94fc-a578-4417-b54c-8f4089e1a245, 935e64c9-ddab-44f1-aad5-493fb8964fd3, 9e01c104-0d77-4184-ad39-7ad7ee31507c, ea141fb0-f721-4443-ae98-f0d33f31d17e, fa9c15e4-5d03-429a-bad8-1189f4ba1cd1, 5dcf0a3b-5a31-4b07-bb1a-007ecacf4c40",15,0,ON_PROCESS,Tidak,K34,BALAI PELATIHAN VOKASI DAN PRODUKTIVITAS SURAKARTA,"DL.4057.SCO.003.051.0A.521211, DL.4057.SCO.003.051.0A.521213, DL.4057.SCO.003.051.0A.521219, DL.4057.SCO.003.051.0A.521811, DL.4057.SCO.003.051.0A.522151, DL.4057.SCO.003.051.0A.524111, DL.4057.SCO.003.051.0A.526312, DL.4057.SCO.003.051.0B.521211, DL.4057.SCO.003.051.0B.521213, DL.4057.SCO.003.051.0B.521219, DL.4057.SCO.003.051.0B.521811, DL.4057.SCO.003.051.0B.522151, DL.4057.SCO.003.051.0B.524111, DL.4057.SCO.003.051.0B.526312, DL.4057.SCO.003.051.0C.521211, DL.4057.SCO.003.051.0C.521213, DL.4057.SCO.003.051.0C.521219, DL.4057.SCO.003.051.0C.521811, DL.4057.SCO.003.051.0C.522151, DL.4057.SCO.003.051.0C.524111, DL.4057.SCO.003.051.0C.526312, DL.4057.SCO.003.051.0D.521211, DL.4057.SCO.003.051.0E.521211, DL.4057.SCO.003.051.0E.524111",APBN,01KJ6NT5NP7VJME601NWFVXB8J,308184415,62084433,13,01K5DF5BGXKHFFXM49JDTCQ98T,035636,0,2026-03-02T00:00:00Z,"Peningkatan Penyelenggaraan Pelatihan Vokasi dan Pemagangan Binalavotas, ",efbb911a-59d7-54a0-816c-d0c9fbaa93e6.qkDEEBpJMtrHFhah.-QBXnUkB9SfkIdZzLxWVlShCVw4xNZejRzrwBZ7qkhY
"Belanja Pakaian Kerja, Bahan dan Konsumsi Pelatihan - BLK Purworejo",COMPLETED,2026,971f0d1d-d9c2-45fd-96cb-8b88fd5366b5,32,0,PAYMENT_OUTSIDE_SYSTEM,Tidak,K34,BALAI PELATIHAN VOKASI DAN PRODUKTIVITAS SURAKARTA,DL.4057.SCO.011.052.0A.521211,APBN,01KKT4YZK8XA5AF81WWZTHWPEA,11171040,66399315,1,01J95KJP4YTTB3MJ809YTHDHYV,035636,24473009,2026-03-17T00:00:00Z,"Peningkatan Penyelenggaraan Pelatihan Vokasi dan Pemagangan Binalavotas, ",efbb911a-59d7-54a0-816c-d0c9fbaa93e6.qkDEEBpJMtrHFhah.-QBXnUkB9SfkIdZzLxWVlShCVw4xNZejRzrwBZ7qkhY
Belanja Bahan TMT Klaster,COMPLETED,2026,"f40cbdfb-4f60-4681-81ac-17fecf721d63, 7f361051-7d47-4485-8198-a12ac0d6b191, d88cbba5-cae9-43c1-8bd9-e415c4b5293d, ae1815ec-31ba-4a6e-ae0e-c11a5d1ac242, 686227f6-8a4c-42fa-876f-d0ee2bfd1889, 372d959e-2954-4f2f-8a33-8c3551fb8793, 4810a691-1067-4b53-84f3-bdbd0941a0ca, 5dbecf76-1bc7-4863-9349-c11725c2013d, 51d2c2de-3a54-47f5-bf87-e22f11ce8104, b700f7d9-a733-4cd4-9ae8-c786e34edfcc, 78e96cc9-4a3e-4e0c-b3c0-c1a456bd6b43, b251f938-6c26-4185-b3ac-aecb4f8f4cb2, 054461b3-7c95-45a3-afe4-03a7198cd27c, 267ea927-66a3-49b5-a320-25fa972e984c, c712becd-83f8-4984-8ada-99227c70203f, 54dbabee-189e-4411-a8b1-db7b6316d781, 36888866-22eb-48cf-aaf6-425ff95a9564, f4fe7ba6-db4e-49e7-bd27-6d166cccc0d5, c5b67f33-0c85-405e-bc92-e3d5befff9f0, 10efdf35-0ba9-4aa9-a067-471a5e2e4878, a10a4e3a-32cf-41b0-b858-64311ffcb660, 6a551cc4-3746-4fd5-82ca-72c0abf7b458, 66742882-bc04-41fa-8194-83e20eb9c9c4, 1846ac58-c23b-4498-9cc4-fc5f2e13432b, 5af293fb-e453-49e1-92e3-58b3ea3aa86b, e7a5c59d-0fe8-4e3e-a128-a928f1880801, b2799d15-1296-43b5-b786-3ae7590919f3, 67537211-03b0-4a59-9303-7fed2d816438, ac3b1af4-dddf-499d-984c-62a869d88c1e, a9704d9b-45d3-4d07-972d-6d87c3fea9bb, 05805adc-5647-4d07-b37c-dd3529d95e17, 9659cc9a-9e37-4849-80dd-ca03d2e1f39a, fb36aaa0-c1c8-4f4d-92ff-26711caf2179, 786a2eec-a150-4567-828f-252cf6f2b91f, a56256ae-65ed-4b5a-9a92-de6cfc5d639f, a493e1db-3015-4a05-98b5-03b0af194f77, 27e2a10e-8817-4310-94cd-bd38bd6e2bab, 8f98a452-89ae-445c-ab8a-8afc866df28b, da06324a-af7b-4a3a-86d5-d82372ec0986, f47e3f51-f91c-453c-877c-3f60acffb4f9, 2d24818e-62c6-400c-ac39-4b65326667c7, eadbca52-dde9-419d-aea6-9d9c891e6f06, a762a656-e2df-429a-8365-f51df8799c50, fd2a91f7-7b94-4700-9c74-696f94ebe84b, 032a532b-2803-466b-87bc-4cec03a9f828, a5c381b0-1161-47fd-b128-1126eb02c6a4, 4714d2be-0bfd-4ab4-a668-3935ef662e98, df70f92b-a822-4956-8af7-0bf9ef08fe35, 559f2282-bda7-4501-a085-e106af7a8a6e, 6d496fd9-a7b4-4ac8-b34b-c1049cde04aa, 6769a2ff-4311-491d-891b-1abce57b39f3, 1c649746-35de-43b6-b636-416cb6af13ea",1203,233100,COMPLETED,Tidak,K34,BALAI BESAR PELATIHAN VOKASI DAN PRODUKTIVITAS SEMARANG,DL.4057.SCO.003.053.0A.521211,APBN,01KKZ5QWMWF3BGS315FGPPPQMV,19611036,66185950,52,01JYDESZTP0YA22FBCZT8CDSRE,452609,0,2026-03-18T00:00:00Z,"Peningkatan Penyelenggaraan Pelatihan Vokasi dan Pemagangan Binalavotas, ",efbb911a-59d7-54a0-816c-d0c9fbaa93e6.qkDEEBpJMtrHFhah.-QBXnUkB9SfkIdZzLxWVlShCVw4xNZejRzrwBZ7qkhY
Belanja Bahan Project Based Learning A,COMPLETED,2026,0996ae06-e91c-42d0-b0fa-a4f3e4940536,164,0,COMPLETED,Tidak,K34,BALAI BESAR PELATIHAN VOKASI DAN PRODUKTIVITAS SEMARANG,DL.4057.SCO.003.051.0A.521211,APBN,01KPA92GT0YAQGY655WMMEDM7A,24575400,66185882,1,01JA9PQ0TDDYKB5K8QC1VDSWVA,452609,6064042,2026-04-16T00:00:00Z,"Peningkatan Penyelenggaraan Pelatihan Vokasi dan Pemagangan Binalavotas, ",efbb911a-59d7-54a0-816c-d0c9fbaa93e6.qkDEEBpJMtrHFhah.-QBXnUkB9SfkIdZzLxWVlShCVw4xNZejRzrwBZ7qkhY
Pengadaan Bahan Pelatihan Vokasi UPTP PNBP (30 Paket),COMPLETED,2026,"35f3ab4e-4666-4582-81cb-7085d5bc0b74, 90a45567-c430-4d27-a7af-bcc998e05ffc, e8028d04-c687-4af8-9472-514eee4e0a80, 948e82fa-3c2a-4f93-a7db-7b98f57e8f69, 58537a09-bd28-4fee-aa5d-9a41396ad43c, 80e4ad1e-76ba-4481-bc54-e3c62c7c2943, 8ee4351d-fbcb-414b-9cec-2c1f1fee92d0, 57657240-a89b-4c9a-9923-6a5b9ec28f99, 97342e00-de8b-44be-8ef7-48608a43346a, 85850cff-c93a-4334-a0f5-fd64fc1456c4, 3fa61fd7-1d8f-4fff-b29c-dfc46da2f16e, 6c38a534-8a10-4408-b1d2-fcbb64be4ae6, ee2f5894-4fab-44cd-926b-5de07e112cb4, b41954d5-51f7-4a3a-a730-c087795743b6, 98f237c8-1ba8-48da-8dec-46105d9239c0, f4837042-ffd2-4d5d-9c37-90a25927fea7, f8cbd850-3abb-4c55-b940-6d5338ce8963, 30f200a1-2474-4b3b-b4d0-f7f9bf0b6da3, 0f954087-f7d6-4021-8162-7dbcfa6de066, a1a86b25-e904-46ec-9540-7263f3065791, 67cd5499-d44d-47e2-af25-72fbc1d72d97, 184772b6-5933-465a-8ff2-05766b8f3ce1, ac983cac-dd6d-478f-b6d8-879cb244b100, 289e0359-4fc3-40b1-871d-45fcfd24870e, aad1222f-835d-4204-b283-bb032bb92b4b, 7083e423-1298-4217-a2e3-3fb139f5321f, 85667603-a787-4b62-b6ea-e401ddad9345, 9056b74a-6054-4a0f-816d-f991b9ce45aa, 80fe8e28-0d9a-4b6a-9026-74b84a807699, 3e783b3e-24d3-45c4-ae13-b7973a94c3a2, 2988eb27-55c5-45d2-abd2-10410a3898f8, a175e4f4-a919-4df7-841b-64d3df9baf58, a4b3b4ad-1431-4651-b2db-bdb9aff224eb, 2d040dee-9266-4f6a-985e-8fd89059d371, 6d61b59f-d623-4489-a3ea-55461cfc1d6c, 338b4945-83d5-4b51-82f2-683f855a3346, 4867abb9-a47e-48cb-ba4a-ea723439c2a4, 8a0246bd-5555-4a76-a3ea-b5f28d63498d, 086efcd4-6c43-4a57-9b86-14ca195418fd, eaae8f24-e733-4dca-ac3a-23ab8d34be1b, 577b9699-72d1-4b2e-a787-41c0034e846c, 1ea73421-7975-4a04-aa3b-5938b563b8fd, d5b1db94-7dca-4d27-8223-9dcbedd15bd5, 52775516-2be1-4531-adb1-0097389e55a3, 8e6c2302-4986-4b9b-a0b1-e0e1ca3b3ae3, 50ec4106-bf63-4fca-a335-523f349d13d0, 83582f24-5dc3-4fbe-b339-9533909cc20e, 5ab2e7c3-e1f3-4b7a-9338-cac62e2c6b03, 603053a5-3f92-4c63-9894-a60324b0820e, 9affc9e7-794f-48ae-8814-ed94e9f7ff85, d376ef06-34c8-4493-9f7e-9f7e54d369e6, d30f8a74-7d1a-4eb9-a48d-88f654e5a604, 3c4243ad-3890-47b5-ac75-86824938e145, 1eab641d-eb38-4289-ae6c-eb97173c4dd1, e107e609-2503-4177-8251-1c2fc51cbf00, 7e4945b5-c1b2-437a-89fc-8c9aedb34c5d, aa0cb2ab-536b-447e-b080-8e55eb2a490e, e1f6ba10-6d1a-4e74-a63f-2f9f444d9f60, 0ce9556b-282f-4450-898d-f0d99f83042a, 300383c6-9f06-4313-9634-a1bde9a5b7ff, 8672d428-797f-4658-ae54-3b012f8e512f, 02c20927-a876-46bf-a537-14e7d91bbdaa, 5fe9df93-8696-49d4-8472-102196c30239, d17bc261-4b1a-41e0-b1bb-61cddbfd4d77, eee6a0b6-1ff1-4362-ba9e-ebff0161e824, 57278ed3-56a5-4b27-851a-59660e23310f, 8638e057-e519-41e8-8f98-a079570269a5, 64662afb-c8b8-4fc7-8d0a-513da411d188, dba6386e-2e57-418f-907e-0b38919a5ef9",905,0,COMPLETED,Tidak,K34,BALAI BESAR PELATIHAN VOKASI DAN PRODUKTIVITAS SERANG,"DL.4057.SCO.003.051.0A.521211, DL.4057.SCO.003.053.0A.521211, DL.4057.SCO.003.054.0A.521211, DL.4057.SCO.005.052.0A.521211, DL.4057.SCO.007.052.0A.521211, DL.4057.SCO.008.052.0B.521211",APBN,01KYK9FDCCAMW0K0BP9GMV9WH6,104142420,66342119,81,01J8M8DD8G2QTQVXFNY1S0SJW3,426531,279659009,2026-07-30T00:00:00Z,"Peningkatan Penyelenggaraan Pelatihan Vokasi dan Pemagangan Binalavotas, ",efbb911a-59d7-54a0-816c-d0c9fbaa93e6.qkDEEBpJMtrHFhah.-QBXnUkB9SfkIdZzLxWVlShCVw4xNZejRzrwBZ7qkhY
Pelatihan Vokasi di Provinsi Jawa Timur UPT BLK Kota Probolinggo,DRAFT,2026,186d4b88-661e-46e2-9d04-4a001742fee0,1088,0,ON_PROCESS,Tidak,K34,BALAI PELATIHAN VOKASI DAN PRODUKTIVITAS BANYUWANGI,DL.4057.SCO.013.066.OA.521211,APBN,01KXYVE5KJ986X1H3FM6SN70XV,21760000,62259233,1,01JM15753XT9SGST03GTVZYT46,051102,0,2026-07-20T00:00:00Z,"Peningkatan Penyelenggaraan Pelatihan Vokasi dan Pemagangan Binalavotas, ",efbb911a-59d7-54a0-816c-d0c9fbaa93e6.qkDEEBpJMtrHFhah.-QBXnUkB9SfkIdZzLxWVlShCVw4xNZejRzrwBZ7qkhY
(Biro Hukum) Belanja Jasa Lainnya atas Tenaga Alih Daya pada Unit Kerja Biro Hukum,DRAFT,2026,"8793cac9-fcb7-4635-946b-80c44a7add22, 2be22e62-e704-4cd6-a611-075d8a9b380d, 6ed626c3-c5ce-4e99-b155-53bce9ade372",3,0,ON_PROCESS,Tidak,K34,SEKRETARIAT JENDERAL KEMNAKER,WA.2158.EBA.994.002.0G.522191,APBN,01KFATHTJ2EEN63R1T802YJ6FS,11769763,65979581,3,01JET10AAPJGW6SSP1CK73MJCH,450938,7915047,2026-01-20T00:00:00Z,"Peningkatan Pengelolaan dan Pelaporan Keuangan, ",efbb911a-59d7-54a0-816c-d0c9fbaa93e6.qkDEEBpJMtrHFhah.-QBXnUkB9SfkIdZzLxWVlShCVw4xNZejRzrwBZ7qkhY
akomodasi dan konsumsi fullboard Penyusunan Kebutuhan Pengantar Kerja Coaching Clinic,DRAFT,2026,48053cca-0ad9-4656-820a-b2b42658b4fd,46,0,ON_PROCESS,Tidak,K34,DITJEN PEMBINAAN PENEMPATAN TENAGA KERJA DAN PERLUASAN KESEMPATAN KERJA,DN.6593.DCI.002.052.0H.524119,APBN,01KPMES6N4B931KJC1VN4XMPCW,32200000,66846139,1,01JFRSEYGKGHVAKJ2FQ9S0CCGF,451139,3639097,2026-04-20T00:00:00Z,"Peningkatan Kompetensi Pengantar Kerja, ",efbb911a-59d7-54a0-816c-d0c9fbaa93e6.qkDEEBpJMtrHFhah.-QBXnUkB9SfkIdZzLxWVlShCVw4xNZejRzrwBZ7qkhY
"Belanja Pakaian Kerja, Bahan dan Konsumsi Pelatihan - BLK Purworejo",COMPLETED,2026,"8c89acd4-63dd-44e9-9ea9-87481b4ca4bc, 462fed1c-1cc0-460e-b2b2-2c836172e28e, eebf25f9-c7ca-434a-a567-3dd574dca909, 3458ff01-515f-44f1-a07d-263324241861, 03dc33a0-c3d0-42d0-98f6-1c061b07e3a9, 04bcff0f-38aa-407e-b4b5-a7baee120fc1, 21cc9165-3114-47f9-a709-cc090e880276, 37091aa9-70d7-48f0-b044-a157b2960152, 5bcfd766-3178-40c1-8a05-4f06b32f8814, c0e4b3a3-4faa-46c3-8c72-72bc46c376c9, ff89d0bb-c2b0-4acb-9476-957e41347bdb, 4ef369c4-3adc-4a1f-acc9-015108760d34, 52d58577-cf85-48f4-96ab-c91b9f68aa8d, 5aab8dd9-d346-41b1-88fa-8374b48f18c1, 639df4e2-f38f-40a7-a669-ca0996f2ec60, 7e2f20a6-dd4c-4dbd-b5d2-3bfecddac0d5, a4da6f6a-8c2c-4445-a6ee-acac349d966d, f09e745a-b36e-49e5-a803-c150b6504957, 7bbc3e1a-cc53-4778-a076-732e6d506d9d, d7924fc3-14f6-455a-8d30-5c115e6e5e9c, 469ca417-992d-45d5-8e51-83b0acde34e4, 52076a43-3da0-4f5f-8682-8d7ea3a3e206, ef199606-2d09-4064-a729-7b39d7ebfe39, 441cd95b-bf03-4533-bb0e-157882ef5226, a5c1e850-7dca-4fa9-8ad7-0b9ca52ed1b1, f292e29c-0213-4bd4-b9bb-1f04c9dac2e4, af99faed-37b0-4d2b-a74f-8b7f9ed0e8ce, 9cb6c9a9-e5c2-45ba-a33c-dcd62a777e53, f4ec0653-9269-4575-b301-29efed323ec9, 41fdc3d5-ccce-4719-be72-2ed0472a24b3, aafdb77a-4c75-4c58-b6d2-a31707f559e6, 19f89f26-5de1-43a2-9337-780c0fed47c1, d5141970-f932-41b8-bffd-5c5c9d7d6734, 348db195-336b-4343-ad41-7be3247317e0, eec956eb-575f-4808-8058-545fba8116fe, 798a2df9-8c70-48b9-859c-33f125ab0855",468,0,ON_PROCESS,Tidak,K34,BALAI PELATIHAN VOKASI DAN PRODUKTIVITAS SURAKARTA,DL.4057.SCO.011.052.0A.521211,APBN,01KTZVQNAKCZABDMCXYGTX08VQ,13374457,66399315,36,01J8EYHD8PYWAY0M89V8RD4DMF,035636,124146,2026-06-15T00:00:00Z,"Peningkatan Penyelenggaraan Pelatihan Vokasi dan Pemagangan Binalavotas, ",efbb911a-59d7-54a0-816c-d0c9fbaa93e6.qkDEEBpJMtrHFhah.-QBXnUkB9SfkIdZzLxWVlShCVw4xNZejRzrwBZ7qkhY
Jasa Outsourcing,DRAFT,2026,88baef53-a05e-4e6b-927c-6e5e10c5c957,153,0,ON_PROCESS,Tidak,K34,BALAI PELATIHAN VOKASI DAN PRODUKTIVITAS LOMBOK TIMUR,WA.6988.EBA.994.002.0B.522151,APBN,01KKGFW3PBXPD6Q3GVDW9BNSCR,598925385,66339509,1,01JETC9Q1AK4WAT72ME95AJFVF,230302,70174,2026-03-19T00:00:00Z,"Dukungan Manajemen Direktorat Jenderal Pembinaan Pelatihan Vokasi dan Produktivitas, ",efbb911a-59d7-54a0-816c-d0c9fbaa93e6.qkDEEBpJMtrHFhah.-QBXnUkB9SfkIdZzLxWVlShCVw4xNZejRzrwBZ7qkhY
HONORARIUM ALIH DAYA DAN OUTSOURCHING,DRAFT,2026,"fd6f96d9-d3ee-4419-9fb1-d2411c0515cf, ac937d68-db19-4eba-a8ef-653fa2a2ea64, eaec4b00-f7aa-4797-968d-09139b2cba21",288,0,ON_PROCESS,Tidak,K34,BALAI BESAR PELATIHAN VOKASI DAN PRODUKTIVITAS SEMARANG,WA.6988.EBA.994.002.0G.522191,APBN,01KERSN97Y6K55K9VVG1SFTRM6,1404283680,62758568,3,01JCQMVJQY39BT06VAWRSZM5RX,452609,9203042,2026-01-12T00:00:00Z,"Dukungan Manajemen Direktorat Jenderal Pembinaan Pelatihan Vokasi dan Produktivitas, ",efbb911a-59d7-54a0-816c-d0c9fbaa93e6.qkDEEBpJMtrHFhah.-QBXnUkB9SfkIdZzLxWVlShCVw4xNZejRzrwBZ7qkhY
Bahan Pelatihan Tailor Made Training 160 JP A,COMPLETED,2026,58fe6d36-662a-48eb-a5f0-47328ecf9bdb,3,0,COMPLETED,Tidak,K34,BALAI PELATIHAN VOKASI DAN PRODUKTIVITAS SIDOARJO,DL.4057.SCO.003.053.0A.521211,APBN,01KMX5EMTHKSMW5T1KS9B8JT5F,50056560,66473604,1,01JGD7AZK8S8APTXD8DR9RABJX,050302,1483116,2026-03-30T00:00:00Z,"Peningkatan Penyelenggaraan Pelatihan Vokasi dan Pemagangan Binalavotas, ",efbb911a-59d7-54a0-816c-d0c9fbaa93e6.qkDEEBpJMtrHFhah.-QBXnUkB9SfkIdZzLxWVlShCVw4xNZejRzrwBZ7qkhY
Belanja Sewa BDC 003,DRAFT,2026,"3721513d-917d-43f8-803d-ba71d069fe83, 3a1dbde1-b8c2-494b-a1e4-39e7f197b38a, ba5ff9a4-91f5-4ddf-a3b0-217303c55c20",200,0,ON_PROCESS,Tidak,K34,DIREKTORAT BINA PERLUASAN KESEMPATAN KERJA,DN.2175.BDC.003.051.0A.522141,APBN,01KFN6BZHQND5ZPJ7E502FRR57,203499930,64139126,3,01HRXRSGFR2F4NH0S9KQF03NP1,626041,0,2026-01-23T00:00:00Z,"Perluasan Kesempatan Kerja, ",efbb911a-59d7-54a0-816c-d0c9fbaa93e6.qkDEEBpJMtrHFhah.-QBXnUkB9SfkIdZzLxWVlShCVw4xNZejRzrwBZ7qkhY
"Pengadaan Pakaian Kerja PBK, PBL, dan TMT Batch 3",COMPLETED,2026,06358185-d72f-42e0-b8f0-6e285b1af7b7,320,0,COMPLETED,Ya,K34,BALAI PELATIHAN VOKASI DAN PRODUKTIVITAS BELITUNG,"DL.4057.SCO.003.051.0A.521211, DL.4057.SCO.003.053.0A.521211, DL.4057.SCO.005.052.0A.521211, DL.4057.SCO.006.052.0A.521211",APBN,01KWNF4YV7PHMHYC06AND61Z1S,30724800,67409520,4,01K042RGHDY0DMYYTK772P8H4M,352631,0,2026-07-04T00:00:00Z,"Peningkatan Penyelenggaraan Pelatihan Vokasi dan Pemagangan Binalavotas, ",efbb911a-59d7-54a0-816c-d0c9fbaa93e6.qkDEEBpJMtrHFhah.-QBXnUkB9SfkIdZzLxWVlShCVw4xNZejRzrwBZ7qkhY
Paket Fullboard Meeting Panitia dan peserta Fullboard (Peningkatan Soft skill Mediator Hubungan Industrial),COMPLETED,2026,0c81643f-3cd8-4daf-910f-5a365a02b7a6,154,0,COMPLETED,Tidak,K34,DITJEN. PEMBINAAN HUBUNGAN INDUSTRIAL DAN JAMINAN SOSIAL TENAGA KERJA,DN.6586.UAC.001.051.0B.524119,APBN,01KGS849NTKE866ME70Q4A7VJ2,117040000,65232675,1,01JFHAVDV47FT36V2D17V006AX,451270,20962127,2026-02-09T00:00:00Z,"Peningkatan Kompetensi Mediator Hubungan Industrial, ",efbb911a-59d7-54a0-816c-d0c9fbaa93e6.qkDEEBpJMtrHFhah.-QBXnUkB9SfkIdZzLxWVlShCVw4xNZejRzrwBZ7qkhY
"Paket Meeting Fullboard Peserta, Penyelenggara, dan Moderator",COMPLETED,2026,a962104e-6d6a-4bd6-85b6-ad13d1f61583,80,0,COMPLETED,Tidak,K34,DITJEN PHI DAN JAMSOS,DN.6587.BDC.001.051.0B.524119,APBN,01KJS9YHPDRXQRV2EBMPAZVXVF,76000000,66123873,1,01JSGMVJ76M476G8XYN8A10QEH,451310,0,2026-03-05T00:00:00Z,"Peningkatan Pembinaan Hubungan Kerja dan Penerapan Pengupahan, ",efbb911a-59d7-54a0-816c-d0c9fbaa93e6.qkDEEBpJMtrHFhah.-QBXnUkB9SfkIdZzLxWVlShCVw4xNZejRzrwBZ7qkhY
Pengadaan Pakaian Kerja dan Kaos Peserta Pelatihan (189 Paket),COMPLETED,2026,"ff913ca8-4573-41e9-b773-b4dd2a09f116, dbed8759-b7be-4c27-a876-fd30e16cfc2c",340,0,COMPLETED,Tidak,K34,BALAI BESAR PELATIHAN VOKASI DAN PRODUKTIVITAS SERANG,"DL.4057.SCO.003.051.0A.521211, DL.4057.SCO.003.051.0B.521211, DL.4057.SCO.003.052.0A.521211, DL.4057.SCO.003.052.0C.521211, DL.4057.SCO.003.053.0A.521211, DL.4057.SCO.003.053.0B.521211, DL.4057.SCO.003.054.0A.521211, DL.4057.SCO.005.052.0A.521211, DL.4057.SCO.005.052.0C.521211, DL.4057.SCO.007.052.0A.521211, DL.4057.SCO.007.052.0C.521211, DL.4057.SCO.008.052.0A.521211, DL.4057.SCO.008.052.0B.521211, DL.4057.SCO.035.051.0B.521211, DL.4057.SCO.035.054.0B.521211, DL.4057.SCO.035.055.0B.521211, DL.4057.SCO.035.056.0B.521211",APBN,01KXQ4VSMW3WPA3T32D7ABT7ZN,45632100,63093792,10,01JBGDSJNXNZCRFFDHX1P49CE2,426531,16727127,2026-07-20T00:00:00Z,"Peningkatan Penyelenggaraan Pelatihan Vokasi dan Pemagangan Binalavotas, ",efbb911a-59d7-54a0-816c-d0c9fbaa93e6.qkDEEBpJMtrHFhah.-QBXnUkB9SfkIdZzLxWVlShCVw4xNZejRzrwBZ7qkhY
Belanja Jasa Langganan Internet ,DRAFT,2026,894a0704-8675-47aa-ae2a-3a4c03346800,12,0,ON_PROCESS,Tidak,K34,BALAI BESAR PELATIHAN VOKASI DAN PRODUKTIVITAS BANDUNG,WA.6988.EBA.994.002.0A.522119,APBN,01KEDXEHV9NMFAKN2Q22YSZN4Q,299999700,62511624,1,01JBZWQXGVBSGYK0VXVEGJG7K1,452542,2530047,2026-01-08T00:00:00Z,"Dukungan Manajemen Direktorat Jenderal Pembinaan Pelatihan Vokasi dan Produktivitas, ",efbb911a-59d7-54a0-816c-d0c9fbaa93e6.qkDEEBpJMtrHFhah.-QBXnUkB9SfkIdZzLxWVlShCVw4xNZejRzrwBZ7qkhY
Pengadaan Pakaian Kerja,COMPLETED,2026,ebe4b65b-fb95-4218-8baf-5fe9b0f53e80,16,0,ON_PROCESS,Tidak,K34,BALAI PELATIHAN VOKASI DAN PRODUKTIVITAS BANYUWANGI,DL.4057.SCO.030.054.0A.521211,APBN,01KYRTZ15JBDTFKNSXQ98TEHGP,3120000,67511144,1,01JH9VCW4V0DDNPS36WA7MESYR,051102,1988033,2026-07-31T00:00:00Z,"Peningkatan Penyelenggaraan Pelatihan Vokasi dan Pemagangan Binalavotas, ",efbb911a-59d7-54a0-816c-d0c9fbaa93e6.qkDEEBpJMtrHFhah.-QBXnUkB9SfkIdZzLxWVlShCVw4xNZejRzrwBZ7qkhY
Pengemudi/Asisten Ahli/Tenaga Ahli Sub Profesional,DRAFT,2026,"9fa153ce-564d-450e-ac6d-6f116ff4383b, 3e3f4718-76fc-4949-b4ff-0e1d75692f0a",50,,CANCELLED_ON_NEGOTIATION,Tidak,K34,DIREKTORAT BINA KELEMBAGAAN PELATIHAN VOKASI,WA.6988.EBA.994.002.0A.522191,APBN,01KW8G6D75CVDMARG8BBF7CZYQ,456312140,65017646,2,01JC8HPBWWT8NZ12ZXT6628CQG,626131,11240127,,"Dukungan Manajemen Direktorat Jenderal Pembinaan Pelatihan Vokasi dan Produktivitas, ",efbb911a-59d7-54a0-816c-d0c9fbaa93e6.qkDEEBpJMtrHFhah.-QBXnUkB9SfkIdZzLxWVlShCVw4xNZejRzrwBZ7qkhY
Pengadaan Pakaian Kerja dan Kaos Peserta Pelatihan (189 Paket),COMPLETED,2026,ff913ca8-4573-41e9-b773-b4dd2a09f116,32,0,COMPLETED,Tidak,K34,BALAI BESAR PELATIHAN VOKASI DAN PRODUKTIVITAS SERANG,"DL.4057.SCO.003.051.0A.521211, DL.4057.SCO.003.051.0B.521211, DL.4057.SCO.003.052.0A.521211, DL.4057.SCO.003.052.0C.521211, DL.4057.SCO.003.053.0A.521211, DL.4057.SCO.003.053.0B.521211, DL.4057.SCO.003.054.0A.521211, DL.4057.SCO.005.052.0A.521211, DL.4057.SCO.005.052.0C.521211, DL.4057.SCO.007.052.0A.521211, DL.4057.SCO.007.052.0C.521211, DL.4057.SCO.008.052.0A.521211, DL.4057.SCO.008.052.0B.521211, DL.4057.SCO.035.051.0B.521211, DL.4057.SCO.035.054.0B.521211, DL.4057.SCO.035.055.0B.521211, DL.4057.SCO.035.056.0B.521211",APBN,01KTP3KYY2GWBZQT06KM702NHZ,4759680,63093792,4,01JBGDSJNXNZCRFFDHX1P49CE2,426531,16727127,2026-06-10T00:00:00Z,"Peningkatan Penyelenggaraan Pelatihan Vokasi dan Pemagangan Binalavotas, ",efbb911a-59d7-54a0-816c-d0c9fbaa93e6.qkDEEBpJMtrHFhah.-QBXnUkB9SfkIdZzLxWVlShCVw4xNZejRzrwBZ7qkhY
Perpanjangan Lisensi Perangkat Firewall Server Farm (Fortinet),COMPLETED,2026,"625f2546-bcd1-426d-b89d-34b4f0eda275, 65cbd18e-4bdd-4c2b-babe-3db7b1f8b7c5",3,0,COMPLETED,Ya,K34,BADAN PERENCANAAN DAN PENGEMBANGAN KETENAGAKERJAAN,DN.6766.FAB.001.055.0B.523199,APBN,01KPQBAPAT3JXBT2H3NCG9JGA0,2442200000,63824674,2,01HZ3VM36AZ62W94HY4443PSWP,452677,0,2026-04-22T00:00:00Z,"Pengelolaan Data dan Teknologi Informasi Ketenagakerjaan, ",efbb911a-59d7-54a0-816c-d0c9fbaa93e6.qkDEEBpJMtrHFhah.-QBXnUkB9SfkIdZzLxWVlShCVw4xNZejRzrwBZ7qkhY
Konsumsi Peserta Pelatihan 280 JP Reguler PBK RM,COMPLETED,2026,14b04ca1-3e9f-4039-818b-7d7b916821c0,350,0,PAYMENT_OUTSIDE_SYSTEM,Tidak,K34,BALAI BESAR PELATIHAN VOKASI DAN PRODUKTIVITAS MEDAN,DL.4057.SCO.003.052.0A.521211,APBN,01KN1PC57ATAAZF2EPTC5XYSH6,6825000,66121223,1,01K10E7HHEM420DCD80BAM4TQS,451094,0,2026-03-31T00:00:00Z,"Peningkatan Penyelenggaraan Pelatihan Vokasi dan Pemagangan Binalavotas, ",efbb911a-59d7-54a0-816c-d0c9fbaa93e6.qkDEEBpJMtrHFhah.-QBXnUkB9SfkIdZzLxWVlShCVw4xNZejRzrwBZ7qkhY
Belanja Bahan TMT Klaster,COMPLETED,2026,"c4cf45d9-7290-4a4b-b59e-4db1d414793c, e0984422-855f-40a6-ae53-b5d5e0819d9b, 95caf173-eaab-4689-902a-1a1656934cc3, 2561b8ca-853b-4dde-af28-21bbd4c21b03, e0afdbc5-efff-4570-abf9-178468247a64",29,144300,COMPLETED,Tidak,K34,BALAI BESAR PELATIHAN VOKASI DAN PRODUKTIVITAS SEMARANG,DL.4057.SCO.003.053.0A.521211,APBN,01KMHF10KRRR094MT8XWHBYH7S,959373,66185950,5,01JCF5TRQVKW157PX3JC6JFJ1Y,452609,2705108,2026-03-25T00:00:00Z,"Peningkatan Penyelenggaraan Pelatihan Vokasi dan Pemagangan Binalavotas, ",efbb911a-59d7-54a0-816c-d0c9fbaa93e6.qkDEEBpJMtrHFhah.-QBXnUkB9SfkIdZzLxWVlShCVw4xNZejRzrwBZ7qkhY
"Paket Meeting Fullboard Peserta, Penyelenggara, dan Moderator",COMPLETED,2026,f0a80de4-04aa-4d39-9f6d-65b8989c0e09,80,0,COMPLETED,Tidak,K34,DITJEN. PEMBINAAN HUBUNGAN INDUSTRIAL DAN JAMINAN SOSIAL TENAGA KERJA,DN.6587.BDC.001.051.0B.524119,APBN,01KRZHQRKDVRBSK2R0VTSY56B0,64000000,66123873,1,01K5XHYFCZ97233E4BAZ33C1BX,451270,0,2026-05-19T00:00:00Z,"Peningkatan Pembinaan Hubungan Kerja dan Penerapan Pengupahan, ",efbb911a-59d7-54a0-816c-d0c9fbaa93e6._X1sd7U8HqnsSlM-.Z_Za39nzpZ1k3i2Bu_j29VB1Hnz2z8W_JgetnyjlAJc
Pengadaan Perangkat Data Center Precision Air Conditioner (PAC),DRAFT,2026,812e203b-54ab-4a0e-b2f3-3770e315833c,3,0,ON_PROCESS,Ya,K34,BADAN PERENCANAAN DAN PENGEMBANGAN KETENAGAKERJAAN,DN.6766.FAB.001.055.0A.532111,APBN,01KYKB9CDD1JMY3BBJ9NN9KNWZ,2197800000,67540553,1,01JCZ504N3ZWW3Y6ZM9GEGHWMB,452677,20544127,2026-07-28T00:00:00Z,"Pengelolaan Data dan Teknologi Informasi Ketenagakerjaan, ",efbb911a-59d7-54a0-816c-d0c9fbaa93e6._X1sd7U8HqnsSlM-.Z_Za39nzpZ1k3i2Bu_j29VB1Hnz2z8W_JgetnyjlAJc
Belanja Bahan TMT Klaster,COMPLETED,2026,"4714d2be-0bfd-4ab4-a668-3935ef662e98, df70f92b-a822-4956-8af7-0bf9ef08fe35, 67537211-03b0-4a59-9303-7fed2d816438, c5b67f33-0c85-405e-bc92-e3d5befff9f0, 36888866-22eb-48cf-aaf6-425ff95a9564, bc1d8a78-70e2-48a3-8eed-d5ef2f568aea, 76a0766c-3528-49dd-8f0c-64456c86405d, a493e1db-3015-4a05-98b5-03b0af194f77, 1846ac58-c23b-4498-9cc4-fc5f2e13432b, 6a551cc4-3746-4fd5-82ca-72c0abf7b458, 4810a691-1067-4b53-84f3-bdbd0941a0ca, a56256ae-65ed-4b5a-9a92-de6cfc5d639f, 686227f6-8a4c-42fa-876f-d0ee2bfd1889, 1c649746-35de-43b6-b636-416cb6af13ea, 372d959e-2954-4f2f-8a33-8c3551fb8793, d88cbba5-cae9-43c1-8bd9-e415c4b5293d, 054461b3-7c95-45a3-afe4-03a7198cd27c, a762a656-e2df-429a-8365-f51df8799c50, 05805adc-5647-4d07-b37c-dd3529d95e17, a5c381b0-1161-47fd-b128-1126eb02c6a4, 6d496fd9-a7b4-4ac8-b34b-c1049cde04aa, 6769a2ff-4311-491d-891b-1abce57b39f3, 10efdf35-0ba9-4aa9-a067-471a5e2e4878, fb36aaa0-c1c8-4f4d-92ff-26711caf2179, 2d24818e-62c6-400c-ac39-4b65326667c7, e7a5c59d-0fe8-4e3e-a128-a928f1880801, b251f938-6c26-4185-b3ac-aecb4f8f4cb2, 54dbabee-189e-4411-a8b1-db7b6316d781, 267ea927-66a3-49b5-a320-25fa972e984c, 5af293fb-e453-49e1-92e3-58b3ea3aa86b, da06324a-af7b-4a3a-86d5-d82372ec0986, 559f2282-bda7-4501-a085-e106af7a8a6e, b700f7d9-a733-4cd4-9ae8-c786e34edfcc, a10a4e3a-32cf-41b0-b858-64311ffcb660, 78e96cc9-4a3e-4e0c-b3c0-c1a456bd6b43, adab3958-2a1c-4cc6-a750-1e6a8a3ee7af, ae1815ec-31ba-4a6e-ae0e-c11a5d1ac242, 032a532b-2803-466b-87bc-4cec03a9f828, 786a2eec-a150-4567-828f-252cf6f2b91f, fd2a91f7-7b94-4700-9c74-696f94ebe84b, f40cbdfb-4f60-4681-81ac-17fecf721d63, c712becd-83f8-4984-8ada-99227c70203f, f4fe7ba6-db4e-49e7-bd27-6d166cccc0d5, 7f361051-7d47-4485-8198-a12ac0d6b191, eadbca52-dde9-419d-aea6-9d9c891e6f06, 5dbecf76-1bc7-4863-9349-c11725c2013d, a9704d9b-45d3-4d07-972d-6d87c3fea9bb, 66742882-bc04-41fa-8194-83e20eb9c9c4, b2799d15-1296-43b5-b786-3ae7590919f3, f47e3f51-f91c-453c-877c-3f60acffb4f9, 27e2a10e-8817-4310-94cd-bd38bd6e2bab, 16bc1a6e-4c60-4562-9f2c-a15757726c1f",1213,255300,COMPLETED,Tidak,K34,BALAI BESAR PELATIHAN VOKASI DAN PRODUKTIVITAS SEMARANG,DL.4057.SCO.003.053.0A.521211,APBN,01KKZCP9RB8GZA77P7YXYD8W9Y,19340196,66185950,52,01JYDESZTP0YA22FBCZT8CDSRE,452609,0,2026-03-18T00:00:00Z,"Peningkatan Penyelenggaraan Pelatihan Vokasi dan Pemagangan Binalavotas, ",efbb911a-59d7-54a0-816c-d0c9fbaa93e6._X1sd7U8HqnsSlM-.Z_Za39nzpZ1k3i2Bu_j29VB1Hnz2z8W_JgetnyjlAJc
Belanja Bahan Pelatihan Vokasi Bidang Industri dan Jasa Reguler,COMPLETED,2026,"8a195c34-fec4-4635-a741-10dcb857a6af, 5b7d8495-bad6-4c55-91ee-d8af57115271, 95caf173-eaab-4689-902a-1a1656934cc3, 5b827715-a331-45ea-98ff-2e45e8600af0, e0984422-855f-40a6-ae53-b5d5e0819d9b, e0afdbc5-efff-4570-abf9-178468247a64, 4103a27e-f90e-4c76-8548-05ace9ca40d5, d9e5da72-d60f-4ade-9a65-99ae25632bce, 0162786f-8de6-46f7-9c71-b41ac4400575, c4cf45d9-7290-4a4b-b59e-4db1d414793c, 28fb175e-bcbb-4b31-b434-5c30d57f14cc, 5553ff90-b3f8-4358-8439-f721bc86b2a5, ecf14239-0596-47fa-881a-0277180f3f0f, 0213cf15-7868-40af-990b-45a465daece8, 4dcaa821-00e1-4e43-9079-e8675afa6ebc, f31ac036-379c-44e1-9991-0d63b0181c24, 3b2c8374-724a-4843-9bae-c3d5508bab20, 89e8a01f-6f66-46ff-9b41-0ebd2a7b2e62, 290f25ed-370d-4bbf-8098-a65722530d53, c84547be-109b-4d71-97a8-2fafe43eda0d, 47b01747-6478-4e1e-8d20-e9a3fee632ee, de3a2fe4-dc5c-4a48-8cb5-4ec49a8f3579, 460ae3e9-ac74-44b2-82ea-1c98ab19f068",332,0,COMPLETED,Tidak,K34,BALAI BESAR PELATIHAN VOKASI DAN PRODUKTIVITAS SEMARANG,DL.4057.SCO.003.052.0A.521211,APBN,01KJYMBF4FK9RJS778P1V9PH2C,17312448,65956099,23,01JCF5TRQVKW157PX3JC6JFJ1Y,452609,2705108,2026-03-06T00:00:00Z,"Peningkatan Penyelenggaraan Pelatihan Vokasi dan Pemagangan Binalavotas, ",efbb911a-59d7-54a0-816c-d0c9fbaa93e6._X1sd7U8HqnsSlM-.Z_Za39nzpZ1k3i2Bu_j29VB1Hnz2z8W_JgetnyjlAJc
Belanja Pengadaan Bahan Pelatihan UPTD BLK Disnaker Sragen,COMPLETED,2026,e5a0a48d-0349-448b-bbf3-634a096a943f,1,0,PAYMENT_OUTSIDE_SYSTEM,Tidak,K34,BALAI PELATIHAN VOKASI DAN PRODUKTIVITAS SURAKARTA,DL.4057.SCO.011.054.0A.521211,APBN,01KVCCABCAMK8DDRP70BN9W4KA,23000000,66305314,1,01JR9NJ3E5JK5JKT4A18PYKCVK,035636,0,2026-06-19T00:00:00Z,"Peningkatan Penyelenggaraan Pelatihan Vokasi dan Pemagangan Binalavotas, ",efbb911a-59d7-54a0-816c-d0c9fbaa93e6._X1sd7U8HqnsSlM-.Z_Za39nzpZ1k3i2Bu_j29VB1Hnz2z8W_JgetnyjlAJc
Langganan Bandwidth Jaringan Komunikasi Data ISP 3,DRAFT,2026,"c885bd2f-eb8b-404b-b9dc-4a484b5e97a9, 8cd2cb34-768b-41c2-8c18-e6903a3b58b4, c49de536-aaf5-4178-908a-9ca15a014e72",3,0,ON_PROCESS,Tidak,K34,BADAN PERENCANAAN DAN PENGEMBANGAN KETENAGAKERJAAN,WA.6624.EBA.994.002.BC.522119,APBN,01KDNE67DZXF18AGDC18186XC6,2999354310,62243880,3,01J1VSM1GD7NYVS1E0GJ3N21JX,452677,1943047,2025-12-31T00:00:00Z,"Dukungan Manajemen Badan Perencanaan dan Pengembangan Ketenagakerjaan, ",efbb911a-59d7-54a0-816c-d0c9fbaa93e6._X1sd7U8HqnsSlM-.Z_Za39nzpZ1k3i2Bu_j29VB1Hnz2z8W_JgetnyjlAJc
Perpanjangan Licence Secure Sockets Layer (SSL),DRAFT,2026,"831d0574-9f95-4814-a1c1-67cd27f0e1ca, e95c65ac-2357-4c17-b946-f3676f63def7",4,0,ON_PROCESS,Ya,K34,BADAN PERENCANAAN DAN PENGEMBANGAN KETENAGAKERJAAN,DN.6766.FAB.001.055.0B.523199,APBN,01KWE85EVJXKK21MZX27Q71GZT,162948000,67323173,4,01HY2H776X1B584J8K59KFCFBH,452677,0,2026-07-01T00:00:00Z,"Pengelolaan Data dan Teknologi Informasi Ketenagakerjaan, ",efbb911a-59d7-54a0-816c-d0c9fbaa93e6._X1sd7U8HqnsSlM-.Z_Za39nzpZ1k3i2Bu_j29VB1Hnz2z8W_JgetnyjlAJc
Pengadaan Jasa Konsumsi Peserta Pelatihan (90 Paket),COMPLETED,2026,bf650ec5-4e3b-4d22-8282-f426540aa3e1,4262,0,PAYMENT_OUTSIDE_SYSTEM,Tidak,K34,BALAI BESAR PELATIHAN VOKASI DAN PRODUKTIVITAS SERANG,"DL.4057.SCO.003.051.0A.521211, DL.4057.SCO.003.051.0B.521211, DL.4057.SCO.003.052.0A.521211, DL.4057.SCO.003.053.0A.521211, DL.4057.SCO.003.053.0B.521211, DL.4057.SCO.003.054.0A.521211, DL.4057.SCO.005.052.0A.521211, DL.4057.SCO.007.052.0A.521211, DL.4057.SCO.008.052.0B.521211",APBN,01KVCF2KF4A4DZ53760KCDTNP0,84387600,66344371,1,01JY10RH71H8NY6AVVH40AA14A,426531,0,2026-06-19T00:00:00Z,"Peningkatan Penyelenggaraan Pelatihan Vokasi dan Pemagangan Binalavotas, ",efbb911a-59d7-54a0-816c-d0c9fbaa93e6._X1sd7U8HqnsSlM-.Z_Za39nzpZ1k3i2Bu_j29VB1Hnz2z8W_JgetnyjlAJc
Bahan Pelatihan Tailor Made Training 40 JP B,COMPLETED,2026,7edd560d-713b-48a6-a868-a4132fd4c6d0,2,0,COMPLETED,Tidak,K34,BALAI PELATIHAN VOKASI DAN PRODUKTIVITAS SIDOARJO,DL.4057.SCO.003.053.0A.521211,APBN,01KVWAKSRHCTRPYAWHZ7V135KK,18592056,66473758,1,01JBANK0M75W3E7ZJ6P77ZAXDP,050302,0,2026-06-24T00:00:00Z,"Peningkatan Penyelenggaraan Pelatihan Vokasi dan Pemagangan Binalavotas, ",efbb911a-59d7-54a0-816c-d0c9fbaa93e6._X1sd7U8HqnsSlM-.Z_Za39nzpZ1k3i2Bu_j29VB1Hnz2z8W_JgetnyjlAJc
Pegawai Non Aparatur Sipil Negara TW IV [1 PKT x 1 KL],DRAFT,2026,"af781b8c-f22b-4557-8e58-e8f458da3665, 8889b1bf-b146-498f-9e2c-6af824b56c24, bc133992-977c-4263-a308-39098e2e2bb8",112,,CANCELLED_ON_REVIEW,Tidak,K34,BADAN PERENCANAAN DAN PENGEMBANGAN KETENAGAKERJAAN,WA.6624.EBA.994.002.CB.522191,APBN,01KMHEDP5JVPA2QD26FQX5VETB,878578032,66129398,3,01JC4WS8C5M2TXFXV3S7J26613,452677,1084190,,"Dukungan Manajemen Badan Perencanaan dan Pengembangan Ketenagakerjaan, ",efbb911a-59d7-54a0-816c-d0c9fbaa93e6._X1sd7U8HqnsSlM-.Z_Za39nzpZ1k3i2Bu_j29VB1Hnz2z8W_JgetnyjlAJc
Belanja Bahan PBK Reguler Luring,COMPLETED,2026,"9a162954-b192-4812-a46f-06885371d7a0, 11bff86e-21e4-4279-a06e-992ce83ae4ae, d90a48d2-461f-4fb9-8d92-b824b44f91d3, 30e5dcee-c274-4287-b0a3-a311e391126b, 11580236-f148-4096-acf1-f2001d90a00e, f815d76b-4abb-4760-8370-d3bae2ef4c53, d695a674-1369-4736-989e-ac456c5aeaa0, 68db1fa9-2620-451d-84fd-91e010feecf8, defc352d-1395-4f71-9fd7-9478ad262f54, 0395e604-e231-4412-acf1-f6816fa0e4a1, 4048b52b-7fdc-46d1-a918-43a1508c2568, a996b51e-5275-48a9-abc3-b48cf2d1ef01, c491c42d-58e0-4c0b-ab47-76cdce32da69, 126a891c-55da-47c7-8bac-f45d2e30acdf, 4efe4c39-e864-4240-8816-3d89e2c93ee8, 4151ed39-3117-44f7-8a13-bc735f1bca09, 8cc50f50-50ed-4aa0-86c3-c8a843aef7e7, bf07f3fb-98b4-40b2-9c04-a7789423e647, 5cadc38f-c046-44bb-8b6c-6441c4b13802, 245ed2e2-40be-4811-a0b4-5fbfa52cb36f, 592ffbd4-5e38-4660-80ef-955887891c5c, 6e142428-6c92-4958-a9f1-ae8d7d6cb508, 81caea6a-0389-4b46-9284-81ac1ae4b776, 08954ca5-ea62-4a57-b329-75c7c5d3bbe6, 20f56777-0c71-4497-b526-4ae51ca966f6, e18e2e12-2389-454d-b438-db041c7deb6a, a49c82f7-c82a-49b8-9052-00debab59fde, a857d254-97cf-4876-966f-f0fddae45d70, 35bc9879-2035-4e09-85cc-6de3cb9fd1b3, a3c979ba-7bd3-4caa-9aa4-40d4853d3d76, 7e8c9cfa-0c5a-40b7-8d8f-5a9cfd82bd96, 2d4b2318-7440-466b-8ffe-f8b7dc0b007c, 7129caaf-08dc-445b-a37e-a3be226fd9a7, 72bf808c-65d4-4070-9a25-45649f7f758a, 8085863c-e220-478c-beb5-5d669c7105a7, 83bb500c-b242-48b5-9461-847ca6252954, 8cf5180a-d754-4a0d-9440-53e8db368967, 1264d352-0858-4bfb-8cc2-3e013d8a512a, 144ba5fb-39c7-48e0-a7cf-e567132246e5, becce14b-5b63-4f0a-a8bb-1b54eecf0859, ffceb2eb-7048-4bd5-8cc6-9270cd06c8cb, e1f34f08-ff6b-48a9-b06b-4907181aa2fe, 7b41c8da-d701-4fec-b183-d0ae655a3efa, 39928e3a-5648-424d-96dd-2acd13c73e99",564,0,COMPLETED,Tidak,K34,BALAI BESAR PELATIHAN VOKASI DAN PRODUKTIVITAS SEMARANG,DL.4057.SCO.005.052.0A.521211,APBN,01KJXXKXNSTGF7K8YVT0Z2V2HX,52586472,66186051,44,01JY61XM4G13MY1MYNDAVFQ9B1,452609,0,2026-03-05T00:00:00Z,"Peningkatan Penyelenggaraan Pelatihan Vokasi dan Pemagangan Binalavotas, ",efbb911a-59d7-54a0-816c-d0c9fbaa93e6._X1sd7U8HqnsSlM-.Z_Za39nzpZ1k3i2Bu_j29VB1Hnz2z8W_JgetnyjlAJc
Jasa Event Organizer dan Multimedia,DRAFT,2026,28f0629e-6f44-43cd-a5b9-5b941179c2a2,1,,CANCELLED_ON_NEGOTIATION,Tidak,K34,DITJEN. PEMBINAAN HUBUNGAN INDUSTRIAL DAN JAMINAN SOSIAL TENAGA KERJA,DN.5586.BDC.002.056.0C.522191,APBN,01KKJFVN6YBT24Z4HAKXW3K1X1,2775000,66263354,1,01JHHE3CRNHK3NZG76G3T65V71,451270,83587619009,,"Peningkatan Penerapan Jaminan Sosial Tenaga Kerja dan Fasilitasi Kesejahteraan Pekerja, ",efbb911a-59d7-54a0-816c-d0c9fbaa93e6._X1sd7U8HqnsSlM-.Z_Za39nzpZ1k3i2Bu_j29VB1Hnz2z8W_JgetnyjlAJc
Belanja Bahan Pelatihan Teknisi Standar Internasional,COMPLETED,2026,0996ae06-e91c-42d0-b0fa-a4f3e4940536,96,0,COMPLETED,Tidak,K34,BALAI BESAR PELATIHAN VOKASI DAN PRODUKTIVITAS SEMARANG,DL.4057.SCO.003.054.0B.521211,APBN,01KP7Z956CNR5W4CZAS1ZFD62T,14385600,66187572,1,01JA9PQ0TDDYKB5K8QC1VDSWVA,452609,6064042,2026-04-15T00:00:00Z,"Peningkatan Penyelenggaraan Pelatihan Vokasi dan Pemagangan Binalavotas, ",efbb911a-59d7-54a0-816c-d0c9fbaa93e6._X1sd7U8HqnsSlM-.Z_Za39nzpZ1k3i2Bu_j29VB1Hnz2z8W_JgetnyjlAJc
"Paket Fullboard Meeting Moderator, Penyelenggara dan Peserta Dialog Penguatan Pembentukan LKS Bipartit di Perusahaan  ",COMPLETED,2026,1953482d-f892-4040-b104-a49f41ae799f,114,0,PAYMENT_OUTSIDE_SYSTEM,Tidak,K34,DITJEN. PEMBINAAN HUBUNGAN INDUSTRIAL DAN JAMINAN SOSIAL TENAGA KERJA,DN.2179.QDC.001.051.0A.524119,APBN,01KJSA5H946PF387FP8948H0BW,99180000,65990428,1,01JR7B7ZAZD7CFETDBK2EDSBDC,451270,1894121,2026-03-05T00:00:00Z,"Penguatan Kelembagaan dan Pencegahan Perselisihan Hubungan Industrial, ",efbb911a-59d7-54a0-816c-d0c9fbaa93e6._X1sd7U8HqnsSlM-.Z_Za39nzpZ1k3i2Bu_j29VB1Hnz2z8W_JgetnyjlAJc
PENGADAAN BAHAN PELATIHAN,DRAFT,2026,a3369c53-e2b1-4be5-b3f1-73bdd657cfa7,3440,,CANCELLED_ON_REVIEW,Tidak,K34,BALAI PELATIHAN VOKASI DAN PRODUKTIVITAS SURAKARTA,DL.4059.SCO.001.051.DL.521211,APBN,01KN0RXRXFWJG66PJQH9AWHGP2,68800000,66351379,1,01JZQTR6FX7JZF90AA006RV8W9,035636,0,,"Pengembangan dan Peningkatan Produktivitas Tenaga Kerja Binalavotas, ",efbb911a-59d7-54a0-816c-d0c9fbaa93e6._X1sd7U8HqnsSlM-.Z_Za39nzpZ1k3i2Bu_j29VB1Hnz2z8W_JgetnyjlAJc
Konsumsi Peserta Pelatihan 200 JP PBL RM,DRAFT,2026,d41ae1ba-a0e4-4c99-8c47-13b5817c8ac7,290,0,ON_PROCESS,Tidak,K34,BALAI BESAR PELATIHAN VOKASI DAN PRODUKTIVITAS MEDAN,DL.4057.SCO.003.051.0B.521211,APBN,01KXZZGCAMXAANZP260MFSKVB4,5800000,65762766,1,01K10E7HHEM420DCD80BAM4TQS,451094,0,2026-07-22T00:00:00Z,"Peningkatan Penyelenggaraan Pelatihan Vokasi dan Pemagangan Binalavotas, ",efbb911a-59d7-54a0-816c-d0c9fbaa93e6._X1sd7U8HqnsSlM-.Z_Za39nzpZ1k3i2Bu_j29VB1Hnz2z8W_JgetnyjlAJc
Pengadaan Jasa Konsumsi Peserta Pelatihan (90 Paket),DRAFT,2026,bfbc4d61-5a43-4755-8f93-f69a849779a7,1984,0,ON_PROCESS,Tidak,K34,BALAI BESAR PELATIHAN VOKASI DAN PRODUKTIVITAS SERANG,"DL.4057.SCO.003.051.0A.521211, DL.4057.SCO.003.051.0B.521211, DL.4057.SCO.003.052.0A.521211, DL.4057.SCO.003.053.0A.521211, DL.4057.SCO.003.053.0B.521211, DL.4057.SCO.003.054.0A.521211, DL.4057.SCO.005.052.0A.521211, DL.4057.SCO.007.052.0A.521211, DL.4057.SCO.008.052.0B.521211",APBN,01KTWR81B8KCDGBVHQ99BNKB17,39283200,66344371,1,01K9RSESWX1BJXXF2E7MCDGQFT,426531,0,2026-06-12T00:00:00Z,"Peningkatan Penyelenggaraan Pelatihan Vokasi dan Pemagangan Binalavotas, ",efbb911a-59d7-54a0-816c-d0c9fbaa93e6._X1sd7U8HqnsSlM-.Z_Za39nzpZ1k3i2Bu_j29VB1Hnz2z8W_JgetnyjlAJc
Belanja Bahan Pelaksanaan Sertifikasi Lulusan Pelatihan ,COMPLETED,2026,"becce14b-5b63-4f0a-a8bb-1b54eecf0859, a49c82f7-c82a-49b8-9052-00debab59fde, 6e142428-6c92-4958-a9f1-ae8d7d6cb508, 2d4b2318-7440-466b-8ffe-f8b7dc0b007c, defc352d-1395-4f71-9fd7-9478ad262f54, 81caea6a-0389-4b46-9284-81ac1ae4b776, 184f2a8f-e28b-44e3-aa52-0c8b67329033, 8cf5180a-d754-4a0d-9440-53e8db368967, 20f56777-0c71-4497-b526-4ae51ca966f6, 11580236-f148-4096-acf1-f2001d90a00e",23,222000,COMPLETED,Tidak,K34,BALAI BESAR PELATIHAN VOKASI DAN PRODUKTIVITAS SEMARANG,DL.4053.PDI.002.051.0B.521211,APBN,01KYH5VHPT5HVWK199E9X8QCGC,1963590,62801553,10,01JY61XM4G13MY1MYNDAVFQ9B1,452609,0,2026-07-27T00:00:00Z,"Pengembangan Sistem dan Pelaksanaan Sertifikasi Kompetensi Profesi Binalavotas, ",efbb911a-59d7-54a0-816c-d0c9fbaa93e6._X1sd7U8HqnsSlM-.Z_Za39nzpZ1k3i2Bu_j29VB1Hnz2z8W_JgetnyjlAJc
"Paket Fullboard Moderator, Peserta dan Penyelenggara Sinergitas LKS Tripartit Nasional dan LKS Tripartit Daerah",DRAFT,2026,1fa95cee-6144-41fb-9fe3-368cc455b479,114,,CANCELLED_ON_REVIEW,Tidak,K34,DITJEN. PEMBINAAN HUBUNGAN INDUSTRIAL DAN JAMINAN SOSIAL TENAGA KERJA,DN.2179.BDB.001.051.0E.524114,APBN,01KNGC9W15G32956VX1DSJ3QF7,99180000,65871014,1,01JGK1K4QN9NMMS9FHB980DGR7,451270,119796009,,"Penguatan Kelembagaan dan Pencegahan Perselisihan Hubungan Industrial, ",efbb911a-59d7-54a0-816c-d0c9fbaa93e6._X1sd7U8HqnsSlM-.Z_Za39nzpZ1k3i2Bu_j29VB1Hnz2z8W_JgetnyjlAJc
Pengadaan Bahan Pelatihan Vokasi UPTP RM (60 Paket),COMPLETED,2026,"08357c96-7ae2-41d9-976a-11d40531f194, 9b7cb8dc-22c1-47ab-aac2-4f65d63b8751, 627a2dae-6eb5-4d0d-85d9-2815c18f5b19",55,0,COMPLETED,Tidak,K34,BALAI BESAR PELATIHAN VOKASI DAN PRODUKTIVITAS SERANG,"DL.4057.SCO.003.051.0B.521211, DL.4057.SCO.003.052.0A.521211, DL.4057.SCO.003.052.0C.521211",APBN,01KKDYXFT4K7ZZ8ZTJVEZFFD0E,11036730,66342568,3,01JZSP8YSK8DC78JVR8CZQCQ1H,426531,0,2026-03-16T00:00:00Z,"Peningkatan Penyelenggaraan Pelatihan Vokasi dan Pemagangan Binalavotas, ",efbb911a-59d7-54a0-816c-d0c9fbaa93e6._X1sd7U8HqnsSlM-.Z_Za39nzpZ1k3i2Bu_j29VB1Hnz2z8W_JgetnyjlAJc
Belanja Bahan Pelaksanaan Sertifikasi Lulusan Pelatihan ,COMPLETED,2026,"2697be83-79de-402b-a164-47901ac5c415, cde9d1c1-fbc2-4541-a560-64b61a644385, b4727df9-9150-467a-a0df-44de65b85b7b, 3d1ba16d-6c99-4a9c-a868-7b1a206e6ac2, 1d01e554-3ee9-447f-855d-f81afd4d641f, b12f602e-94a0-41b7-9bec-acb4c88d60ad, 5e5054e7-4e00-4172-97be-32b89ce1ec30, 79930a0e-7a1a-44b0-b4c7-aa264c54f731, 596dc37e-8d99-4a08-9ae3-e61ce7a4f648, b00266ca-e8c3-4117-963f-d386f426d400, 72d4c9e2-3fd2-4f33-b42b-4b8d535c7a9d, 5630d17c-386e-452e-a45c-168ce0b348a2, c7c49739-cc33-45fe-a50d-da2234f07538",81,111000,COMPLETED,Tidak,K34,BALAI BESAR PELATIHAN VOKASI DAN PRODUKTIVITAS SEMARANG,DL.4053.PDI.002.051.0B.521211,APBN,01KY719N8DS2ERTZKABHQ2GEF6,6689970,62801553,13,01K21VM9ENQAGGV8BA9GQQY5VC,452609,0,2026-07-23T00:00:00Z,"Pengembangan Sistem dan Pelaksanaan Sertifikasi Kompetensi Profesi Binalavotas, ",efbb911a-59d7-54a0-816c-d0c9fbaa93e6._X1sd7U8HqnsSlM-.Z_Za39nzpZ1k3i2Bu_j29VB1Hnz2z8W_JgetnyjlAJc
Pakaian Kerja PBL dan PBK Reguler Industri dan Jasa ,DELIVERED,2026,fff5c51a-9344-4e8c-a542-9252d1ddd16f,160,0,PAYMENT_OUTSIDE_SYSTEM,Tidak,K34,BALAI PELATIHAN VOKASI DAN PRODUKTIVITAS BANDA ACEH,"DL.4057.SCO.003.051.0A.521211, DL.4057.SCO.003.052.0A.521211",APBN,01KKJSZ0FQEJ0CAA4ZY1GJBFHV,27200000,66455192,1,01JCTMQA7CXPF96TWY5F54W8C9,065106,4333020,2026-03-25T00:00:00Z,,efbb911a-59d7-54a0-816c-d0c9fbaa93e6._X1sd7U8HqnsSlM-.Z_Za39nzpZ1k3i2Bu_j29VB1Hnz2z8W_JgetnyjlAJc
Belanja Bahan Pelaksanaan Sertifikasi Lulusan Pelatihan ,COMPLETED,2026,"0cf07e6c-7368-4fd4-bc4d-f75b841349d8, f244347d-5d2f-4b18-96c9-5b1a5bfc8eb6, 251707ba-125b-46c4-80b3-6b7c1afa1942, 847a78e8-7102-44fa-a995-62ee95ee1548, f729d306-e445-4cf7-9649-b45fbabd602e, 5d1f06a6-748c-43cb-8013-dd64f733e8d3, 41675a05-6a43-40e7-ad44-c25dfe996f33, cf153a15-e520-493e-af4a-de6853214916",49,0,COMPLETED,Tidak,K34,BALAI BESAR PELATIHAN VOKASI DAN PRODUKTIVITAS SEMARANG,DL.4053.PDI.002.051.0B.521211,APBN,01KZB4KB6KFQHYC41K9GJHW5CR,5225880,62801553,8,01J81QPN27R0FDVY86ZEFZ77TW,452609,2502042,2026-08-06T00:00:00Z,"Pengembangan Sistem dan Pelaksanaan Sertifikasi Kompetensi Profesi Binalavotas, ",efbb911a-59d7-54a0-816c-d0c9fbaa93e6._X1sd7U8HqnsSlM-.Z_Za39nzpZ1k3i2Bu_j29VB1Hnz2z8W_JgetnyjlAJc
Pelatihan Vokasi Bidang Pariwisata dan Industri Kreatif Teknisi,DRAFT,2026,0aaef396-1c07-41cf-b236-7f2f7aa2f6cf,3552,0,ON_PROCESS,Tidak,K34,BALAI PELATIHAN VOKASI DAN PRODUKTIVITAS BANYUWANGI,DL.4057.SCO.005.054.OA.521211,APBN,01KY2FK6JS5NYT85JZF33A8X5P,71040000,62258974,1,01JE5AQH3WV1RNVK9JKD5R3VHN,051102,2520072,2026-07-22T00:00:00Z,"Peningkatan Penyelenggaraan Pelatihan Vokasi dan Pemagangan Binalavotas, ",efbb911a-59d7-54a0-816c-d0c9fbaa93e6._X1sd7U8HqnsSlM-.Z_Za39nzpZ1k3i2Bu_j29VB1Hnz2z8W_JgetnyjlAJc
"Paket Meeting Fullboard Peserta, Panitia, dan Moderator",COMPLETED,2026,47f239a1-2b9f-4c80-9e82-7d797b14b1ba,98,0,COMPLETED,Tidak,K34,DITJEN. PEMBINAAN HUBUNGAN INDUSTRIAL DAN JAMINAN SOSIAL TENAGA KERJA,DN.5586.BDC.002.053.0A.524119,APBN,01KN1NH3C40AJY9ZDMP6ZFJ84E,74480000,66262863,1,01K1G1Z8DP09W5QHS2KD7VHQZS,451270,0,2026-04-01T00:00:00Z,"Peningkatan Penerapan Jaminan Sosial Tenaga Kerja dan Fasilitasi Kesejahteraan Pekerja, ",efbb911a-59d7-54a0-816c-d0c9fbaa93e6._X1sd7U8HqnsSlM-.Z_Za39nzpZ1k3i2Bu_j29VB1Hnz2z8W_JgetnyjlAJc
Belanja Bahan Pelaksanaan Sertifikasi Lulusan Pelatihan Vokasi (PNP),COMPLETED,2026,"2d6603e7-071e-4c3c-a995-34f53a542187, 2eb6b4b7-19d6-47a2-b658-c74302d9ee76, 2e1dccfc-4eb6-4482-a3d7-fb1599e3c69c, f4fdac51-3f0a-428c-b78b-ba172b9a2b56, 940513ba-f440-4e85-9e10-04013260ae21, 51086016-fe05-4ef4-b63c-58881cc2b9ba, 08a02a59-6283-4c51-a400-0edf5957cae8, 006ec43f-176a-4281-b270-db584a041992, b9b2f995-099f-441b-91d1-05ed134fa324",64,55500,COMPLETED,Tidak,K34,BALAI BESAR PELATIHAN VOKASI DAN PRODUKTIVITAS SEMARANG,DL.4053.PDI.002.051.0A.521211,APBN,01KNTS21PG4BJV9TDHCA9XVX26,3534240,66185662,9,01K2KX48KE5DQHRAJ0REG26EE5,452609,0,2026-04-10T00:00:00Z,"Pengembangan Sistem dan Pelaksanaan Sertifikasi Kompetensi Profesi Binalavotas, ",efbb911a-59d7-54a0-816c-d0c9fbaa93e6._X1sd7U8HqnsSlM-.Z_Za39nzpZ1k3i2Bu_j29VB1Hnz2z8W_JgetnyjlAJc
Belanja Pemeliharaan Peralatan dan Mesin,BUYER_CONFIRMED,2026,"e63fbb92-839d-4528-b829-729295aa73bf, 9a2fe1fb-fed0-404f-96d9-1b7478ae9fad, 8a64714f-a848-4486-adb9-3f9c6d354683, 845aa580-d4c4-44e9-bcf5-9679cbcdac27",7,0,ON_PROCESS,Tidak,K34,BALAI KESELAMATAN DAN KESEHATAN KERJA BANDUNG,WA.6622.EBA.994.002.0D.523121,APBN,01KVSZ19QQSB44XJHNZ8TZ79SN,33300000,66812896,4,01J40YT5XD7W126RBMKNCXQ4F1,350079,1239191,2026-06-24T00:00:00Z,"Dukungan Manajemen Ditjen Pembinaan Pengawasan Ketenagakerjaan dan Keselamatan dan Kesehatan Kerja, ",efbb911a-59d7-54a0-816c-d0c9fbaa93e6._X1sd7U8HqnsSlM-.Z_Za39nzpZ1k3i2Bu_j29VB1Hnz2z8W_JgetnyjlAJc
Belanja Perjalanan Dinas Paket Meeting Luar Kota Pembaruan Materi Ujian Tertulis Kompetensi Teknis Pengantar Kerja,DRAFT,2026,9177ba89-8b69-4bb5-94a9-1b53561a5183,32,0,ON_PROCESS,Tidak,K34,DITJEN PEMBINAAN PENEMPATAN TENAGA KERJA DAN PERLUASAN KESEMPATAN KERJA,DN.6593.DCI.002.052.0C.524119,APBN,01KNNKFGNJ60DP8Q5411VG27XR,25600000,66849642,1,01JVA1G3JQ0SJQFJRBE6KD8TAH,451139,0,2026-04-08T00:00:00Z,"Peningkatan Kompetensi Pengantar Kerja, ",efbb911a-59d7-54a0-816c-d0c9fbaa93e6._X1sd7U8HqnsSlM-.Z_Za39nzpZ1k3i2Bu_j29VB1Hnz2z8W_JgetnyjlAJc
Penggandaan Modul,COMPLETED,2026,5ab51a44-eb82-4164-abb9-bb05c19447a0,48,0,ON_PROCESS,Tidak,K34,BALAI PELATIHAN VOKASI DAN PRODUKTIVITAS BANYUWANGI,DL.4057.SCO.030.054.0A.521211,APBN,01KY3JDG1RWS3A29TQJZMYFMGJ,8159992,67511117,1,01JJ175AP2MK22D2JX03ZK5HY1,051102,61071009,2026-07-22T00:00:00Z,"Peningkatan Penyelenggaraan Pelatihan Vokasi dan Pemagangan Binalavotas, ",efbb911a-59d7-54a0-816c-d0c9fbaa93e6._X1sd7U8HqnsSlM-.Z_Za39nzpZ1k3i2Bu_j29VB1Hnz2z8W_JgetnyjlAJc
Belanja Bahan PBK Reguler Luring ,COMPLETED,2026,"847a78e8-7102-44fa-a995-62ee95ee1548, de727006-2b77-4260-a23e-4b617487aa57, f87c3435-d5de-4d55-a742-51ae3813c2f5, 7d27f540-f5ac-47b9-a0ec-5610f1596bef, 97a2ea8a-1b13-4719-8947-0ef4dbcfe5ad, 7a3dc399-492d-4a40-9f1b-aef1001d6c71, ac3fc9fb-756a-4907-86e7-983b1ba1e51f, 975d2683-3376-42c7-8484-44a6cfd26662, c6d4d917-8d1e-4528-b181-8cb6dbf73954, f5446539-44a3-4e88-bf17-a9f5b7b69805, 09ad5b09-79c0-43ae-85eb-346b267f7b2c, 67667e86-5827-4063-818b-c6bd0f73d009, 69461894-7586-4a64-b7c3-76730dc11dec, 7b6f770d-a45d-4d13-b6af-470a7a9a4ee4, 42972517-ff5f-41fc-844a-1df267a601f1, 813ee568-df22-424a-b6fe-16727ad5a087, 8192a878-a63d-4723-8cd5-8bd55a263104, 61fd4a00-82d3-4a93-a01d-6140accffebb, f9e9d7c7-1a3a-4cdf-a2da-962062e37524",145,0,COMPLETED,Tidak,K34,BALAI BESAR PELATIHAN VOKASI DAN PRODUKTIVITAS SEMARANG,DL.4057.SCO.007.052.0A.521211,APBN,01KK1021W3E3N9ZXCK898K1GZ5,16465962,66186257,19,01J81QPN27R0FDVY86ZEFZ77TW,452609,2502042,2026-03-06T00:00:00Z,"Peningkatan Penyelenggaraan Pelatihan Vokasi dan Pemagangan Binalavotas, ",efbb911a-59d7-54a0-816c-d0c9fbaa93e6._X1sd7U8HqnsSlM-.Z_Za39nzpZ1k3i2Bu_j29VB1Hnz2z8W_JgetnyjlAJc
Pengadaan Jasa Outsourcing (Alih Daya) ,DRAFT,2026,"49a92080-e33f-45d0-8603-419a10659c06, 8c9ba6a0-871f-4870-8e12-a9aa3a8d426c",49,0,ON_PROCESS,Tidak,K34,BALAI BESAR PELATIHAN VOKASI DAN PRODUKTIVITAS SERANG,"WA.6988.EBA.994.002.0I.522191, WA.6988.EBA.994.002.0J.522191",APBN,01KSEX42P3RHK8SQ1MKAYGVTGK,191887920,66939410,3,01JQ37H4EXGRKX2492GW63PZK4,426531,2051046,2026-05-29T00:00:00Z,"Dukungan Manajemen Direktorat Jenderal Pembinaan Pelatihan Vokasi dan Produktivitas, ",efbb911a-59d7-54a0-816c-d0c9fbaa93e6._X1sd7U8HqnsSlM-.Z_Za39nzpZ1k3i2Bu_j29VB1Hnz2z8W_JgetnyjlAJc
Belanja Pengadaan Pakaian Kerja Peserta UPTD Technopark Sragen,COMPLETED,2026,f2c36222-cc6d-4c2b-b33c-69c51e04c7a1,16,0,PAYMENT_OUTSIDE_SYSTEM,Tidak,K34,BALAI PELATIHAN VOKASI DAN PRODUKTIVITAS SURAKARTA,DL.4057.SCO.011.057.0A.521211,APBN,01KNR8YNHVBB9REXK6EPFVJ6NW,2336008,66296592,1,01JR9NJ3E5JK5JKT4A18PYKCVK,035636,0,2026-04-10T00:00:00Z,"Peningkatan Penyelenggaraan Pelatihan Vokasi dan Pemagangan Binalavotas, ",efbb911a-59d7-54a0-816c-d0c9fbaa93e6._X1sd7U8HqnsSlM-.Z_Za39nzpZ1k3i2Bu_j29VB1Hnz2z8W_JgetnyjlAJc
Belanja Bahan Fasilitasi Dan Pembinaan Calon Tenaga Kerja Di Pekerjaan Hijau,DRAFT,2026,01535fb7-65e3-4a78-86c2-fac38c15215a,650,,CANCELLED_ON_REVIEW,Tidak,K34,DITJEN PEMBINAAN PENEMPATAN TENAGA KERJA DAN PERLUASAN KESEMPATAN KERJA,DN.2173.QDC.002.051.0A.521211,APBN,01KRTBG9ZJ7Z8MZS0MR282FHN2,67821000,67084718,1,01K7RDQVNVA31X2VX8FG6BVB29,451139,0,,"Penempatan Tenaga Kerja, ",efbb911a-59d7-54a0-816c-d0c9fbaa93e6._X1sd7U8HqnsSlM-.Z_Za39nzpZ1k3i2Bu_j29VB1Hnz2z8W_JgetnyjlAJc
PAKAIAN KERJA PESERTA PELATIHAN VOKASI TAHAP II,COMPLETED,2026,da487e7c-8f6e-4111-8463-ed7d2a8e2cfd,544,0,ON_PROCESS,Tidak,K34,BALAI PELATIHAN VOKASI DAN PRODUKTIVITAS BANDUNG BARAT,"DL.4057.SCO.005.052.0A.521211, DL.4057.SCO.006.052.0A.521211, DL.4057.SCO.008.052.OA.521211",APBN,01KXF848ZS0B7BSVBRDWT1M66H,81328190,67478132,1,01JH227NAA2C5VTDTVW81RNZRN,021212,22169014,2026-07-14T00:00:00Z,,efbb911a-59d7-54a0-816c-d0c9fbaa93e6._X1sd7U8HqnsSlM-.Z_Za39nzpZ1k3i2Bu_j29VB1Hnz2z8W_JgetnyjlAJc
Paket Fullboard Meeting Panitia dan Peserta Fullboard (Peningkatan Kompetensi Teknis Mediator HI),COMPLETED,2026,ccf1796a-686a-4e47-9a8a-cc14354caf3f,154,0,COMPLETED,Tidak,K34,DITJEN. PEMBINAAN HUBUNGAN INDUSTRIAL DAN JAMINAN SOSIAL TENAGA KERJA,DN.6586.UAC.001.051.0A.524119,APBN,01KK5NPHJGSWYESCBTEW1XZ9ES,146300000,65232671,1,01JPPA3KEN8Y0CFVXSNH41BHH2,451270,0,2026-03-09T00:00:00Z,"Peningkatan Kompetensi Mediator Hubungan Industrial, ",efbb911a-59d7-54a0-816c-d0c9fbaa93e6._X1sd7U8HqnsSlM-.Z_Za39nzpZ1k3i2Bu_j29VB1Hnz2z8W_JgetnyjlAJc
Bahan pengujian,DRAFT,2026,"3226c1bf-daf8-4d3b-83f3-302fd2b55f31, 7616eb35-cd4f-4d56-a93c-bab0125816d5, 6e4d9a3b-8440-4c0c-849e-a65c6a6ea76c, 49232acb-86bf-41ba-85a1-d5c43cf932f6",5,0,ON_PROCESS,Tidak,K34,BALAI KESELAMATAN DAN KESEHATAN KERJA BANDUNG,DN.6592.QAC.001.051.0E.521811,APBN,01KT8P8WXQPYZPW9QFKH7C4TE6,17471400,63147453,4,01HXQVPH9QN0VQQZDYATJYDWPM,350079,0,2026-06-10T00:00:00Z,"Pengujian Keselamatan dan Kesehatan Kerja, ",efbb911a-59d7-54a0-816c-d0c9fbaa93e6._X1sd7U8HqnsSlM-.Z_Za39nzpZ1k3i2Bu_j29VB1Hnz2z8W_JgetnyjlAJc
"Belanja Modal Peralatan dan Mesin, Sarana dan Prasarana Ditjen Binwasnaker dan K3, tab",COMPLETED,2026,239b99b8-862d-4fc0-bc17-febdd6ce9c28,5,0,COMPLETED,Tidak,K34,DITJEN. PEMBINAAN PENGAWASAN KETENAGAKERJAAN DAN K3,DN.6589.FAC.003.052.SP.532111,APBN,01KVW6Q1S96V7HVAEDR8VPGKBT,119325000,67331980,1,01HRVFBW992N70ADZS874ZZJSH,651870,0,2026-06-24T00:00:00Z,"Peningkatan Kompetensi Pengawas Ketenagakerjaan dan Penguji K3, ",efbb911a-59d7-54a0-816c-d0c9fbaa93e6._X1sd7U8HqnsSlM-.Z_Za39nzpZ1k3i2Bu_j29VB1Hnz2z8W_JgetnyjlAJc
Belanja Bahan TMT Klaster,COMPLETED,2026,"4f6fde3d-fa1b-4b92-8ebc-a20484c5422a, aa34541d-7bc4-44f0-9ac1-9960a3d6976d, c3fce501-2577-4243-a492-484e87a8d683, 3a63bb1b-4038-4b9a-a8ef-66ede4434d43, 837b2e38-3c76-41af-a5d7-3fe94d24d70a, 0ccb0b10-5c6f-4465-b0fe-8642e036fe77, ece7f23b-fb94-4de8-af20-6cd0ab1ac3a8, 166fc230-6597-4e09-8ee8-d4f736f2cb63, a560d862-66ee-42fb-8a11-e4a8620698ef, 3a04e736-1c9a-4c00-9347-7e80089aef50, 9d224d0c-1dd9-4178-9f5c-708a70b21c58, 882f6bca-a433-467a-b601-9266d365d2d2, 454ff63a-a26e-498f-840b-18e5cff6925d, f875ba81-6cd2-4ee1-ae1c-895a6a5417bf, 20ea42cd-c2ad-43a9-8d67-eef4c5381682, 96fbd90f-dff8-4dfd-ad78-89c2d84d4f34, 6682d95c-9625-4024-9be8-06ff9ef21167, ae1538b1-e7bf-4cd5-b933-6d1b6323c99f, 65a1ea83-5889-46d9-bf61-c0a8a315d557, 44598821-b042-4bd6-a68d-01cf0082800e, 49781587-137e-46b9-8eff-2062997961ab, 0ef5a46c-ee60-4b22-9a25-2910cb08031a, 7f502376-efe0-4146-8b23-d15e1f999137, 0ce226c6-57fc-457c-8700-7e3c3e80d4b5, 487af6c7-fcd6-4a90-87bc-141aca46d5c4, 67e8fd2e-c11e-4d27-826d-f1b8f5feaa76, efaa8c7b-b046-48c2-903f-e525294899de, 2e6d4e6e-0b3a-4455-8e67-4b2355a9974e",286,0,COMPLETED,Tidak,K34,BALAI BESAR PELATIHAN VOKASI DAN PRODUKTIVITAS SEMARANG,DL.4057.SCO.003.053.0A.521211,APBN,01KKXDHSBV3CTAW5FASA13AXQT,10450095,66185950,28,01J81QPN27R0FDVY86ZEFZ77TW,452609,2502042,2026-03-17T00:00:00Z,"Peningkatan Penyelenggaraan Pelatihan Vokasi dan Pemagangan Binalavotas, ",efbb911a-59d7-54a0-816c-d0c9fbaa93e6._X1sd7U8HqnsSlM-.Z_Za39nzpZ1k3i2Bu_j29VB1Hnz2z8W_JgetnyjlAJc
Belanja Bahan Pelaksanaan Sertifikasi Lulusan Pelatihan Vokasi (PNP),COMPLETED,2026,"51d2c2de-3a54-47f5-bf87-e22f11ce8104, 42690485-1b59-4061-8492-232d9375d550, c712becd-83f8-4984-8ada-99227c70203f, 79f26e21-4997-42ba-bced-317b4dfd642d, 35d82d18-7eae-47ed-a44c-278e102e0531, 5dbecf76-1bc7-4863-9349-c11725c2013d, bd71b4db-03aa-4109-b983-203426bb9fae, 8f98a452-89ae-445c-ab8a-8afc866df28b, 7f4645f3-1659-420c-be85-c5a859904870",220,0,COMPLETED,Tidak,K34,BALAI BESAR PELATIHAN VOKASI DAN PRODUKTIVITAS SEMARANG,DL.4053.PDI.002.051.0A.521211,APBN,01KNTVQ5M9ZYR1X638J9N1PE8K,4381170,66185662,9,01JYDESZTP0YA22FBCZT8CDSRE,452609,0,2026-04-10T00:00:00Z,"Pengembangan Sistem dan Pelaksanaan Sertifikasi Kompetensi Profesi Binalavotas, ",efbb911a-59d7-54a0-816c-d0c9fbaa93e6._X1sd7U8HqnsSlM-.Z_Za39nzpZ1k3i2Bu_j29VB1Hnz2z8W_JgetnyjlAJc
Jasa Event Organizer dan Multimedia,COMPLETED,2026,"a1dc264d-8683-434f-af6c-8cb18b224244, ebe90a35-fbc3-4941-8cbd-debcacdaa829, 28f0629e-6f44-43cd-a5b9-5b941179c2a2, f77d586d-7b15-4ab4-b961-c0e37e58b302, 8911cee6-91b9-41d2-b740-f68350408f85, 7c989ebf-978d-4961-a8db-8bf7dddb9e7e, ec7c0400-a759-4e3c-82a4-01e640fa052d, 1a70c48c-f72e-411e-875f-55ddb6f229b1, 6b5b2ce8-7334-4fa3-8e32-b2b95df84949, 1b7ed1d7-6e1c-4c47-82f1-20ed3af33866, 2ba90276-ade8-40b4-94df-99d7101491a2, c1b6601b-39d9-4913-975d-557aa37e38d6, 41565c39-4ff5-4329-8b5a-16ffd641c664, b54e0566-608d-46ec-8d51-2231e343d212, f6c46082-b598-436a-9f1d-13b6460afa4b, d641a881-eb39-4d0b-9a2d-ff9b6d2088b5",199,0,PAYMENT_OUTSIDE_SYSTEM,Tidak,K34,DITJEN. PEMBINAAN HUBUNGAN INDUSTRIAL DAN JAMINAN SOSIAL TENAGA KERJA,DN.5586.BDC.002.056.0C.522191,APBN,01KKJZBZNRQ4EKX3Z50457X7RR,78992040,66263354,16,01JHHE3CRNHK3NZG76G3T65V71,451270,83587619009,2026-03-13T00:00:00Z,"Peningkatan Penerapan Jaminan Sosial Tenaga Kerja dan Fasilitasi Kesejahteraan Pekerja, ",efbb911a-59d7-54a0-816c-d0c9fbaa93e6._X1sd7U8HqnsSlM-.Z_Za39nzpZ1k3i2Bu_j29VB1Hnz2z8W_JgetnyjlAJc
Belanja Bahan Pelatihan Kegiatan PBK Tailor Made Training RM Bidang Industri dan Jasa,COMPLETED,2026,"fb9bc091-9214-425a-97d3-c94d80aa2bd0, 40fb2e41-89fd-4fa2-9c6f-735324764af2, affd4aef-b789-4c59-ae75-5d28850c5d3b, 733d47f2-dbda-4320-ae0d-c3540623ff8d, d2435bd0-9118-4809-a795-033c82e54a87, ff40626e-3afd-413d-8487-5f811afa97be, 1c50c8b0-d574-45d3-a225-fde982b3c568, 65d69b15-8c55-4d3a-93c5-e002ecafe1bf, c6418f1b-7ced-4970-aebe-dc49f0b2a04e, 7c2885e4-f9c0-49b9-ae85-e5c853c17795, 5fb84993-a016-4271-a83b-446a6bc984ae, e72e3b7f-52cc-4983-8cc9-bc5614047966, 5c643366-7c38-44ac-8a11-7c79a78c5c25, a4408baf-15f4-43b7-a567-358ae90698a1, 4ae154c3-8983-404e-a324-1cdfa469b057, 1f6453f7-a107-4a72-8120-5d858e7d58a2, 772f7421-02c3-4cc0-be75-56b78ff2ea81, c5ff5a09-56de-483a-8766-810609484e9f, 370b09a5-a3c1-4dcb-bf62-6303ff816d5a, 6b2a3c26-030d-4874-ad02-c0f1b5d0c5a1, 84aaa0f3-6616-4740-ba74-daf75cbb775e, 70b0995d-412f-42bb-a465-29e7b44ae422, c5a70ea1-9478-4cd4-bf6c-4081ea3e6f25, ffc29464-de70-44a1-8ad0-e8f608c1206d",495,0,COMPLETED,Tidak,K34,BALAI BESAR PELATIHAN VOKASI DAN PRODUKTIVITAS SERANG,DL.4057.SCO.003.053.0B.521211,APBN,01KTXA1DQG97DHW3V3MM17T647,30887970,66342987,25,01JPHT8R3TKWRTQ8663M9DRT2Q,426531,43475011,2026-06-17T00:00:00Z,"Peningkatan Penyelenggaraan Pelatihan Vokasi dan Pemagangan Binalavotas, ",efbb911a-59d7-54a0-816c-d0c9fbaa93e6._X1sd7U8HqnsSlM-.Z_Za39nzpZ1k3i2Bu_j29VB1Hnz2z8W_JgetnyjlAJc
Seragam Peserta Pelatihan,COMPLETED,2026,0de49d34-ebbf-42c0-8214-7818ddae0814,800,0,PAYMENT_OUTSIDE_SYSTEM,Tidak,K34,BALAI PELATIHAN VOKASI DAN PRODUKTIVITAS SAMARINDA,"DL.4057.SCO.003.051.0A.521211, DL.4057.SCO.004.052.0A.521211, DL.4057.SCO.005.052.0A.521211, DL.4057.SCO.006.052.0A.521211, DL.4057.SCO.007.052.0A.521211, DL.4057.SCO.008.052.0A.521211",APBN,01KKWJF71DZ8P4Z3WKDGDH0WG2,119600280,66424157,1,01JJ60PW5XQT9D735C4V5K2XBN,451108,10244014,2026-03-25T00:00:00Z,,efbb911a-59d7-54a0-816c-d0c9fbaa93e6._X1sd7U8HqnsSlM-.Z_Za39nzpZ1k3i2Bu_j29VB1Hnz2z8W_JgetnyjlAJc
Konsumsi Peserta Pelatihan Vokasi Nasional (RM),DRAFT,2026,682161d4-8abf-4921-baf0-ce16b693f3d7,5024,0,ON_PROCESS,Tidak,K34,BALAI BESAR PELATIHAN VOKASI DAN PRODUKTIVITAS BANDUNG,DL.4057.SCO.003.052.0A.521211,APBN,01KY3WV9SN89QW7PECQJ4Q0PDE,99475200,67334826,1,01J8Y41BHVNB516DV4325B39AE,452542,9969014,2026-07-22T00:00:00Z,"Peningkatan Penyelenggaraan Pelatihan Vokasi dan Pemagangan Binalavotas, ",efbb911a-59d7-54a0-816c-d0c9fbaa93e6._X1sd7U8HqnsSlM-.Z_Za39nzpZ1k3i2Bu_j29VB1Hnz2z8W_JgetnyjlAJc
Perlaksanaan Sertifikasi Lulusan Pelatihan (RM),DELIVERED,2026,"7e4e35c9-c00e-4a0b-a3c9-fea797cac18e, 9d0856a1-9c34-4f4b-a265-5b1a45e03289, cd30fdc0-c773-4e21-aec9-a73dbac7eec0, 92fdca14-0b51-4a56-8a1a-ada8fee1ca03, bd10dcf4-4777-46f6-8fc4-2dc2c41598d7, d7b8fc6b-78ac-402b-a7a2-07cb0bade530, 053590e3-a9ee-4c04-93b2-5c93b2437143, 9657b61d-585d-4e2c-a15a-456b790d703b, a0b3328a-5052-4dcf-98f9-6a98d04ae9c2, 5bcf1abd-c6b4-43dd-855b-1921b6381e60, 0f1ec687-6c48-4378-b769-ce429f7c4b1a, c18ecc05-794e-43c7-9d39-ded487b16cc4, 7e8faf48-f812-4649-9718-6ea6ed868aad, ab9d73f2-1513-469f-aa2a-8ae49227a5a0, 5a6c1396-0378-4a2b-8c6a-d1d4cafa4321, 25e1c081-f82f-4a68-8b25-864b9ccfaa86, 089f1dde-f975-4e1f-a95c-a2817e9909da, 54108dfd-f810-4ab6-9b96-bca7c686de03, 824dbebe-801c-4865-812f-f95d3960933f, ed2078a7-334d-47b0-8823-f72f2689ae5c, 9deb4a97-244d-4ced-9b73-6686eb914443, c46e2679-1a89-40ae-acf3-37ebd4ab1d57, 8a4b90ba-5b3c-4433-b8e7-17d0f29c2ab4, 5de49978-41ed-4f20-9cae-db68d154e7c2, c8b6d889-e5c3-47bb-be1c-723e9d8d0ed3, 52001b3d-7ae2-49c0-9c1e-acd5707042a7, 9f6cbc8f-feef-4c78-abc0-5c3bcc2a4bbe, 9a50bb06-398e-40d3-b979-99dbf755a608, 5b57db3d-ee25-4544-a330-55ffc2f9e2dd, 9bda46bd-fd04-4707-8242-de0dc5fbc8c6",53,0,ON_PROCESS,Tidak,K34,BALAI PELATIHAN VOKASI DAN PRODUKTIVITAS SURAKARTA,"DL.4053.PDI.002.051.0B.521211, DL.4053.PDI.002.051.0B.521213, DL.4053.PDI.002.051.0B.522151, DL.4053.PDI.002.051.0B.524111",APBN,01KXXREGCAPDBJB4DV00SRR50M,192762600,62074382,30,01JSE0MBBW03ZH0MJE0MXGHB35,035636,0,2026-07-21T00:00:00Z,"Pengembangan Sistem dan Pelaksanaan Sertifikasi Kompetensi Profesi Binalavotas, ",efbb911a-59d7-54a0-816c-d0c9fbaa93e6._X1sd7U8HqnsSlM-.Z_Za39nzpZ1k3i2Bu_j29VB1Hnz2z8W_JgetnyjlAJc
Belanja Pengadaan Bahan Pelatihan UPTD Technopark Sragen,COMPLETED,2026,0102324d-f9f2-4798-a9a8-3b3599528704,1,0,PAYMENT_OUTSIDE_SYSTEM,Tidak,K34,BALAI PELATIHAN VOKASI DAN PRODUKTIVITAS SURAKARTA,DL.4057.SCO.011.057.0A.521211,APBN,01KVCRE5TX3Q8THJ9CYS5PN2PS,14750000,66297464,1,01JY3D0PS32SBA0479ED0JQRBT,035636,0,2026-06-19T00:00:00Z,"Peningkatan Penyelenggaraan Pelatihan Vokasi dan Pemagangan Binalavotas, ",efbb911a-59d7-54a0-816c-d0c9fbaa93e6._X1sd7U8HqnsSlM-.Z_Za39nzpZ1k3i2Bu_j29VB1Hnz2z8W_JgetnyjlAJc
Belanja Bahan PBK Reguler Luring,COMPLETED,2026,fd03e592-5b0c-458d-aa68-56d577ec4564,307,0,COMPLETED,Tidak,K34,BALAI BESAR PELATIHAN VOKASI DAN PRODUKTIVITAS SEMARANG,DL.4057.SCO.005.052.0A.521211,APBN,01KN3DV849TBQVVYRW4X2R1P1R,6063250,66186051,1,01JCYR1H5KAHWBXMZNS2PMK7NJ,452609,12452042,2026-04-01T00:00:00Z,"Peningkatan Penyelenggaraan Pelatihan Vokasi dan Pemagangan Binalavotas, ",efbb911a-59d7-54a0-816c-d0c9fbaa93e6._X1sd7U8HqnsSlM-.Z_Za39nzpZ1k3i2Bu_j29VB1Hnz2z8W_JgetnyjlAJc
Belanja Bahan Pelaksanaan Sertifikasi Lulusan Pelatihan Vokasi (PNP),COMPLETED,2026,"6c2e1459-de37-4029-96a1-80cb707b5eac, 8f98a452-89ae-445c-ab8a-8afc866df28b, a9704d9b-45d3-4d07-972d-6d87c3fea9bb, 032a532b-2803-466b-87bc-4cec03a9f828, 5af293fb-e453-49e1-92e3-58b3ea3aa86b, bc1d8a78-70e2-48a3-8eed-d5ef2f568aea, f1699f33-3739-4de5-a1c7-303e27527340, 1fd49a77-e8c7-4c2e-aaab-efd408823c38, 4aaf9534-40ee-4b5b-92e6-e2e21f5af757, 04bcfa0b-8fab-4b7d-a32f-fcb2f7f55eff, 054461b3-7c95-45a3-afe4-03a7198cd27c, fab17c70-af5c-4f92-9ffe-335cb0e2ca98, 431388c6-b03f-4b02-9c38-a7d7f4f269df",410,0,COMPLETED,Tidak,K34,BALAI BESAR PELATIHAN VOKASI DAN PRODUKTIVITAS SEMARANG,DL.4053.PDI.002.051.0A.521211,APBN,01KRB1MH9B1T8C9RCRP6Y86Q5A,17258835,66185662,13,01JYDESZTP0YA22FBCZT8CDSRE,452609,0,2026-05-11T00:00:00Z,"Pengembangan Sistem dan Pelaksanaan Sertifikasi Kompetensi Profesi Binalavotas, ",efbb911a-59d7-54a0-816c-d0c9fbaa93e6._X1sd7U8HqnsSlM-.Z_Za39nzpZ1k3i2Bu_j29VB1Hnz2z8W_JgetnyjlAJc
Pengadaan Jasa Konsumsi Peserta Pelatihan (90 Paket),COMPLETED,2026,bfbc4d61-5a43-4755-8f93-f69a849779a7,864,0,COMPLETED,Tidak,K34,BALAI BESAR PELATIHAN VOKASI DAN PRODUKTIVITAS SERANG,"DL.4057.SCO.003.051.0A.521211, DL.4057.SCO.003.051.0B.521211, DL.4057.SCO.003.052.0A.521211, DL.4057.SCO.003.053.0A.521211, DL.4057.SCO.003.053.0B.521211, DL.4057.SCO.003.054.0A.521211, DL.4057.SCO.005.052.0A.521211, DL.4057.SCO.007.052.0A.521211, DL.4057.SCO.008.052.0B.521211",APBN,01KVPKDFR3RZAZAFM6H1FHEYA1,17107200,66344371,1,01K9RSESWX1BJXXF2E7MCDGQFT,426531,0,2026-06-23T00:00:00Z,"Peningkatan Penyelenggaraan Pelatihan Vokasi dan Pemagangan Binalavotas, ",efbb911a-59d7-54a0-816c-d0c9fbaa93e6._X1sd7U8HqnsSlM-.Z_Za39nzpZ1k3i2Bu_j29VB1Hnz2z8W_JgetnyjlAJc
Paket Meeting Fullboard Peserta dan Panitia,COMPLETED,2026,1e6435a0-2449-4dfd-857c-91a21a13adcb,108,0,COMPLETED,Tidak,K34,DITJEN. PEMBINAAN HUBUNGAN INDUSTRIAL DAN JAMINAN SOSIAL TENAGA KERJA,DN.5586.BDC.001.051.0A.524119,APBN,01KN1QWHTCXQAHA9V5ZGPP08Y9,102600000,66262516,1,01JSY5GSJP4QHASVDXEBXR2P0V,451270,0,2026-04-01T00:00:00Z,"Peningkatan Penerapan Jaminan Sosial Tenaga Kerja dan Fasilitasi Kesejahteraan Pekerja, ",efbb911a-59d7-54a0-816c-d0c9fbaa93e6._X1sd7U8HqnsSlM-.Z_Za39nzpZ1k3i2Bu_j29VB1Hnz2z8W_JgetnyjlAJc
Belanja Bahan Project Based Learning B,DRAFT,2026,"558a567d-e591-4f36-940d-319fb318a096, 3d1f5a21-29b9-436c-bad9-74c7bf5cec4b, 06785d84-cc9e-4633-a480-0312a083a686, b12f602e-94a0-41b7-9bec-acb4c88d60ad, 348c8c64-989e-494a-9f2f-17e8ea0036da, 3d1ba16d-6c99-4a9c-a868-7b1a206e6ac2, 72d4c9e2-3fd2-4f33-b42b-4b8d535c7a9d, f7006cdd-9a0e-41c6-810d-cb9d95679fc3, c463a037-f47f-43dd-a131-1b05fe89a0f4, cde9d1c1-fbc2-4541-a560-64b61a644385, f8d85f1e-7672-420c-98ea-948a76520f3f, f574af1d-819f-4d10-894a-63f095242e46, a3c837c6-fd50-47d2-b175-641d125d1e23, 5b50bec1-9139-4616-bcbe-e8522c44f89b, 2697be83-79de-402b-a164-47901ac5c415, 8848c209-d388-49c2-a835-63bac667df5e, c7c49739-cc33-45fe-a50d-da2234f07538, 8091d7e1-b437-4d87-a2bb-9b992a1a685a, 756ab366-31a9-4718-9d83-f8ece78c1e7e, b00266ca-e8c3-4117-963f-d386f426d400, f08330b4-74ef-47fe-8a91-64778e466633, 041ca57a-a662-4d31-ab4b-8434e8d1a38c, ea3ba026-1638-4f80-8fac-0123881bafbb, eaa8f13f-34e6-4ee1-bfed-55e96dcb4486, 512912a7-9605-46bc-9f87-3796f709adb3, 596dc37e-8d99-4a08-9ae3-e61ce7a4f648, 5630d17c-386e-452e-a45c-168ce0b348a2, 1d01e554-3ee9-447f-855d-f81afd4d641f, 2bc75fda-ce49-4b37-80d9-d5abe690d3d6, 8d5d8dd6-4e48-46ad-b3c8-5605954e3a96, 16419b3b-c92c-48d3-a761-99dbf1151fe1, 5e5054e7-4e00-4172-97be-32b89ce1ec30, 654ec7f5-c628-4fb2-a570-ae566d510eea",320,,CANCELLED_ON_NEGOTIATION,Tidak,K34,BALAI BESAR PELATIHAN VOKASI DAN PRODUKTIVITAS SEMARANG,DL.4057.SCO.003.051.0B.521211,APBN,01KZZSJ1JFEHWFCAJV8C61AWDW,36106635,62803988,33,01K21VM9ENQAGGV8BA9GQQY5VC,452609,0,,"Peningkatan Penyelenggaraan Pelatihan Vokasi dan Pemagangan Binalavotas, ",efbb911a-59d7-54a0-816c-d0c9fbaa93e6._X1sd7U8HqnsSlM-.Z_Za39nzpZ1k3i2Bu_j29VB1Hnz2z8W_JgetnyjlAJc
Pengadaan Bahan Pelatihan Vokasi UPTP PNBP (30 Paket),COMPLETED,2026,"50785541-45d4-45a1-80a0-de7a2fe47398, eddfc43e-0008-4be9-ac0b-26b9b1855c55, 556226c6-2c6a-4265-a717-79d50bd2ec0f, ac012a6d-dbdd-4659-8a43-fdc1382919da, b1565903-fe30-4b26-b319-3c06a5760b0a, 98d0fe03-be31-496c-9fbd-be948548b22c, 5b49f5f8-0dc1-4e69-b4ee-93f086a82949, 463e2b1c-761d-4710-ab90-f8d25305b6ae, 3c4243ad-3890-47b5-ac75-86824938e145, 1eab641d-eb38-4289-ae6c-eb97173c4dd1, 2149ed68-c482-45ce-823b-1e1cadbe46af, 29c8b6e2-da18-4b89-9f8f-88caf56ef1cc, c282d0bc-dbbc-4a50-9d88-3f73c7e62d72, 9843667f-a9d6-4e8e-b9a1-470cb48a08bc, fc2fbe40-1566-4384-b2ce-37d2399d2e0b, e8b8c557-56be-4e47-ad97-a914d7df9c45, 05b4a449-4998-4b5e-b819-f36635edf828, b8e6e5d6-9a92-4520-a9fc-68c9c8f2c602, 4ec1ab03-0919-4ded-9ebb-66880802c495, 1ab1e715-3449-41d1-b753-73ce35638c41, 6df247e9-2680-4583-bd85-182cd2fd947c, 4f59af7b-4bb2-4f6d-a3f5-cfb1adddf8ed, d5b1db94-7dca-4d27-8223-9dcbedd15bd5, 7d395047-62df-489e-941a-d4741b9ac1d2, 50a2ab2b-24e4-4288-aa52-6c94e6175764, 0f954087-f7d6-4021-8162-7dbcfa6de066, b41954d5-51f7-4a3a-a730-c087795743b6, 86b6130c-4d3c-4780-b807-6189799afbee, 31bba0ea-ef87-4a1c-804e-b56bfa3b7441, 50ec4106-bf63-4fca-a335-523f349d13d0, 8a0246bd-5555-4a76-a3ea-b5f28d63498d, 97342e00-de8b-44be-8ef7-48608a43346a, e1f6ba10-6d1a-4e74-a63f-2f9f444d9f60, a4b3b4ad-1431-4651-b2db-bdb9aff224eb, 35f3ab4e-4666-4582-81cb-7085d5bc0b74, ff93ba4a-c220-49c6-ab42-f35e7f28edbe, 1f6eb6a1-d228-4500-852a-53f01612fb9a, adc68ac7-5ea3-4709-ad13-d6e155a5c72c, d934539a-b6b5-4408-9816-0f2af37a12d3, 59f83e8c-74ab-4b5e-8f3d-846c61dca3fd, 4139e399-1bdd-4057-beb5-89a03ed67b88, 70a66683-1cf8-486f-9ace-5d61442b4dfe, 35b53819-dbda-494f-8f51-8c87616135db, 7577d04b-8440-4059-b509-c7ad3b58882b, 2952dec5-3230-4da3-9654-ba35e313041c, 577b9699-72d1-4b2e-a787-41c0034e846c, c2c873f7-2da2-459e-a737-e0308248bc9f, eee6a0b6-1ff1-4362-ba9e-ebff0161e824, bc1622a8-ddcc-4937-90a6-752e2f63c8a0, 7efaa979-ecb1-4e3f-a7ca-1d6af0c2baa4, 5b433349-579e-4a16-b1b9-1d9bb73439b4, 9db42d06-d158-4228-b1da-b3f7cc8e4d3d, 259cdf09-48a8-4b4f-9668-cae822f94d64, 9056b74a-6054-4a0f-816d-f991b9ce45aa, 4543e317-5723-4655-905a-2a3d5852a0c8, a0766a0a-77f5-4bd9-aaa9-c42794b9aa8f, 4cb7ada0-18de-4a33-898b-9f25d619c063, e25afb58-77c6-4722-a0a7-b83bcc898923, 64662afb-c8b8-4fc7-8d0a-513da411d188, a175e4f4-a919-4df7-841b-64d3df9baf58, 57278ed3-56a5-4b27-851a-59660e23310f, 8a309841-c914-4a4c-9184-165d1d3a804d, 3e783b3e-24d3-45c4-ae13-b7973a94c3a2, 65ca9534-6a13-47c2-8091-6023cabcab63, 2988eb27-55c5-45d2-abd2-10410a3898f8, 948e82fa-3c2a-4f93-a7db-7b98f57e8f69, 98f237c8-1ba8-48da-8dec-46105d9239c0, 1ea73421-7975-4a04-aa3b-5938b563b8fd, 3fa61fd7-1d8f-4fff-b29c-dfc46da2f16e, ee2f5894-4fab-44cd-926b-5de07e112cb4, 8ee4351d-fbcb-414b-9cec-2c1f1fee92d0, d45650bd-e86e-4769-bcc7-6e4e1e47e558, 7c287025-71e2-4739-af96-bcc3ee7f0a9c, 6cc0aa41-e408-4a9c-9f5b-f72abaf3ba2b, cce16dae-a73b-4513-92d0-e19068f6bf52, d04a1eda-f94d-44a4-860d-360244d507ca, 85850cff-c93a-4334-a0f5-fd64fc1456c4, 0ce9556b-282f-4450-898d-f0d99f83042a, 97354bd5-497b-4796-a700-56f438d0c15e, ee564fd6-4566-4c6d-9ca4-7118fc59a331, e498bcdf-61c3-41c9-a5ce-1a153c8e6f47, 8aea4532-28c4-412b-b695-8daf7ae3d4bd, 300383c6-9f06-4313-9634-a1bde9a5b7ff, 7e491fb6-bdea-41a7-bfa3-9cc57eec7dd9, 19b4d47d-1e0f-4e49-be54-e7ee970371f8, b466d70b-0e65-4a37-b340-5b21d96bfd87, 2141d145-8169-414c-9e15-70473421b29e, 2f5642c7-46b1-427e-a2b6-f53f5528e8af, f7ddd3cf-a4a8-41da-8ebf-3eaba6729129, 7e4945b5-c1b2-437a-89fc-8c9aedb34c5d, 42dfa431-e608-49f9-9aec-7074f887084c, cc1391c1-5333-4092-a770-41499eeed518, 90a45567-c430-4d27-a7af-bcc998e05ffc, c775a0b7-b74f-45e8-a3ae-d4eef3d027e0, 8c3cf21f-0896-4a7f-aae5-9be3bd00f85d, 80e4ad1e-76ba-4481-bc54-e3c62c7c2943, 6d61b59f-d623-4489-a3ea-55461cfc1d6c, 51f650f9-22c2-4be6-a8e2-f30bbf5f1bb6, 57657240-a89b-4c9a-9923-6a5b9ec28f99, 7083e423-1298-4217-a2e3-3fb139f5321f, 0c6d0d6e-9161-4fbb-8263-eff720e59c55, 88169a75-8edc-4169-a76c-c2cf081ba02d, 5ab2e7c3-e1f3-4b7a-9338-cac62e2c6b03, 8b4af71d-1a09-4c35-a098-7d25c2475016, cd99384e-0aa4-4305-8044-29ae946ef008, 83582f24-5dc3-4fbe-b339-9533909cc20e, 086efcd4-6c43-4a57-9b86-14ca195418fd, 9fa9681b-b9cd-44cb-adae-055eb691fd0d, ab4a9c89-97d6-4926-9fd4-3631288e2fa3, a1a86b25-e904-46ec-9540-7263f3065791, 0f63a13e-1964-4b4a-8dae-f3d38050b3f2, 58537a09-bd28-4fee-aa5d-9a41396ad43c, 72c5e7a8-3eb8-45cd-ba36-235b950698ba, 133700ee-9c77-4a1d-b618-39ec51a5c09f, c2f477db-17d9-47fe-a3e6-74f11e000fad, 5fe9df93-8696-49d4-8472-102196c30239, 970bc6af-e333-44ab-8c93-a403d927e5c3, 7366470e-c478-4d09-9730-ef37fc7b1d28, 3c84baf1-2f01-45da-9885-2dd3146689df, 02c20927-a876-46bf-a537-14e7d91bbdaa, f78eaf36-953c-4615-8373-d15682f29f96, f1a61ccc-b24d-41b4-9070-c4e9bbf7ff7b, df8befb2-deae-400f-9423-ef77a16cd615, aad1222f-835d-4204-b283-bb032bb92b4b, 184772b6-5933-465a-8ff2-05766b8f3ce1, 5e6170bb-6618-4932-8ec2-e014bdc61b27, 8b140bbf-9a73-4e2a-8916-5f97c70ceaf6, 9affc9e7-794f-48ae-8814-ed94e9f7ff85, 2042a29f-f50d-4cc3-a9d3-842733b13c44, 80fe8e28-0d9a-4b6a-9026-74b84a807699, 25cd8df9-e095-40c6-8601-54414f731e17, 8672d428-797f-4658-ae54-3b012f8e512f, 338b4945-83d5-4b51-82f2-683f855a3346, e8028d04-c687-4af8-9472-514eee4e0a80, c35a6b2f-ec3c-4818-adfb-02de028f45be, 4867abb9-a47e-48cb-ba4a-ea723439c2a4, 94eaf03f-9ecb-4831-981f-ff73c29c092c, 12289854-c81d-46d2-abc1-f292efa97b51, 2cf45dea-3ff0-4d5d-91f9-2e53e66986fb, 71b96983-19ab-40df-8379-2e810a0e0b68, 603053a5-3f92-4c63-9894-a60324b0820e, 3691b301-7535-4fe6-af72-d5044c0a27ca, 30a02fac-5f8f-48b7-b8a1-67cd53d660c3, 45f2ab38-75ad-4902-8ca4-e670a4bbc09a, d86555ab-ec0e-4b01-824f-ef7a5e3a2982, 135373ae-3bdb-49de-acfe-a3dff75b9bcb, 39913ea9-e95e-40ae-8271-4bc8ee260b87, ace80d3c-b6d7-43a1-b4a2-e57442abe427",1687,0,COMPLETED,Tidak,K34,BALAI BESAR PELATIHAN VOKASI DAN PRODUKTIVITAS SERANG,"DL.4057.SCO.003.051.0A.521211, DL.4057.SCO.003.053.0A.521211, DL.4057.SCO.003.054.0A.521211, DL.4057.SCO.005.052.0A.521211, DL.4057.SCO.007.052.0A.521211, DL.4057.SCO.008.052.0B.521211",APBN,01KVA2JHVQ694NGXT9J9GWZQB3,138066240,66342119,162,01J8M8DD8G2QTQVXFNY1S0SJW3,426531,279659009,2026-06-19T00:00:00Z,"Peningkatan Penyelenggaraan Pelatihan Vokasi dan Pemagangan Binalavotas, ",efbb911a-59d7-54a0-816c-d0c9fbaa93e6._X1sd7U8HqnsSlM-.Z_Za39nzpZ1k3i2Bu_j29VB1Hnz2z8W_JgetnyjlAJc
Bahan Pelatihan Tailor Made Training 40 JP B,COMPLETED,2026,ec801773-524c-444e-b398-e17bf75b41ba,1,83250,ON_PROCESS,Tidak,K34,BALAI PELATIHAN VOKASI DAN PRODUKTIVITAS SIDOARJO,DL.4057.SCO.003.053.0A.521211,APBN,01KYGWDGHCBTQFD146J3FY2P5Z,8368290,66473758,1,01JAYK7BA0MEZ4014EFKCTSSY8,050302,759449,2026-07-27T00:00:00Z,"Peningkatan Penyelenggaraan Pelatihan Vokasi dan Pemagangan Binalavotas, ",efbb911a-59d7-54a0-816c-d0c9fbaa93e6._X1sd7U8HqnsSlM-.Z_Za39nzpZ1k3i2Bu_j29VB1Hnz2z8W_JgetnyjlAJc
[TU Menteri dan Wakil Menteri] Belanja Barang Persediaan Barang Konsumsi,COMPLETED,2026,"dd73fa1d-5ee3-4591-a093-d51b6795135f, 70f88928-8d3d-48a1-ac03-5333e56ca797, 01d9590c-6f9c-4046-a5fe-84fc19e4604e, dc67af08-d8f0-46d6-b6cb-3eacdcc4b60b, 598601db-f6c8-4f64-b28f-a0275e55a7fe, ed1eefd0-74b6-4083-8713-7605614239f2, c273f034-6053-4730-8d06-05cabcdbfa71, 3db4fca7-ab85-479d-9769-472d62e2f88e, 7eba5176-ef8a-4f6e-a2b9-6661b6de641a, 29db98bc-4c73-435d-9a72-9893c6cd995d, 20818fdd-5df5-4922-8929-e246e58bf149, b30d7312-094c-4ef6-b327-0e28d8bf8894, 183e8093-8f84-4473-ba11-56256eda29e8, 4eebdd67-0635-469a-b078-3615abed4d6a, e3cd6961-4843-4c52-814a-d14c1107f848, e65e16c8-512d-4c6b-b24a-5b6f452c350c, a8a16fab-81d6-4554-9e15-79e0e465d61b, 44fa8786-ce59-42d5-a744-7c0cc324b0b1, 239978b9-f8cb-42a4-95d6-085977ebe2ff, 53fdbf05-ca7a-41bd-a903-068fff63537a, 999580a8-7498-4f48-901c-1313bd2a8243, e54d381c-e678-43ed-b86e-d89961671e7e, 51a01c19-1b26-400a-b905-c5008a45e646, 228926da-70ed-4b74-acf8-b107b41e6f9d, 2fc3d82c-226d-43b3-afce-1aeb5f42a179, 41f1eda1-7c0d-4b8f-9d44-58830df879a4, a3b5e26d-d03e-4430-a608-3791aed0b444, f170aabc-5c52-41bd-8eea-0db8c2b65563, b415da34-2dd7-413c-8836-41302c9201e0, d9ffa34d-c62b-4760-9338-8124a19cda66, 9e4b1076-5567-49a1-81f6-65ba36edb85d, dacf0a5f-a02a-4337-b687-21277dd00b16, 56c1cad1-e33e-4220-af5d-2bbd528fb476, 34319742-753d-4fa2-85dd-7b0167257ab1, 73114b69-4cc1-4c40-a7b3-92ff94d89a53, 52804f82-1814-4b64-8191-3da02fe7fbdd, ef814317-b6dc-4070-9ba4-4922ad4df44e, c63d574d-5a18-44e6-9edf-95792346661f, 9b22c1ef-6367-4236-a4ff-771b934983cb, 423908bb-39fe-4f93-b78f-7dc7a1db46dc, b60b3644-d23c-41bf-9142-9ede35dc0943, 4513d9c2-848c-4fe9-8f47-e34dddc028fe, 12e8667c-1304-4e7a-8f02-c28b310e31e5, a24d3e50-2749-4709-825d-ac1db0e2f845, caaa52b9-708c-4ab8-9da1-93bbd890284e, 01f80b3a-6933-4c26-ab62-8383caac9be8, 454ef844-f38f-4f93-8431-d09a53fc12ae, a9ea636c-6fa9-4f51-9fde-c3a18de2c704",721,0,COMPLETED,Tidak,K34,SEKRETARIAT JENDERAL KEMNAKER,WA.2161.EBA.962.051.0C.521811,APBN,01KRB6X7T5NQ992W8W2RAVTNQ6,58680575,66961144,48,01JHPMH1JTHA64JB1PG2R569J7,450938,37806009,2026-05-18T00:00:00Z,"Peningkatan Pengelolaan Urusan Tata Usaha dan Pelayanan Umum, ",efbb911a-59d7-54a0-816c-d0c9fbaa93e6._X1sd7U8HqnsSlM-.Z_Za39nzpZ1k3i2Bu_j29VB1Hnz2z8W_JgetnyjlAJc
Paket Meeting Fullboard Peserta dan Panitia,COMPLETED,2026,73dbdacb-522f-4cde-945b-81387ea1f7e9,125,0,COMPLETED,Tidak,K34,DITJEN. PEMBINAAN HUBUNGAN INDUSTRIAL DAN JAMINAN SOSIAL TENAGA KERJA,DN.5586.QDB.001.051.0A.524119,APBN,01KN68D87VF7PQ2WAPQGN8WZRK,112500000,66267017,1,01JPVZPC1PFBZNFAWC31J3JCYX,451270,294727,2026-04-02T00:00:00Z,"Peningkatan Penerapan Jaminan Sosial Tenaga Kerja dan Fasilitasi Kesejahteraan Pekerja, ",efbb911a-59d7-54a0-816c-d0c9fbaa93e6._X1sd7U8HqnsSlM-.Z_Za39nzpZ1k3i2Bu_j29VB1Hnz2z8W_JgetnyjlAJc
Jasa Event Organizer dan Multimedia,DRAFT,2026,2ba90276-ade8-40b4-94df-99d7101491a2,1,,CANCELLED_ON_NEGOTIATION,Tidak,K34,DITJEN. PEMBINAAN HUBUNGAN INDUSTRIAL DAN JAMINAN SOSIAL TENAGA KERJA,DN.5586.BDC.002.056.0C.522191,APBN,01KKJGEGR5RBVS261QGJQ8P3FB,2497500,66263354,1,01JHHE3CRNHK3NZG76G3T65V71,451270,83587619009,,"Peningkatan Penerapan Jaminan Sosial Tenaga Kerja dan Fasilitasi Kesejahteraan Pekerja, ",efbb911a-59d7-54a0-816c-d0c9fbaa93e6._X1sd7U8HqnsSlM-.Z_Za39nzpZ1k3i2Bu_j29VB1Hnz2z8W_JgetnyjlAJc
"Fullboard Moderator, Panitia Penyelenggara dan Peserta",DRAFT,2026,05cd57df-d511-496e-9e0d-c361aacebc93,92,,CANCELLED_ON_NEGOTIATION,Tidak,K34,DITJEN. PEMBINAAN HUBUNGAN INDUSTRIAL DAN JAMINAN SOSIAL TENAGA KERJA,DN.6587.AEG.001.051.0D.524119,APBN,01KWK33PVHKJVBJ9DFQVC2QXVZ,101200000,66135360,1,01KWBJZJ0P4AFEQW08P1RGQYEH,451270,0,,"Peningkatan Pembinaan Hubungan Kerja dan Penerapan Pengupahan, ",efbb911a-59d7-54a0-816c-d0c9fbaa93e6._X1sd7U8HqnsSlM-.Z_Za39nzpZ1k3i2Bu_j29VB1Hnz2z8W_JgetnyjlAJc
Pest Control,DRAFT,2026,"86fbb1ce-9ff9-4770-86db-3285ac037463, 66bba602-4b39-4525-8969-26c0f0b9dd86",49932,,CANCELLED_ON_NEGOTIATION,Tidak,K34,SEKRETARIAT JENDERAL KEMNAKER,WA.2158.EBA.994.002.0K.523111,APBN,01KYKSXVW253QWYR4RDRTT8XC6,149796000,66029467,2,01JH25183A5TVY813HBHAKEDVN,450938,3667127,,"Peningkatan Pengelolaan dan Pelaporan Keuangan, ",efbb911a-59d7-54a0-816c-d0c9fbaa93e6._X1sd7U8HqnsSlM-.Z_Za39nzpZ1k3i2Bu_j29VB1Hnz2z8W_JgetnyjlAJc
Pengadaan Konsumsi Pelatihan PBK,DRAFT,2026,86e24a86-979b-4ee9-aedc-2c81b1b13d62,1120,0,ON_PROCESS,Tidak,K34,BALAI PELATIHAN VOKASI DAN PRODUKTIVITAS BANYUWANGI,DL.4057.SCO.030.056.0A.521211,APBN,01KZ385RWXDKX5ZJPACD3QFST0,32480000,67512416,1,01JDRWX74CPTWJ23W13FEATP6W,051102,3504033,2026-08-04T00:00:00Z,"Peningkatan Penyelenggaraan Pelatihan Vokasi dan Pemagangan Binalavotas, ",efbb911a-59d7-54a0-816c-d0c9fbaa93e6._X1sd7U8HqnsSlM-.Z_Za39nzpZ1k3i2Bu_j29VB1Hnz2z8W_JgetnyjlAJc
Pelatihan Peningkatan Skill SDM Pegawai,DRAFT,2026,8caee29c-2ce2-45ab-9bb7-1cf6d3c81840,18,0,PAYMENT_OUTSIDE_SYSTEM,Tidak,K34,SEKRETARIAT JENDERAL KEMNAKER,WA.2163.EBA.958.051.0D.522191,APBN,01KS00C4P1GGJPP2C290V627HP,125999994,66270000,1,01JZ2DXQ0384SDPEJ9CCBZV3GG,450938,0,2026-05-20T00:00:00Z,"Peningkatan dan Pengelolaan Hubungan Masyarakat, ",efbb911a-59d7-54a0-816c-d0c9fbaa93e6._X1sd7U8HqnsSlM-.Z_Za39nzpZ1k3i2Bu_j29VB1Hnz2z8W_JgetnyjlAJc
"Paket Fullboard Moderator, Peserta dan Penyelenggara Sinergitas LKS Tripartit Nasional dan LKS Tripartit Daerah",COMPLETED,2026,1fa95cee-6144-41fb-9fe3-368cc455b479,114,0,PAYMENT_OUTSIDE_SYSTEM,Tidak,K34,DITJEN. PEMBINAAN HUBUNGAN INDUSTRIAL DAN JAMINAN SOSIAL TENAGA KERJA,DN.2179.BDB.001.051.0E.524114,APBN,01KNNMV4Z44X8GGSBAE9DADVRH,99180000,65871014,1,01JGK1K4QN9NMMS9FHB980DGR7,451270,119796009,2026-04-08T00:00:00Z,"Penguatan Kelembagaan dan Pencegahan Perselisihan Hubungan Industrial, ",efbb911a-59d7-54a0-816c-d0c9fbaa93e6._X1sd7U8HqnsSlM-.Z_Za39nzpZ1k3i2Bu_j29VB1Hnz2z8W_JgetnyjlAJc
Belanja Bahan Pelaksanaan Sertifikasi Lulusan Pelatihan Vokasi (PNP),COMPLETED,2026,"93e6ce00-c38f-4c7c-bde7-12836e19eca4, 505d7364-a43c-4b3f-987f-ed00e2fbe104, d7f7b1ad-4eb7-470f-b6a2-22e1b7cbe9e1, 9227cdf2-75e7-4d2a-aaaa-5c4d9b60cf6d, ae8ce8a0-0d45-4dee-8e28-2dd557b27794, 25f1aa9f-c970-49fc-ad39-eba494917291, 0370f81e-2fd4-4a7b-b72f-80bd73c13521, 28178281-1cc0-46f5-8c3e-b9e8404f2b2f, f18817dd-df37-4456-aba6-31f391a958ba, 999480c9-5ed3-48bf-9e51-aa1c54f0ac47, 20ea42cd-c2ad-43a9-8d67-eef4c5381682, 3a63bb1b-4038-4b9a-a8ef-66ede4434d43, 3a04e736-1c9a-4c00-9347-7e80089aef50, e3a89f6d-2268-499c-8031-62b8cd875328, 5c32ad3e-5c21-4bd3-b539-7c3008cb5e4a, a86b73ec-4953-40bf-b634-879b74b896fc, c2560eda-18ad-4c4c-80f7-1f8abca53e62, 08b6134a-72fd-4279-a8bd-bc9b21b02e95, f873fea9-e88f-4b4d-bfce-24afc9a292a8, 829d8b2e-912e-4dac-82f3-a770f75fc146",143,122100,COMPLETED,Tidak,K34,BALAI BESAR PELATIHAN VOKASI DAN PRODUKTIVITAS SEMARANG,DL.4053.PDI.002.051.0A.521211,APBN,01KP88ETHMJPN7RTPQN7BGFWR1,8384385,66185662,20,01J81QPN27R0FDVY86ZEFZ77TW,452609,2502042,2026-04-16T00:00:00Z,"Pengembangan Sistem dan Pelaksanaan Sertifikasi Kompetensi Profesi Binalavotas, ",efbb911a-59d7-54a0-816c-d0c9fbaa93e6._X1sd7U8HqnsSlM-.Z_Za39nzpZ1k3i2Bu_j29VB1Hnz2z8W_JgetnyjlAJc
Pelatihan Vokasi Bidang Pertanian dan Perikanan Reguler PNBP,COMPLETED,2026,e8c6e651-7095-40fd-b3b6-71b522467e4d,2560,0,COMPLETED,Tidak,K34,BALAI PELATIHAN VOKASI DAN PRODUKTIVITAS BANYUWANGI,DL.4057.SCO.006.052.OA.521211,APBN,01KW930ZDJHVGSBEM73TXYYYPG,51200000,62258996,1,01JE5AQH3WV1RNVK9JKD5R3VHN,051102,2520072,2026-06-30T00:00:00Z,"Peningkatan Penyelenggaraan Pelatihan Vokasi dan Pemagangan Binalavotas, ",efbb911a-59d7-54a0-816c-d0c9fbaa93e6._X1sd7U8HqnsSlM-.Z_Za39nzpZ1k3i2Bu_j29VB1Hnz2z8W_JgetnyjlAJc
Belanja Bahan Pelaksanaan Sertifikasi Lulusan Pelatihan ,COMPLETED,2026,"7b41c8da-d701-4fec-b183-d0ae655a3efa, 11580236-f148-4096-acf1-f2001d90a00e, 72bf808c-65d4-4070-9a25-45649f7f758a, 7e8c9cfa-0c5a-40b7-8d8f-5a9cfd82bd96, 81caea6a-0389-4b46-9284-81ac1ae4b776, 6e142428-6c92-4958-a9f1-ae8d7d6cb508, a857d254-97cf-4876-966f-f0fddae45d70, 8085863c-e220-478c-beb5-5d669c7105a7, 83bb500c-b242-48b5-9461-847ca6252954, e1f34f08-ff6b-48a9-b06b-4907181aa2fe, 20f56777-0c71-4497-b526-4ae51ca966f6, f815d76b-4abb-4760-8370-d3bae2ef4c53, 5cadc38f-c046-44bb-8b6c-6441c4b13802, 245ed2e2-40be-4811-a0b4-5fbfa52cb36f, a996b51e-5275-48a9-abc3-b48cf2d1ef01, bf07f3fb-98b4-40b2-9c04-a7789423e647, becce14b-5b63-4f0a-a8bb-1b54eecf0859, 184f2a8f-e28b-44e3-aa52-0c8b67329033, a49c82f7-c82a-49b8-9052-00debab59fde, 39928e3a-5648-424d-96dd-2acd13c73e99, 144ba5fb-39c7-48e0-a7cf-e567132246e5, 592ffbd4-5e38-4660-80ef-955887891c5c, 9a162954-b192-4812-a46f-06885371d7a0, 8cc50f50-50ed-4aa0-86c3-c8a843aef7e7, ffceb2eb-7048-4bd5-8cc6-9270cd06c8cb, defc352d-1395-4f71-9fd7-9478ad262f54, 68db1fa9-2620-451d-84fd-91e010feecf8, d695a674-1369-4736-989e-ac456c5aeaa0, 8cf5180a-d754-4a0d-9440-53e8db368967, a3c979ba-7bd3-4caa-9aa4-40d4853d3d76, 4048b52b-7fdc-46d1-a918-43a1508c2568, 2d4b2318-7440-466b-8ffe-f8b7dc0b007c, 11bff86e-21e4-4279-a06e-992ce83ae4ae, 30e5dcee-c274-4287-b0a3-a311e391126b",126,0,ON_PROCESS,Tidak,K34,BALAI BESAR PELATIHAN VOKASI DAN PRODUKTIVITAS SEMARANG,DL.4053.PDI.002.051.0B.521211,APBN,01KZQE2SR9YQGEBANAZGNH3AGN,9012090,62801553,34,01JY61XM4G13MY1MYNDAVFQ9B1,452609,0,2026-08-11T00:00:00Z,"Pengembangan Sistem dan Pelaksanaan Sertifikasi Kompetensi Profesi Binalavotas, ",efbb911a-59d7-54a0-816c-d0c9fbaa93e6._X1sd7U8HqnsSlM-.Z_Za39nzpZ1k3i2Bu_j29VB1Hnz2z8W_JgetnyjlAJc
Bahan Pelatihan Tailor Made Training 40 JP C,COMPLETED,2026,678c8f61-38d6-4d10-aa11-230506c2c444,1,0,ON_PROCESS,Tidak,K34,BALAI PELATIHAN VOKASI DAN PRODUKTIVITAS SIDOARJO,DL.4057.SCO.003.053.0A.521211,APBN,01KYH4FCCXYD496RMFM4J3BWJV,8260620,66473686,1,01JBANK0M75W3E7ZJ6P77ZAXDP,050302,0,2026-07-27T00:00:00Z,"Peningkatan Penyelenggaraan Pelatihan Vokasi dan Pemagangan Binalavotas, ",efbb911a-59d7-54a0-816c-d0c9fbaa93e6._X1sd7U8HqnsSlM-.Z_Za39nzpZ1k3i2Bu_j29VB1Hnz2z8W_JgetnyjlAJc
Konsumsi Peserta,DRAFT,2026,ed9344a9-2135-4321-abc9-6c153e490fd1,2016,0,ON_PROCESS,Tidak,K34,BALAI PELATIHAN VOKASI DAN PRODUKTIVITAS BANTAENG,DL.4057.SCO.027.060.0B.521211,APBN,01KVSYJD77RV7T9FNYR45P4VC7,50400000,67316171,1,01JC4ZNC63Y6X569XHGKET88CN,191206,21299009,2026-06-25T00:00:00Z,"Peningkatan Penyelenggaraan Pelatihan Vokasi dan Pemagangan Binalavotas, ",efbb911a-59d7-54a0-816c-d0c9fbaa93e6._X1sd7U8HqnsSlM-.Z_Za39nzpZ1k3i2Bu_j29VB1Hnz2z8W_JgetnyjlAJc
Belanja Bahan Pelaksanaan Sertifikasi Lulusan Pelatihan Vokasi (PNP),COMPLETED,2026,"28178281-1cc0-46f5-8c3e-b9e8404f2b2f, 20ea42cd-c2ad-43a9-8d67-eef4c5381682, f18817dd-df37-4456-aba6-31f391a958ba, 3a04e736-1c9a-4c00-9347-7e80089aef50, 25f1aa9f-c970-49fc-ad39-eba494917291, e3a89f6d-2268-499c-8031-62b8cd875328, 5c32ad3e-5c21-4bd3-b539-7c3008cb5e4a, 999480c9-5ed3-48bf-9e51-aa1c54f0ac47, f873fea9-e88f-4b4d-bfce-24afc9a292a8, 55ea06e8-046f-4646-a97f-16c14a575b7e, a86b73ec-4953-40bf-b634-879b74b896fc, d7f7b1ad-4eb7-470f-b6a2-22e1b7cbe9e1, 3a63bb1b-4038-4b9a-a8ef-66ede4434d43, 9227cdf2-75e7-4d2a-aaaa-5c4d9b60cf6d, 505d7364-a43c-4b3f-987f-ed00e2fbe104, 829d8b2e-912e-4dac-82f3-a770f75fc146, ae8ce8a0-0d45-4dee-8e28-2dd557b27794, 93e6ce00-c38f-4c7c-bde7-12836e19eca4, 0370f81e-2fd4-4a7b-b72f-80bd73c13521, c2560eda-18ad-4c4c-80f7-1f8abca53e62",118,111000,COMPLETED,Tidak,K34,BALAI BESAR PELATIHAN VOKASI DAN PRODUKTIVITAS SEMARANG,DL.4053.PDI.002.051.0A.521211,APBN,01KNNPABZHQ80AKRT07065QNVF,7174152,66185662,20,01J81QPN27R0FDVY86ZEFZ77TW,452609,2502042,2026-04-08T00:00:00Z,"Pengembangan Sistem dan Pelaksanaan Sertifikasi Kompetensi Profesi Binalavotas, ",efbb911a-59d7-54a0-816c-d0c9fbaa93e6._X1sd7U8HqnsSlM-.Z_Za39nzpZ1k3i2Bu_j29VB1Hnz2z8W_JgetnyjlAJc
Pengadaan Bahan Sertifikasi Lulusan (231 Paket),COMPLETED,2026,"0137f977-8390-41a4-9294-e486931e22a0, bfed5a44-1395-4dc8-a83a-292e39325fa2, d760c1a5-df2e-4190-a94f-40d72c774d76, d00c8540-25ba-4fba-93ba-42d338afb117",199,0,COMPLETED,Tidak,K34,BALAI BESAR PELATIHAN VOKASI DAN PRODUKTIVITAS SERANG,"DL.4053.PDI.002.051.0A.521211, DL.4053.PDI.002.051.0B.521211, DL.4053.PDI.003.051.0A.521211",APBN,01KWK13X2HK0HRPJWSQ08BV721,22927050,63091859,5,01JBXJ59JWV0PQH49W23AFCSZ5,426531,348233009,2026-07-07T00:00:00Z,"Pengembangan Sistem dan Pelaksanaan Sertifikasi Kompetensi Profesi Binalavotas, ",efbb911a-59d7-54a0-816c-d0c9fbaa93e6._X1sd7U8HqnsSlM-.Z_Za39nzpZ1k3i2Bu_j29VB1Hnz2z8W_JgetnyjlAJc
Belanja  Pengadaan sepatu sefty,COMPLETED,2026,fbde42c8-7f93-41f2-937e-5edf45824b39,48,0,ON_PROCESS,Tidak,K34,BALAI PELATIHAN VOKASI DAN PRODUKTIVITAS BANTAENG,DL.4057.SCO.027.055.02.613191,APBN,01KZ0AH05QWJ9949N21AGS24GD,16800000,67561194,1,01JH48DTV7CEWMCJHP1K0G2WNG,191206,72773009,2026-08-03T00:00:00Z,"Peningkatan Penyelenggaraan Pelatihan Vokasi dan Pemagangan Binalavotas, ",efbb911a-59d7-54a0-816c-d0c9fbaa93e6._X1sd7U8HqnsSlM-.Z_Za39nzpZ1k3i2Bu_j29VB1Hnz2z8W_JgetnyjlAJc
Pakaian Kerja 49 Paket RM,COMPLETED,2026,6af69f1b-fe2a-4df3-9ac5-b8e104152525,64,0,PAYMENT_OUTSIDE_SYSTEM,Tidak,K34,BALAI BESAR PELATIHAN VOKASI DAN PRODUKTIVITAS MEDAN,"DL.4057.SCO.003.051.0B.521211, DL.4057.SCO.003.052.0A.521211, DL.4057.SCO.003.052.0B.521211, DL.4057.SCO.003.052.0C.521211, DL.4057.SCO.003.053.0B.521211",APBN,01KJVM6T6TKS0AST0M6HWKTX35,9590400,66165439,1,01JQHAYSANB47GV9R6BZ4CXX7N,451094,2676019,2026-03-07T00:00:00Z,,efbb911a-59d7-54a0-816c-d0c9fbaa93e6._X1sd7U8HqnsSlM-.Z_Za39nzpZ1k3i2Bu_j29VB1Hnz2z8W_JgetnyjlAJc
Konsumsi Peserta Pelatihan 180 JP Reguler PNBP,DRAFT,2026,ff6ecf37-0598-4d3b-805f-e8b6273f095c,352,0,WAITING_PPK_REVIEW,Tidak,K34,BALAI BESAR PELATIHAN VOKASI DAN PRODUKTIVITAS MEDAN,DL.4057.SCO.005.052.0A.521211,APBN,01KZXE6MVBY39VR9E5MNEH3W9V,7040000,66121303,1,01K58D7JY1JYPTGJFWZ2X04A9N,451094,0,,"Peningkatan Penyelenggaraan Pelatihan Vokasi dan Pemagangan Binalavotas, ",efbb911a-59d7-54a0-816c-d0c9fbaa93e6._X1sd7U8HqnsSlM-.Z_Za39nzpZ1k3i2Bu_j29VB1Hnz2z8W_JgetnyjlAJc
Pakaian Kerja Peserta Pelatihan Vokasi Bidang Pertanian dan Perikanan dan Pelatihan Vokasi Green Jobs (PNBP),COMPLETED,2026,da487e7c-8f6e-4111-8463-ed7d2a8e2cfd,1120,0,PAYMENT_OUTSIDE_SYSTEM,Tidak,K34,BALAI PELATIHAN VOKASI DAN PRODUKTIVITAS BANDUNG BARAT,"DL.4057.SCO.006.052.0A.521211, DL.4057.SCO.008.052.0A.521211",APBN,01KJV94ANE66EDGB6DBM47B7DN,167378232,66148649,1,01JH227NAA2C5VTDTVW81RNZRN,021212,22169014,2026-03-04T00:00:00Z,,efbb911a-59d7-54a0-816c-d0c9fbaa93e6._X1sd7U8HqnsSlM-.Z_Za39nzpZ1k3i2Bu_j29VB1Hnz2z8W_JgetnyjlAJc
Meeting Fullboard Rapat Koordinasi Strategi Pengawasan Tahun 2026,COMPLETED,2026,ab1ad846-15b7-4c8b-9d95-dc9fd1febd6a,372,0,PAYMENT_OUTSIDE_SYSTEM,Tidak,K34,INSPEKTORAT JENDERAL,WA.2171.EBA.962.051.0J.524119,APBN,01KNV289XT40428RGCK902ZEVP,373860000,66877021,1,01JPPYJNRGM44R5QAH552WR2GC,259031,2657252,2026-04-10T00:00:00Z,"Dukungan Manajemen dan Dukungan Teknis Lainnya Inspektorat Jenderal, ",efbb911a-59d7-54a0-816c-d0c9fbaa93e6._X1sd7U8HqnsSlM-.Z_Za39nzpZ1k3i2Bu_j29VB1Hnz2z8W_JgetnyjlAJc
Belanja Langganan Daya dan Jasa Lainnya Internet,DRAFT,2026,4a620188-7294-41ed-957b-bb7c6b4ab33e,12,0,ON_PROCESS,Tidak,K34,Sekretariat Badan Nasional Sertifikasi Profesi,WA.6988.EBA.994.002.0E.522119,APBN,01KDSACAFWD2JY5ZR28E5B74CG,359973000,62637932,1,01J9B5TC1Y5ZN5BC3XRM0YPAE0,452533,350603,2025-12-31T00:00:00Z,"Dukungan Manajemen Direktorat Jenderal Pembinaan Pelatihan Vokasi dan Produktivitas, ",efbb911a-59d7-54a0-816c-d0c9fbaa93e6._X1sd7U8HqnsSlM-.Z_Za39nzpZ1k3i2Bu_j29VB1Hnz2z8W_JgetnyjlAJc
"Paket Meeting Fullboard Peserta, Penyelenggara, dan Moderator",COMPLETED,2026,cb8b78fb-9233-4806-b4cf-375c45d35c25,80,0,COMPLETED,Tidak,K34,DITJEN. PEMBINAAN HUBUNGAN INDUSTRIAL DAN JAMINAN SOSIAL TENAGA KERJA,DN.6587.BDC.001.051.0A.524119,APBN,01KXFZBV83MEF31VGXDE1RYNWS,68000000,66123872,1,01JTMXY2JS3XV5J2EQ8850A0WV,451270,0,2026-07-14T00:00:00Z,"Peningkatan Pembinaan Hubungan Kerja dan Penerapan Pengupahan, ",efbb911a-59d7-54a0-816c-d0c9fbaa93e6._X1sd7U8HqnsSlM-.Z_Za39nzpZ1k3i2Bu_j29VB1Hnz2z8W_JgetnyjlAJc
Belanja Bahan Project Based Learning B,COMPLETED,2026,fd03e592-5b0c-458d-aa68-56d577ec4564,281,0,COMPLETED,Tidak,K34,BALAI BESAR PELATIHAN VOKASI DAN PRODUKTIVITAS SEMARANG,DL.4057.SCO.003.051.0B.521211,APBN,01KVFADMKDQQHZ3FQX59S2WT54,5549750,62803988,1,01JCYR1H5KAHWBXMZNS2PMK7NJ,452609,12452042,2026-06-19T00:00:00Z,"Peningkatan Penyelenggaraan Pelatihan Vokasi dan Pemagangan Binalavotas, ",efbb911a-59d7-54a0-816c-d0c9fbaa93e6._X1sd7U8HqnsSlM-.Z_Za39nzpZ1k3i2Bu_j29VB1Hnz2z8W_JgetnyjlAJc
"Pengadaan Jasa Tenaga Alih Daya (Outsourcing) Pramubakti, Tenaga Kebersihan, Petugas Keamanan, dan Pengemudi BPVP Belitung",DRAFT,2026,"7d8603a6-8018-4de7-82ea-535397b47c79, bb8a5a93-2edf-469b-a35a-efeda8119486",90,0,ON_PROCESS,Tidak,K34,BALAI PELATIHAN VOKASI DAN PRODUKTIVITAS BELITUNG,WA.6988.EBA.994.002.0A.522191,APBN,01KG7VZKAJ5RZDPT5JX7EHTH0T,382050000,63517711,2,01JH5QF0ZKKH4111TH296XYMS7,352631,0,2026-01-31T00:00:00Z,,efbb911a-59d7-54a0-816c-d0c9fbaa93e6._X1sd7U8HqnsSlM-.Z_Za39nzpZ1k3i2Bu_j29VB1Hnz2z8W_JgetnyjlAJc
Biaya Operasional Tenaga Alih Daya (Outsourcing) Gatsu 51,DRAFT,2026,e5c87174-0c2a-4d24-b5d3-40d7d743bb86,16,0,PAYMENT_OUTSIDE_SYSTEM,Tidak,K34,SEKRETARIAT JENDERAL KEMNAKER,WA.2158.EBA.994.002.0T.521111,APBN,01KQC24C0FC0Y5JX5HKE9YN114,117792000,62329323,1,01JBY93PFF67PZKX4A22Z15V9M,450938,5757127,2026-04-30T00:00:00Z,"Peningkatan Pengelolaan dan Pelaporan Keuangan, ",efbb911a-59d7-54a0-816c-d0c9fbaa93e6._X1sd7U8HqnsSlM-.Z_Za39nzpZ1k3i2Bu_j29VB1Hnz2z8W_JgetnyjlAJc
Pengemudi/Asisten Ahli/Tenaga Ahli Sub Profesional,DRAFT,2026,"3e3f4718-76fc-4949-b4ff-0e1d75692f0a, 9fa153ce-564d-450e-ac6d-6f116ff4383b",50,0,PAYMENT_OUTSIDE_SYSTEM,Tidak,K34,DIREKTORAT BINA KELEMBAGAAN PELATIHAN VOKASI,WA.6988.EBA.994.002.0A.522191,APBN,01KW8J2ERA49J7H12RBE1EFGCP,443612700,65017646,2,01JC8HPBWWT8NZ12ZXT6628CQG,626131,11240127,2026-07-03T00:00:00Z,"Dukungan Manajemen Direktorat Jenderal Pembinaan Pelatihan Vokasi dan Produktivitas, ",efbb911a-59d7-54a0-816c-d0c9fbaa93e6._X1sd7U8HqnsSlM-.Z_Za39nzpZ1k3i2Bu_j29VB1Hnz2z8W_JgetnyjlAJc
Belanja Pengadaan Bahan Pelatihan UPTD BLK Disnaker Sragen,COMPLETED,2026,6a21f085-557c-4cbe-8c96-11b5a96e849a,1,0,ON_PROCESS,Tidak,K34,BALAI PELATIHAN VOKASI DAN PRODUKTIVITAS SURAKARTA,DL.4057.SCO.011.054.0A.521211,APBN,01KXFRQNW2AA4AM4FKNXQT25D9,21170000,66305314,1,01JY3D0PS32SBA0479ED0JQRBT,035636,0,2026-07-16T00:00:00Z,"Peningkatan Penyelenggaraan Pelatihan Vokasi dan Pemagangan Binalavotas, ",efbb911a-59d7-54a0-816c-d0c9fbaa93e6._X1sd7U8HqnsSlM-.Z_Za39nzpZ1k3i2Bu_j29VB1Hnz2z8W_JgetnyjlAJc
Belanja Bahan TMT Klaster,COMPLETED,2026,"e0afdbc5-efff-4570-abf9-178468247a64, e0984422-855f-40a6-ae53-b5d5e0819d9b, c4cf45d9-7290-4a4b-b59e-4db1d414793c, 95caf173-eaab-4689-902a-1a1656934cc3, 2561b8ca-853b-4dde-af28-21bbd4c21b03",29,144300,COMPLETED,Tidak,K34,BALAI BESAR PELATIHAN VOKASI DAN PRODUKTIVITAS SEMARANG,DL.4057.SCO.003.053.0A.521211,APBN,01KMHEQBP9P0ZGHK0528YDTZP2,959373,66185950,5,01JCF5TRQVKW157PX3JC6JFJ1Y,452609,2705108,2026-03-25T00:00:00Z,"Peningkatan Penyelenggaraan Pelatihan Vokasi dan Pemagangan Binalavotas, ",efbb911a-59d7-54a0-816c-d0c9fbaa93e6._X1sd7U8HqnsSlM-.Z_Za39nzpZ1k3i2Bu_j29VB1Hnz2z8W_JgetnyjlAJc
Sosialisasi Ketenagakerjaan di Media,DRAFT,2026,edd33a55-f083-4460-b07f-73f146caf918,80,0,ON_PROCESS,Tidak,K34,SEKRETARIAT JENDERAL KEMNAKER,WA.2163.EBA.958.054.0A.522191,APBN,01KK0MC3HXS2WMTFXTWHM2BJBE,239999760,65135780,1,01JHAASJJ8T1FWYKD50C5G2SDA,450938,26198127,2026-03-09T00:00:00Z,"Peningkatan dan Pengelolaan Hubungan Masyarakat, ",efbb911a-59d7-54a0-816c-d0c9fbaa93e6._X1sd7U8HqnsSlM-.Z_Za39nzpZ1k3i2Bu_j29VB1Hnz2z8W_JgetnyjlAJc
Belanja Pengadaan Bahan Pelatihan UPTD Technopark Sragen,COMPLETED,2026,6a21f085-557c-4cbe-8c96-11b5a96e849a,1,0,PAYMENT_OUTSIDE_SYSTEM,Tidak,K34,BALAI PELATIHAN VOKASI DAN PRODUKTIVITAS SURAKARTA,DL.4057.SCO.011.057.0A.521211,APBN,01KVCR9897KE6Z98VX7X4J57PR,20313000,66297464,1,01JY3D0PS32SBA0479ED0JQRBT,035636,0,2026-06-19T00:00:00Z,"Peningkatan Penyelenggaraan Pelatihan Vokasi dan Pemagangan Binalavotas, ",efbb911a-59d7-54a0-816c-d0c9fbaa93e6._X1sd7U8HqnsSlM-.Z_Za39nzpZ1k3i2Bu_j29VB1Hnz2z8W_JgetnyjlAJc
Belanja Bahan Pelaksanaan Sertifikasi Lulusan Pelatihan ,COMPLETED,2026,"a86b73ec-4953-40bf-b634-879b74b896fc, d7f7b1ad-4eb7-470f-b6a2-22e1b7cbe9e1, cb185334-1916-4a46-9da5-a65dc1b7d7d4, 0370f81e-2fd4-4a7b-b72f-80bd73c13521, 20ea42cd-c2ad-43a9-8d67-eef4c5381682, f18817dd-df37-4456-aba6-31f391a958ba, 3a63bb1b-4038-4b9a-a8ef-66ede4434d43, 829d8b2e-912e-4dac-82f3-a770f75fc146, 93e6ce00-c38f-4c7c-bde7-12836e19eca4, c2560eda-18ad-4c4c-80f7-1f8abca53e62, ae8ce8a0-0d45-4dee-8e28-2dd557b27794, 5c32ad3e-5c21-4bd3-b539-7c3008cb5e4a, 9227cdf2-75e7-4d2a-aaaa-5c4d9b60cf6d, 3a04e736-1c9a-4c00-9347-7e80089aef50, 505d7364-a43c-4b3f-987f-ed00e2fbe104, 0ce226c6-57fc-457c-8700-7e3c3e80d4b5, 55ea06e8-046f-4646-a97f-16c14a575b7e, 25f1aa9f-c970-49fc-ad39-eba494917291, 28178281-1cc0-46f5-8c3e-b9e8404f2b2f, 999480c9-5ed3-48bf-9e51-aa1c54f0ac47",174,555000,COMPLETED,Tidak,K34,BALAI BESAR PELATIHAN VOKASI DAN PRODUKTIVITAS SEMARANG,DL.4053.PDI.002.051.0B.521211,APBN,01KXDA89P9TMFWHF62SR8M3QHS,11298912,62801553,20,01J81QPN27R0FDVY86ZEFZ77TW,452609,2502042,2026-07-13T00:00:00Z,"Pengembangan Sistem dan Pelaksanaan Sertifikasi Kompetensi Profesi Binalavotas, ",efbb911a-59d7-54a0-816c-d0c9fbaa93e6._X1sd7U8HqnsSlM-.Z_Za39nzpZ1k3i2Bu_j29VB1Hnz2z8W_JgetnyjlAJc
Paket Meeting Fullboard - Penguatan Teknik PPHI BUMN (Luar Kota),COMPLETED,2026,93a8b4cf-4ebf-49ab-a588-b17b4859c0e6,182,0,COMPLETED,Tidak,K34,DITJEN PHI DAN JAMSOS,DN.2181.BDC.001.051.0A.524119,APBN,01KH09QJRK18D836K111S61PN8,138320000,65241381,1,01KBKSMDS46K8ZDMD2ACVY9NHQ,451310,0,2026-02-09T00:00:00Z,"Penyelesaian Perselisihan Hubungan Industrial, ",efbb911a-59d7-54a0-816c-d0c9fbaa93e6._X1sd7U8HqnsSlM-.Z_Za39nzpZ1k3i2Bu_j29VB1Hnz2z8W_JgetnyjlAJc
Bahan Pelatihan Tailor Made Training 40 JP B,COMPLETED,2026,ec801773-524c-444e-b398-e17bf75b41ba,1,83250,COMPLETED,Tidak,K34,BALAI PELATIHAN VOKASI DAN PRODUKTIVITAS SIDOARJO,DL.4057.SCO.003.053.0A.521211,APBN,01KVYZ4W3TR148N3PAP5BZ19H3,8368290,66473758,1,01JAYK7BA0MEZ4014EFKCTSSY8,050302,759449,2026-06-26T00:00:00Z,"Peningkatan Penyelenggaraan Pelatihan Vokasi dan Pemagangan Binalavotas, ",efbb911a-59d7-54a0-816c-d0c9fbaa93e6._X1sd7U8HqnsSlM-.Z_Za39nzpZ1k3i2Bu_j29VB1Hnz2z8W_JgetnyjlAJc
Belanja Bahan Tahap Pelaksanaan ,DRAFT,2026,"445aaaa8-9235-45fb-b0ba-7f7b9b8f3ee1, 44818ef5-2706-4fb5-a343-893f9fc45cb4",375,,CANCELLED_ON_NEGOTIATION,Tidak,K34,BALAI BESAR PELATIHAN VOKASI DAN PRODUKTIVITAS BANDUNG,DL.4059.SCO.001.051.0B.521211,APBN,01KZN270K4EK4KPKH2FRT98S3F,9375000,63715829,2,01JJTHZGWE34CARSXV2D1YRY2T,452542,27307014,,"Pengembangan dan Peningkatan Produktivitas Tenaga Kerja Binalavotas, ",efbb911a-59d7-54a0-816c-d0c9fbaa93e6._X1sd7U8HqnsSlM-.Z_Za39nzpZ1k3i2Bu_j29VB1Hnz2z8W_JgetnyjlAJc
Paket Meeting Fullboard Peserta dan Panitia,COMPLETED,2026,6a4123a5-f891-421b-bbfd-f3735be9bc44,80,0,COMPLETED,Tidak,K34,DITJEN PHI DAN JAMSOS,DN.5586.BDC.001.051.0A.524119,APBN,01KNP0F8YP2Z7DHQZKMBQFPRMA,61200000,66262516,1,01JH1VFWBTXXXGZ3V6B3SZ9DPP,451310,46094009,2026-04-08T00:00:00Z,"Peningkatan Penerapan Jaminan Sosial Tenaga Kerja dan Fasilitasi Kesejahteraan Pekerja, ",efbb911a-59d7-54a0-816c-d0c9fbaa93e6._X1sd7U8HqnsSlM-.Z_Za39nzpZ1k3i2Bu_j29VB1Hnz2z8W_JgetnyjlAJc
Pengadaan Bahan Pelatihan PBK dan PBL PNBP Batch 2,COMPLETED,2026,"732bbd9c-8aaa-403c-84fc-a45e0e89d8af, a87c2695-c916-4326-98d8-d2af29a91488",20,0,COMPLETED,Tidak,K34,BALAI PELATIHAN VOKASI DAN PRODUKTIVITAS BELITUNG,"DL.4057.SCO.003.051.0B.521211, DL.4057.SCO.005.052.0A.521211",APBN,01KVYFWR0B3E6W0Z7F4EM8D5DG,3413250,67274370,2,01HQWTWAB8NBREJQVG41JZXRA7,352631,0,2026-06-25T00:00:00Z,"Peningkatan Penyelenggaraan Pelatihan Vokasi dan Pemagangan Binalavotas, ",efbb911a-59d7-54a0-816c-d0c9fbaa93e6._X1sd7U8HqnsSlM-.Z_Za39nzpZ1k3i2Bu_j29VB1Hnz2z8W_JgetnyjlAJc
Pengadaan Jasa Outsourcing (Alih Daya) ,DRAFT,2026,"dcee9166-fa33-4a46-b527-4fe34d355b0d, 12dacace-f2c2-4ca7-8dea-4b0e2a61e0bc, 53979d7f-5fb3-47ec-87a0-62ceb78c7765",408,0,ON_PROCESS,Tidak,K34,BALAI BESAR PELATIHAN VOKASI DAN PRODUKTIVITAS BANDUNG,WA.6988.EBA.994.002.0A.522191,APBN,01KE742763J56G7CF6C0ZHXQ7Z,2286386568,62688727,3,01JFVY8NWER8851J0JN4YR6SXJ,452542,22726014,2026-01-06T00:00:00Z,"Dukungan Manajemen Direktorat Jenderal Pembinaan Pelatihan Vokasi dan Produktivitas, ",efbb911a-59d7-54a0-816c-d0c9fbaa93e6._X1sd7U8HqnsSlM-.Z_Za39nzpZ1k3i2Bu_j29VB1Hnz2z8W_JgetnyjlAJc
"Paket Pertemuan Fullboard Peserta, Moderator dan Penyelenggara Identifikasi Analisis Pemetaan Kerawanan Hubungan Industrial  ",COMPLETED,2026,cbc520b5-fb4c-4632-9032-e3af7e807fca,223,0,COMPLETED,Tidak,K34,DITJEN. PEMBINAAN HUBUNGAN INDUSTRIAL DAN JAMINAN SOSIAL TENAGA KERJA,DN.2179.QIH.001.051.0F.524119,APBN,01KPD7VG27M21YMVS1KKMTZF7C,167250000,65992054,1,01JJXHY278FAKWSKXAMHQMB4KT,451270,4823026,2026-04-17T00:00:00Z,"Penguatan Kelembagaan dan Pencegahan Perselisihan Hubungan Industrial, ",efbb911a-59d7-54a0-816c-d0c9fbaa93e6._X1sd7U8HqnsSlM-.Z_Za39nzpZ1k3i2Bu_j29VB1Hnz2z8W_JgetnyjlAJc
Pegawai Non Aparatur Sipil Negara TW IV [1 PKT x 1 KL],DRAFT,2026,8889b1bf-b146-498f-9e2c-6af824b56c24,32,,CANCELLED_ON_NEGOTIATION,Tidak,K34,BADAN PERENCANAAN DAN PENGEMBANGAN KETENAGAKERJAAN,WA.6624.EBA.994.002.CB.522191,APBN,01KMFYDZTBPE6TAM8MN43FB8JX,268800000,66129398,1,01JC4WS8C5M2TXFXV3S7J26613,452677,1084190,,"Dukungan Manajemen Badan Perencanaan dan Pengembangan Ketenagakerjaan, ",efbb911a-59d7-54a0-816c-d0c9fbaa93e6._X1sd7U8HqnsSlM-.Z_Za39nzpZ1k3i2Bu_j29VB1Hnz2z8W_JgetnyjlAJc
Jasa Tenaga Alih Daya BPKK Bekasi,DRAFT,2026,"4ae0e4dc-8a1e-4473-bb08-367f946dd9c7, 3350ef3f-f35f-46a2-8578-96daf80be230, 0304b201-dc1a-484a-99d0-ade8c0dee8b9",192,0,ON_PROCESS,Tidak,K34,BALAI PERLUASAN KESEMPATAN KERJA BEKASI,WA.6621.EBA.994.002.0C.522191,APBN,01KDSQQY01JEEJEKJ8C759ZFMM,1228809000,65585951,3,01JH09RBP00Z8CEV82EEMR6N7Q,690634,1100130,2025-12-31T00:00:00Z,"Dukungan Manajemen Ditjen Pembinaan Penempatan Tenaga Kerja dan Perluasan Kesempatan Kerja, ",efbb911a-59d7-54a0-816c-d0c9fbaa93e6._X1sd7U8HqnsSlM-.Z_Za39nzpZ1k3i2Bu_j29VB1Hnz2z8W_JgetnyjlAJc
Bahan Pelatihan Tailor Made Training 40 JP A,COMPLETED,2026,f6699671-2137-4fd2-9cbf-7f9133b632cb,1,0,PAYMENT_OUTSIDE_SYSTEM,Tidak,K34,BALAI PELATIHAN VOKASI DAN PRODUKTIVITAS SIDOARJO,DL.4057.SCO.003.053.0A.521211,APBN,01KMTFRQ693G6TV07E07D3W9ZX,9024300,66473957,1,01JHHRZPE4EYNR91T2A4YDH7JS,050302,203207,2026-03-30T00:00:00Z,"Peningkatan Penyelenggaraan Pelatihan Vokasi dan Pemagangan Binalavotas, ",efbb911a-59d7-54a0-816c-d0c9fbaa93e6._X1sd7U8HqnsSlM-.Z_Za39nzpZ1k3i2Bu_j29VB1Hnz2z8W_JgetnyjlAJc
Pengadaan Layanan LinkedIn Talent InsightsPusat Pasar Kerja,COMPLETED,2026,c04a2976-83af-4eea-b42c-e569c55a8edb,1,0,ON_PROCESS,Tidak,K34,PUSAT PASAR KERJA,DN.6618.BMA.001.051.0C.522141,APBN,01KNH5P73Y71AE9QBEQT5V0RR3,233100000,66836277,1,01JC5J424D00MBZF5315ZR6XS9,626011,42047011,2026-04-07T00:00:00Z,"Peningkatan Pelayanan Pasar Kerja, ",efbb911a-59d7-54a0-816c-d0c9fbaa93e6._X1sd7U8HqnsSlM-.Z_Za39nzpZ1k3i2Bu_j29VB1Hnz2z8W_JgetnyjlAJc
Pelatihan Vokasi di Provinsi Jawa Timur UPT BLK Kota Probolinggo,DRAFT,2026,78e90d9d-b698-4506-b523-5aedae91196e,112,,CANCELLED_ON_NEGOTIATION,Tidak,K34,BALAI PELATIHAN VOKASI DAN PRODUKTIVITAS BANYUWANGI,DL.4057.SCO.013.066.OA.521211,APBN,01KVQWF39B16GCT04365BTPFXM,11199989,62259233,1,01JBKH492JYBJ6CW40PRGBN2BK,051102,298250009,,"Peningkatan Penyelenggaraan Pelatihan Vokasi dan Pemagangan Binalavotas, ",efbb911a-59d7-54a0-816c-d0c9fbaa93e6._X1sd7U8HqnsSlM-.Z_Za39nzpZ1k3i2Bu_j29VB1Hnz2z8W_JgetnyjlAJc
Belanja Bahan PBK Reguler Luring ,COMPLETED,2026,44ffcca1-045b-45e8-9c6a-e0bbafb0a26c,1000,0,ON_PROCESS,Tidak,K34,BALAI BESAR PELATIHAN VOKASI DAN PRODUKTIVITAS SEMARANG,DL.4057.SCO.007.052.0A.521211,APBN,01KVFBCF8S88SGFQJP39XNF3EP,19750000,66186257,1,01JD1DPS3DQ3D3DJDAWYB2WY5Z,452609,306766009,2026-06-19T00:00:00Z,"Peningkatan Penyelenggaraan Pelatihan Vokasi dan Pemagangan Binalavotas, ",efbb911a-59d7-54a0-816c-d0c9fbaa93e6._X1sd7U8HqnsSlM-.Z_Za39nzpZ1k3i2Bu_j29VB1Hnz2z8W_JgetnyjlAJc
Belanja Pengadaan Bahan Pelatihan UPTD Technopark Sragen,DRAFT,2026,6a21f085-557c-4cbe-8c96-11b5a96e849a,1,,CANCELLED_ON_NEGOTIATION,Tidak,K34,BALAI PELATIHAN VOKASI DAN PRODUKTIVITAS SURAKARTA,DL.4057.SCO.011.057.0A.521211,APBN,01KVCQT264AX0BBQDM222HJEEG,23108000,66297464,1,01JY3D0PS32SBA0479ED0JQRBT,035636,0,,"Peningkatan Penyelenggaraan Pelatihan Vokasi dan Pemagangan Binalavotas, ",efbb911a-59d7-54a0-816c-d0c9fbaa93e6._X1sd7U8HqnsSlM-.Z_Za39nzpZ1k3i2Bu_j29VB1Hnz2z8W_JgetnyjlAJc
Jasa Event Organizer dan Multimedia,DRAFT,2026,6b5b2ce8-7334-4fa3-8e32-b2b95df84949,1,,CANCELLED_ON_NEGOTIATION,Tidak,K34,DITJEN. PEMBINAAN HUBUNGAN INDUSTRIAL DAN JAMINAN SOSIAL TENAGA KERJA,DN.5586.BDC.002.056.0C.522191,APBN,01KKJE4QVEHNP57H577G13962J,2775000,66263354,1,01JHHE3CRNHK3NZG76G3T65V71,451270,83587619009,,"Peningkatan Penerapan Jaminan Sosial Tenaga Kerja dan Fasilitasi Kesejahteraan Pekerja, ",efbb911a-59d7-54a0-816c-d0c9fbaa93e6._X1sd7U8HqnsSlM-.Z_Za39nzpZ1k3i2Bu_j29VB1Hnz2z8W_JgetnyjlAJc
Pakaian Kerja,COMPLETED,2026,17a9ad3b-36ad-4808-86b1-bc51bfbdc0a7,500,0,ON_PROCESS,Tidak,K34,BALAI PELATIHAN VOKASI DAN PRODUKTIVITAS LOMBOK TIMUR,DL.4057.SCO.005.052.0A.521211,APBN,01KZAKQA5AHGDW8GC8QG60TTR9,83250000,63392962,1,01JYGPS1FZS5WAVV2XF7DF1GQ7,230302,0,2026-08-06T00:00:00Z,"Peningkatan Penyelenggaraan Pelatihan Vokasi dan Pemagangan Binalavotas, ",efbb911a-59d7-54a0-816c-d0c9fbaa93e6._X1sd7U8HqnsSlM-.Z_Za39nzpZ1k3i2Bu_j29VB1Hnz2z8W_JgetnyjlAJc
PENGADAAN TENAGA ALIH DAYA PENGEMUDI BIRO PERENCANAAN DAN MANAJEMEN KINERJA SEKRETARIAT JENDERAL KEMENTERIAN KETENAGAKERJAAN,DRAFT,2026,ff45da07-5c38-4856-9e1a-7e6a4c463899,11,0,PAYMENT_OUTSIDE_SYSTEM,Tidak,K34,BIRO PERENCANAAN,WA.2158.EBA.994.002.0E.521111,APBN,01KFYNNK2Y7CWSFYDF07DGGQKP,104395500,62818934,1,01JBY93PFF67PZKX4A22Z15V9M,450922,5757127,2026-01-28T00:00:00Z,"Peningkatan Pengelolaan dan Pelaporan Keuangan, ",efbb911a-59d7-54a0-816c-d0c9fbaa93e6._X1sd7U8HqnsSlM-.Z_Za39nzpZ1k3i2Bu_j29VB1Hnz2z8W_JgetnyjlAJc
Pakaian Kerja,DRAFT,2026,da487e7c-8f6e-4111-8463-ed7d2a8e2cfd,800,,CANCELLED_ON_NEGOTIATION,Tidak,K34,BALAI PELATIHAN VOKASI DAN PRODUKTIVITAS BANDUNG BARAT,DL.4057.SCO.006.052.0A.521211,APBN,01KJSBEKKTRYDYXQPAT5ACEWZT,119999880,62826229,1,01JH227NAA2C5VTDTVW81RNZRN,021212,22169014,,"Peningkatan Penyelenggaraan Pelatihan Vokasi dan Pemagangan Binalavotas, ",efbb911a-59d7-54a0-816c-d0c9fbaa93e6.pLwvumD1C6LPE7MC.ZUcGduCbE_jsfuGE1HW6Wul4xKfKjrEwAc3mqsCei0k
Pengadaan Bahan Pelatihan Vokasi UPTP PNBP (30 Paket),COMPLETED,2026,"ed9c53ec-fda8-40c6-9acb-21d985574a76, 25b49162-77d6-45eb-aec7-4fec77014bd3, bf93d426-0db8-499f-b45b-101200e08576, 84305bfb-90ed-43fd-8f93-eeee6be49746, c5a99d7e-0ff0-43e3-bd30-1716674d1543, 22d21935-79d7-4f85-8c0a-f80002095cf8, 9caa512b-3143-48d5-80f0-dbcb838a72ba, 704f8dc9-6858-4baf-b454-89cd992dcd5c, 0e003954-c98c-48af-89e3-7741dddbfc68, c41c2fb7-322c-44b1-aebd-f3e2a599c8d9, 55eb755c-5b94-4822-baff-4220513c3f58, 3f1a4371-50dc-4343-9c03-4e4078f71533, 8c5cff0b-3f9c-41f4-a84e-f7e8becd88b2, 350fdeef-1069-47c2-a779-36860e7d5705, 1704f537-cbe6-4b32-9dae-4b9aa3cf37b1, fe0a6429-c615-40d4-aba0-aa5149ba7dff, 5c0f94b6-93d2-4bcc-be82-f195c276fc0c, 31f979d9-456c-433b-9f29-110738667c65, 3ec29421-1b00-47ae-a239-10daab0ff529, bbf54578-139b-4afc-b9ad-345dcebbdfc8, 34217233-6fcc-4c99-8d2e-4f8f34e0fa7b, 6d3e6330-7be6-4f2c-ba24-80dcb6344008, 8042ee66-e18e-48da-89c2-25b86c31b6d4, b89f105d-3925-41a9-b4e1-997d0bcb5fe0, 82e616a2-b3c7-4f01-9f0b-f42eb3e4a637, 2e8e75d9-5a81-42ee-b373-ecfa4f5bd710, 04fc2a12-1991-4111-a7e0-d3454b774811, 363f6529-4147-4bd5-8a89-343d07f41c2f, 7a056478-e456-4b29-b456-4e896a215825, 3f11e0e7-1e5c-4de9-9487-7a632d9964da, ef70de7d-9e32-4b17-812b-8b258fc671dc, e89ae2c5-851f-4b5f-9e22-be836a50c600, 06926ed6-f2e1-4566-af95-63fa54feb7b0, 8e7496d3-1744-45b2-b261-830ca2deb0bf, 275d0932-8398-49c3-ab3b-d294ae646f19, 91a27e41-f5dc-40e3-95ba-adf98b1639dc, 067d59a5-b089-47fe-8e81-0388d0cbbe3c, 504403de-f2f3-439c-a553-4015ac0307b6, d41e7e7d-58c8-420c-800a-ca5b13903d52, ccfae6ba-52e2-42ec-8ba1-90e318e52700, c679bf36-d219-4424-b0a3-b08ae90b99d7, 95613ab6-2cbb-4aa6-8dbe-6b8f36eab61e, c0dd639d-a0d9-4945-b4b9-0703149ca4e5, cf548dc8-a2b5-47fc-bb64-9713799bf34f, 7087e174-72b9-477a-99f1-02832351b37b, 9f72aa28-160c-4542-a798-229571c8c7fa, bb383451-9d0b-40dd-b144-8c96f6acf58f, bab1db38-52c3-424c-bc59-0426007e0220",325,0,COMPLETED,Tidak,K34,BALAI BESAR PELATIHAN VOKASI DAN PRODUKTIVITAS SERANG,"DL.4057.SCO.003.051.0A.521211, DL.4057.SCO.003.053.0A.521211, DL.4057.SCO.003.054.0A.521211, DL.4057.SCO.005.052.0A.521211, DL.4057.SCO.007.052.0A.521211, DL.4057.SCO.008.052.0B.521211",APBN,01KKGF417CBMZEV6N2V9HGM9MX,34896180,66342119,56,01JRS73EC81MM9JM6Z4608CME9,426531,26434127,2026-03-16T00:00:00Z,"Peningkatan Penyelenggaraan Pelatihan Vokasi dan Pemagangan Binalavotas, ",efbb911a-59d7-54a0-816c-d0c9fbaa93e6.pLwvumD1C6LPE7MC.ZUcGduCbE_jsfuGE1HW6Wul4xKfKjrEwAc3mqsCei0k
Pengadaan Pembelian Cover Kursi dan Pembelian Cover Meja,COMPLETED,2026,"800b4b17-7dca-431e-8703-0ea2cafea434, 88611783-039e-403e-944c-4b93306744d6",510,0,COMPLETED,Tidak,K34,BALAI BESAR PERLUASAN KESEMPATAN KERJA,WA.6621.EBA.994.002.0G.521252,APBN,01KYHCYVXD301QDTNK6HH99MA9,44222400,67567723,2,01JBFYM4HVTJG0KSZM2Q4PM2E0,259322,43702009,2026-07-28T00:00:00Z,"Dukungan Manajemen Ditjen Pembinaan Penempatan Tenaga Kerja dan Perluasan Kesempatan Kerja, ",efbb911a-59d7-54a0-816c-d0c9fbaa93e6.pLwvumD1C6LPE7MC.ZUcGduCbE_jsfuGE1HW6Wul4xKfKjrEwAc3mqsCei0k
Pengadaan Bahan Sertifikasi Lulusan (231 Paket),COMPLETED,2026,"59709609-290c-401e-9761-434e73ea91ea, c97bc2ce-793d-48df-92b2-b3d685959315, 9263e6cc-b6d2-4cbd-a519-c078bb654353, 4e5e8ab2-9f69-43a0-b6b0-f2d3fd5d671a, 32022696-0655-47eb-93e4-ef8e89211ec5, 733d47f2-dbda-4320-ae0d-c3540623ff8d, c5a70ea1-9478-4cd4-bf6c-4081ea3e6f25, 48acbbcf-2ace-4c9f-8e31-3a15da1099a8, 5d7dc962-0781-43bc-978a-51c05bdbd5b9, b2b755ad-b4ce-4c85-a5f0-04eacfdf5514",248,0,COMPLETED,Tidak,K34,BALAI BESAR PELATIHAN VOKASI DAN PRODUKTIVITAS SERANG,"DL.4053.PDI.002.051.0A.521211, DL.4053.PDI.002.051.0B.521211, DL.4053.PDI.003.051.0A.521211",APBN,01KZ8J46YDM72CE49SK9WMPHB9,32465280,63091859,10,01JPHT8R3TKWRTQ8663M9DRT2Q,426531,43475011,2026-08-10T00:00:00Z,"Pengembangan Sistem dan Pelaksanaan Sertifikasi Kompetensi Profesi Binalavotas, ",efbb911a-59d7-54a0-816c-d0c9fbaa93e6.pLwvumD1C6LPE7MC.ZUcGduCbE_jsfuGE1HW6Wul4xKfKjrEwAc3mqsCei0k
Alih daya Petugas Keamanan dan Pengemudi Jawa Barat,DRAFT,2026,5fac1f1a-da73-4ac8-b57e-bea2a063f454,1,0,ON_PROCESS,Tidak,K34,BALAI PELATIHAN VOKASI DAN PRODUKTIVITAS BANDUNG BARAT,WA.6988.EBA.994.002.0B.522191,APBN,01KFAA9DMZHWYKKHV3SXXGRDR7,59035584,62723387,1,01JBTNM96DZ58HAN6KTY6K1RXJ,021212,0,2026-01-19T00:00:00Z,"Dukungan Manajemen Direktorat Jenderal Pembinaan Pelatihan Vokasi dan Produktivitas, ",efbb911a-59d7-54a0-816c-d0c9fbaa93e6.pLwvumD1C6LPE7MC.ZUcGduCbE_jsfuGE1HW6Wul4xKfKjrEwAc3mqsCei0k
Bahan Pelatihan Tailor Made Training 160 JP,COMPLETED,2026,0a40cbc9-e544-4bdd-be23-d9ce1fc2e57e,3,0,COMPLETED,Tidak,K34,BALAI PELATIHAN VOKASI DAN PRODUKTIVITAS SIDOARJO,DL.4057.SCO.003.053.0B.521211,APBN,01KMX27PH80DVDHWREQ7H1NGKH,48498120,66474007,1,01JGD7AZK8S8APTXD8DR9RABJX,050302,1483116,2026-03-30T00:00:00Z,"Peningkatan Penyelenggaraan Pelatihan Vokasi dan Pemagangan Binalavotas, ",efbb911a-59d7-54a0-816c-d0c9fbaa93e6.pLwvumD1C6LPE7MC.ZUcGduCbE_jsfuGE1HW6Wul4xKfKjrEwAc3mqsCei0k
"Pengadaan Bahan Pelatihan TMT, PBL, dan PBK Batch 1 BPVP Belitung",COMPLETED,2026,732bbd9c-8aaa-403c-84fc-a45e0e89d8af,14,0,COMPLETED,Tidak,K34,BALAI PELATIHAN VOKASI DAN PRODUKTIVITAS BELITUNG,"DL.4057.SCO.003.051.0B.521211, DL.4057.SCO.003.052.0A.521211, DL.4057.SCO.003.053.0B.521211",APBN,01KRZHXKDWHGJAJE3G006A45WH,2991450,66567912,1,01HQWTWAB8NBREJQVG41JZXRA7,352631,0,2026-05-20T00:00:00Z,,efbb911a-59d7-54a0-816c-d0c9fbaa93e6.pLwvumD1C6LPE7MC.ZUcGduCbE_jsfuGE1HW6Wul4xKfKjrEwAc3mqsCei0k
Konsumsi Peserta Pelatihan 180 JP Reguler PNBP,DRAFT,2026,ff6ecf37-0598-4d3b-805f-e8b6273f095c,286,0,ON_PROCESS,Tidak,K34,BALAI BESAR PELATIHAN VOKASI DAN PRODUKTIVITAS MEDAN,DL.4057.SCO.005.052.0A.521211,APBN,01KZDMDZN58HJAE5HQZ8EQJNPJ,5720000,66121303,1,01K58D7JY1JYPTGJFWZ2X04A9N,451094,0,2026-08-08T00:00:00Z,"Peningkatan Penyelenggaraan Pelatihan Vokasi dan Pemagangan Binalavotas, ",efbb911a-59d7-54a0-816c-d0c9fbaa93e6.pLwvumD1C6LPE7MC.ZUcGduCbE_jsfuGE1HW6Wul4xKfKjrEwAc3mqsCei0k
Belanja Bahan Pelaksanaan Sertifikasi Lulusan Pelatihan ,COMPLETED,2026,"ddbfe7d6-6b10-451a-bda3-9e349f612f21, b700f7d9-a733-4cd4-9ae8-c786e34edfcc, c712becd-83f8-4984-8ada-99227c70203f, 8e7c2393-fdfd-4ea5-8331-2f22623bd34c, d08dc900-cb3e-4f74-8a9b-52df04d4f599, 8e44302b-b195-4fd3-ad09-ae7979d5dcd2, 152acd7e-7504-4afc-a107-a6f0df28e453, b7637ab8-03fc-4361-aa6c-1b3bc70dfe31",282,205350,COMPLETED,Tidak,K34,BALAI BESAR PELATIHAN VOKASI DAN PRODUKTIVITAS SEMARANG,DL.4053.PDI.002.051.0B.521211,APBN,01KWK4QXFTC2R3ZYNH5R372275,7298361,62801553,8,01JYDESZTP0YA22FBCZT8CDSRE,452609,0,2026-07-03T00:00:00Z,"Pengembangan Sistem dan Pelaksanaan Sertifikasi Kompetensi Profesi Binalavotas, ",efbb911a-59d7-54a0-816c-d0c9fbaa93e6.pLwvumD1C6LPE7MC.ZUcGduCbE_jsfuGE1HW6Wul4xKfKjrEwAc3mqsCei0k
Paket Meeting Fullboard Penguatan Teknik PPHI Swasta (Dalam Kota),COMPLETED,2026,9ebb0be5-bc05-4daf-ae73-ec87937e97c8,204,0,COMPLETED,Tidak,K34,DITJEN PHI DAN JAMSOS,DN.2181.BDC.001.051.0B.524114,APBN,01KK8D0W652S2EJDXNQRM4VYCN,198900000,65241382,1,01K49P0PB220WB4A9BEHW2ANKY,451310,0,2026-03-09T00:00:00Z,"Penyelesaian Perselisihan Hubungan Industrial, ",efbb911a-59d7-54a0-816c-d0c9fbaa93e6.pLwvumD1C6LPE7MC.ZUcGduCbE_jsfuGE1HW6Wul4xKfKjrEwAc3mqsCei0k
Perlengkapan Persuratan dan Kearsipan ,COMPLETED,2026,8494c305-1b11-4e52-8483-31855bcd7c01,1000,0,COMPLETED,Tidak,K34,DITJEN PEMBINAAN PENEMPATAN TENAGA KERJA DAN PERLUASAN KESEMPATAN KERJA,WA.6621.EBA.994.002.0B.521111,APBN,01KN0Y6K25RRHQDVVQ3MFYCAKZ,25974000,66212426,1,01HS27R6Y1A4BMGXN9JJQ10AAS,451139,0,2026-03-31T00:00:00Z,"Dukungan Manajemen Ditjen Pembinaan Penempatan Tenaga Kerja dan Perluasan Kesempatan Kerja, ",efbb911a-59d7-54a0-816c-d0c9fbaa93e6.pLwvumD1C6LPE7MC.ZUcGduCbE_jsfuGE1HW6Wul4xKfKjrEwAc3mqsCei0k
Konsumsi Peserta Pelatihan 280 JP Reguler PBK RM,DRAFT,2026,ff6ecf37-0598-4d3b-805f-e8b6273f095c,448,0,ON_PROCESS,Tidak,K34,BALAI BESAR PELATIHAN VOKASI DAN PRODUKTIVITAS MEDAN,DL.4057.SCO.003.052.0A.521211,APBN,01KWJYZYCB2DDXA0SPJ27H9JRZ,8960000,66121223,1,01K58D7JY1JYPTGJFWZ2X04A9N,451094,0,2026-07-06T00:00:00Z,"Peningkatan Penyelenggaraan Pelatihan Vokasi dan Pemagangan Binalavotas, ",efbb911a-59d7-54a0-816c-d0c9fbaa93e6.pLwvumD1C6LPE7MC.ZUcGduCbE_jsfuGE1HW6Wul4xKfKjrEwAc3mqsCei0k
Konsumsi Peserta Pelatihan 180 JP Reguler PBK RM,DRAFT,2026,8c2b6024-3954-49d9-94a4-ad63660eb9e8,220,0,ON_PROCESS,Tidak,K34,BALAI BESAR PELATIHAN VOKASI DAN PRODUKTIVITAS MEDAN,DL.4057.SCO.003.052.0A.521211,APBN,01KNPBRKBBRD9WE9WHDWTG1E6X,4400000,66121099,1,01K7P0067ZG2CA6RAJ5KWNE08H,451094,0,2026-04-08T00:00:00Z,"Peningkatan Penyelenggaraan Pelatihan Vokasi dan Pemagangan Binalavotas, ",efbb911a-59d7-54a0-816c-d0c9fbaa93e6.pLwvumD1C6LPE7MC.ZUcGduCbE_jsfuGE1HW6Wul4xKfKjrEwAc3mqsCei0k
Bahan Pelatihan Tailor Made Training 40 JP,COMPLETED,2026,8cd0e1ca-1e96-4b80-a33e-852d0d2149eb,5,194250,COMPLETED,Tidak,K34,BALAI PELATIHAN VOKASI DAN PRODUKTIVITAS SIDOARJO,DL.4057.SCO.003.053.0B.521211,APBN,01KMQ3N2S77CSKXBM80S5K4J7Q,45432578,66474105,1,01JAYK7BA0MEZ4014EFKCTSSY8,050302,759449,2026-03-27T00:00:00Z,"Peningkatan Penyelenggaraan Pelatihan Vokasi dan Pemagangan Binalavotas, ",efbb911a-59d7-54a0-816c-d0c9fbaa93e6.pLwvumD1C6LPE7MC.ZUcGduCbE_jsfuGE1HW6Wul4xKfKjrEwAc3mqsCei0k
"Belanja Pemeliharaan Peralatan dan Mesin Kantor (Lift, dan AC)",DRAFT,2026,6295c5df-c8bd-47b2-8ead-9388d97a73f2,12,0,ON_PROCESS,Tidak,K34,Sekretariat Badan Nasional Sertifikasi Profesi,WA.6988.EBA.994.002.0C.523121,APBN,01KFA76FGRFH609XQE94P1YG1N,17728920,63697609,1,01JM1SQ3M623D28KHC9EE1N16B,452533,748190,2026-01-19T00:00:00Z,"Dukungan Manajemen Direktorat Jenderal Pembinaan Pelatihan Vokasi dan Produktivitas, ",efbb911a-59d7-54a0-816c-d0c9fbaa93e6.pLwvumD1C6LPE7MC.ZUcGduCbE_jsfuGE1HW6Wul4xKfKjrEwAc3mqsCei0k
Belanja Bahan TMT Klaster,COMPLETED,2026,"bc1d8a78-70e2-48a3-8eed-d5ef2f568aea, 1846ac58-c23b-4498-9cc4-fc5f2e13432b, c712becd-83f8-4984-8ada-99227c70203f, 5af293fb-e453-49e1-92e3-58b3ea3aa86b, f4fe7ba6-db4e-49e7-bd27-6d166cccc0d5, fc325c0f-3fc1-498e-8696-0fdd70104732, 51d2c2de-3a54-47f5-bf87-e22f11ce8104, 267ea927-66a3-49b5-a320-25fa972e984c, df70f92b-a822-4956-8af7-0bf9ef08fe35, 16bc1a6e-4c60-4562-9f2c-a15757726c1f, a10a4e3a-32cf-41b0-b858-64311ffcb660, 05805adc-5647-4d07-b37c-dd3529d95e17, f47e3f51-f91c-453c-877c-3f60acffb4f9, 0dd9792d-ed1f-4d59-8528-7809ee662a70, 66742882-bc04-41fa-8194-83e20eb9c9c4, 1c649746-35de-43b6-b636-416cb6af13ea, b251f938-6c26-4185-b3ac-aecb4f8f4cb2, 54dbabee-189e-4411-a8b1-db7b6316d781, 36888866-22eb-48cf-aaf6-425ff95a9564, a762a656-e2df-429a-8365-f51df8799c50, b2799d15-1296-43b5-b786-3ae7590919f3, 41a1f02d-58b1-4142-bbdc-d82984fad2d6, fb36aaa0-c1c8-4f4d-92ff-26711caf2179, 4810a691-1067-4b53-84f3-bdbd0941a0ca, 6769a2ff-4311-491d-891b-1abce57b39f3, a9704d9b-45d3-4d07-972d-6d87c3fea9bb, fa14e50c-054a-4680-ac27-b19b33c8feaf, fd2a91f7-7b94-4700-9c74-696f94ebe84b, d88cbba5-cae9-43c1-8bd9-e415c4b5293d, 5dbecf76-1bc7-4863-9349-c11725c2013d, 032a532b-2803-466b-87bc-4cec03a9f828, eadbca52-dde9-419d-aea6-9d9c891e6f06, 372d959e-2954-4f2f-8a33-8c3551fb8793, 6c587917-ef82-49ac-bd75-ccf466797164, c5b67f33-0c85-405e-bc92-e3d5befff9f0, a56256ae-65ed-4b5a-9a92-de6cfc5d639f, da06324a-af7b-4a3a-86d5-d82372ec0986, 78e96cc9-4a3e-4e0c-b3c0-c1a456bd6b43, 27e2a10e-8817-4310-94cd-bd38bd6e2bab, 7f361051-7d47-4485-8198-a12ac0d6b191, b700f7d9-a733-4cd4-9ae8-c786e34edfcc, ae1815ec-31ba-4a6e-ae0e-c11a5d1ac242, 7dd6bf75-ed44-445c-89ba-5b97cb976c7e, 786a2eec-a150-4567-828f-252cf6f2b91f, 55ef284d-0ad2-4016-9f7b-466266976bbc, a493e1db-3015-4a05-98b5-03b0af194f77, 6d496fd9-a7b4-4ac8-b34b-c1049cde04aa, a5c381b0-1161-47fd-b128-1126eb02c6a4, e7a5c59d-0fe8-4e3e-a128-a928f1880801",642,222000,COMPLETED,Tidak,K34,BALAI BESAR PELATIHAN VOKASI DAN PRODUKTIVITAS SEMARANG,DL.4057.SCO.003.053.0A.521211,APBN,01KKXEG4BE2N6JE4QR3ST7SC3P,8987548,66185950,49,01JYDESZTP0YA22FBCZT8CDSRE,452609,0,2026-03-17T00:00:00Z,"Peningkatan Penyelenggaraan Pelatihan Vokasi dan Pemagangan Binalavotas, ",efbb911a-59d7-54a0-816c-d0c9fbaa93e6.pLwvumD1C6LPE7MC.ZUcGduCbE_jsfuGE1HW6Wul4xKfKjrEwAc3mqsCei0k
Belanja Bahan PBK Reguler Luring,COMPLETED,2026,"35bc9879-2035-4e09-85cc-6de3cb9fd1b3, 4151ed39-3117-44f7-8a13-bc735f1bca09, 126a891c-55da-47c7-8bac-f45d2e30acdf, 1264d352-0858-4bfb-8cc2-3e013d8a512a, 592ffbd4-5e38-4660-80ef-955887891c5c, 08954ca5-ea62-4a57-b329-75c7c5d3bbe6, 8085863c-e220-478c-beb5-5d669c7105a7, 68db1fa9-2620-451d-84fd-91e010feecf8, 2d4b2318-7440-466b-8ffe-f8b7dc0b007c, 4efe4c39-e864-4240-8816-3d89e2c93ee8, 11bff86e-21e4-4279-a06e-992ce83ae4ae, defc352d-1395-4f71-9fd7-9478ad262f54, 7e8c9cfa-0c5a-40b7-8d8f-5a9cfd82bd96, e18e2e12-2389-454d-b438-db041c7deb6a, c491c42d-58e0-4c0b-ab47-76cdce32da69, e1f34f08-ff6b-48a9-b06b-4907181aa2fe, a3c979ba-7bd3-4caa-9aa4-40d4853d3d76, 0395e604-e231-4412-acf1-f6816fa0e4a1, 6e142428-6c92-4958-a9f1-ae8d7d6cb508, becce14b-5b63-4f0a-a8bb-1b54eecf0859, d90a48d2-461f-4fb9-8d92-b824b44f91d3, 30e5dcee-c274-4287-b0a3-a311e391126b, 39928e3a-5648-424d-96dd-2acd13c73e99, 83bb500c-b242-48b5-9461-847ca6252954, 7129caaf-08dc-445b-a37e-a3be226fd9a7, ffceb2eb-7048-4bd5-8cc6-9270cd06c8cb, 72bf808c-65d4-4070-9a25-45649f7f758a, 7b41c8da-d701-4fec-b183-d0ae655a3efa, 20f56777-0c71-4497-b526-4ae51ca966f6, bf07f3fb-98b4-40b2-9c04-a7789423e647, 245ed2e2-40be-4811-a0b4-5fbfa52cb36f, a857d254-97cf-4876-966f-f0fddae45d70, 8cf5180a-d754-4a0d-9440-53e8db368967, 11580236-f148-4096-acf1-f2001d90a00e, 5cadc38f-c046-44bb-8b6c-6441c4b13802, a996b51e-5275-48a9-abc3-b48cf2d1ef01, 8cc50f50-50ed-4aa0-86c3-c8a843aef7e7, d695a674-1369-4736-989e-ac456c5aeaa0, 9a162954-b192-4812-a46f-06885371d7a0, 144ba5fb-39c7-48e0-a7cf-e567132246e5, 4048b52b-7fdc-46d1-a918-43a1508c2568, 81caea6a-0389-4b46-9284-81ac1ae4b776, f815d76b-4abb-4760-8370-d3bae2ef4c53, a49c82f7-c82a-49b8-9052-00debab59fde",225,0,COMPLETED,Tidak,K34,BALAI BESAR PELATIHAN VOKASI DAN PRODUKTIVITAS SEMARANG,DL.4057.SCO.005.052.0A.521211,APBN,01KY9QN9CVYJQDH39NDK6HRQ6R,20781420,66186051,44,01JY61XM4G13MY1MYNDAVFQ9B1,452609,0,2026-07-24T00:00:00Z,"Peningkatan Penyelenggaraan Pelatihan Vokasi dan Pemagangan Binalavotas, ",efbb911a-59d7-54a0-816c-d0c9fbaa93e6.pLwvumD1C6LPE7MC.ZUcGduCbE_jsfuGE1HW6Wul4xKfKjrEwAc3mqsCei0k
Jasa Event Organizer dan Multimedia,DRAFT,2026,f77d586d-7b15-4ab4-b961-c0e37e58b302,3,,CANCELLED_ON_NEGOTIATION,Tidak,K34,DITJEN. PEMBINAAN HUBUNGAN INDUSTRIAL DAN JAMINAN SOSIAL TENAGA KERJA,DN.5586.BDC.002.056.0C.522191,APBN,01KKJFQZBEPJA3N6W4KF796E17,1665000,66263354,1,01JHHE3CRNHK3NZG76G3T65V71,451270,83587619009,,"Peningkatan Penerapan Jaminan Sosial Tenaga Kerja dan Fasilitasi Kesejahteraan Pekerja, ",efbb911a-59d7-54a0-816c-d0c9fbaa93e6.pLwvumD1C6LPE7MC.ZUcGduCbE_jsfuGE1HW6Wul4xKfKjrEwAc3mqsCei0k
Pengadaan Pakaian Kerja dan Kaos Peserta Pelatihan (189 Paket),COMPLETED,2026,ff913ca8-4573-41e9-b773-b4dd2a09f116,71,0,COMPLETED,Tidak,K34,BALAI BESAR PELATIHAN VOKASI DAN PRODUKTIVITAS SERANG,"DL.4057.SCO.003.051.0A.521211, DL.4057.SCO.003.051.0B.521211, DL.4057.SCO.003.052.0A.521211, DL.4057.SCO.003.052.0C.521211, DL.4057.SCO.003.053.0A.521211, DL.4057.SCO.003.053.0B.521211, DL.4057.SCO.003.054.0A.521211, DL.4057.SCO.005.052.0A.521211, DL.4057.SCO.005.052.0C.521211, DL.4057.SCO.007.052.0A.521211, DL.4057.SCO.007.052.0C.521211, DL.4057.SCO.008.052.0A.521211, DL.4057.SCO.008.052.0B.521211, DL.4057.SCO.035.051.0B.521211, DL.4057.SCO.035.054.0B.521211, DL.4057.SCO.035.055.0B.521211, DL.4057.SCO.035.056.0B.521211",APBN,01KV545GNXGW4QQXCKET8Z2QN4,10560540,63093792,5,01JBGDSJNXNZCRFFDHX1P49CE2,426531,16727127,2026-06-17T00:00:00Z,"Peningkatan Penyelenggaraan Pelatihan Vokasi dan Pemagangan Binalavotas, ",efbb911a-59d7-54a0-816c-d0c9fbaa93e6.pLwvumD1C6LPE7MC.ZUcGduCbE_jsfuGE1HW6Wul4xKfKjrEwAc3mqsCei0k
Pelatihan Vokasi Bidang Industri dan Jasa Reguler Non Boarding Bisnis Manajemen,DRAFT,2026,0aaef396-1c07-41cf-b236-7f2f7aa2f6cf,1970,0,PAYMENT_OUTSIDE_SYSTEM,Tidak,K34,BALAI PELATIHAN VOKASI DAN PRODUKTIVITAS BANYUWANGI,DL.4057.SCO.003.052.0A.521211,APBN,01KVQPJZTBJDMRQWBR5AXKRJDW,39400000,66371943,1,01JE5AQH3WV1RNVK9JKD5R3VHN,051102,2520072,2026-06-22T00:00:00Z,"Peningkatan Penyelenggaraan Pelatihan Vokasi dan Pemagangan Binalavotas, ",efbb911a-59d7-54a0-816c-d0c9fbaa93e6.pLwvumD1C6LPE7MC.ZUcGduCbE_jsfuGE1HW6Wul4xKfKjrEwAc3mqsCei0k
Belanja Bahan Teknisi Reguler,COMPLETED,2026,0996ae06-e91c-42d0-b0fa-a4f3e4940536,32,0,COMPLETED,Tidak,K34,BALAI BESAR PELATIHAN VOKASI DAN PRODUKTIVITAS SEMARANG,DL.4057.SCO.005.054.0A.521211,APBN,01KP7T5RCQGRCMA5SWDZC09GBT,4795200,66186105,1,01JA9PQ0TDDYKB5K8QC1VDSWVA,452609,6064042,2026-04-15T00:00:00Z,"Peningkatan Penyelenggaraan Pelatihan Vokasi dan Pemagangan Binalavotas, ",efbb911a-59d7-54a0-816c-d0c9fbaa93e6.pLwvumD1C6LPE7MC.ZUcGduCbE_jsfuGE1HW6Wul4xKfKjrEwAc3mqsCei0k
Pengadaan Jasa Sewa Kendaraan Operasional Roda 4 ,COMPLETED,2026,e8767b92-8d03-4af0-9884-3b5def8132c3,12,0,COMPLETED,Tidak,K34,BALAI BESAR PERLUASAN KESEMPATAN KERJA,WA.6621.EBA.994.002.0J.522141,APBN,01KEXDYFK70SG05GK64BBXD2DD,67500006,63289293,1,01J1YC352878JV20QTHC8Y7J03,259322,26576014,2026-01-15T00:00:00Z,"Dukungan Manajemen Ditjen Pembinaan Penempatan Tenaga Kerja dan Perluasan Kesempatan Kerja, ",efbb911a-59d7-54a0-816c-d0c9fbaa93e6.pLwvumD1C6LPE7MC.ZUcGduCbE_jsfuGE1HW6Wul4xKfKjrEwAc3mqsCei0k
Konsumsi Peserta Pelatihan 260 JP Reguler PNBP,DRAFT,2026,8c2b6024-3954-49d9-94a4-ad63660eb9e8,384,,CANCELLED_ON_NEGOTIATION,Tidak,K34,BALAI BESAR PELATIHAN VOKASI DAN PRODUKTIVITAS MEDAN,DL.4057.SCO.004.052.0A.521211,APBN,01KX0JTC93ST7KDYGDVN0H8A0G,8448000,66121211,1,01K7P0067ZG2CA6RAJ5KWNE08H,451094,0,,"Peningkatan Penyelenggaraan Pelatihan Vokasi dan Pemagangan Binalavotas, ",efbb911a-59d7-54a0-816c-d0c9fbaa93e6.pLwvumD1C6LPE7MC.ZUcGduCbE_jsfuGE1HW6Wul4xKfKjrEwAc3mqsCei0k
Pelatihan Vokasi di Provinsi Jawa Timur UPT BLK Situbondo,DRAFT,2026,d00b22c5-7171-499c-b8c7-5500d4fa3e1c,2272,0,PAYMENT_OUTSIDE_SYSTEM,Tidak,K34,BALAI PELATIHAN VOKASI DAN PRODUKTIVITAS BANYUWANGI,DL.4057.SCO.013.058.OA.521211,APBN,01KVEXZRMC87BD1A9HTKNFT80F,45440000,62259211,1,01JEN5T4CE3SK8G1V8Q8MP7NDW,051102,394246,2026-06-19T00:00:00Z,"Peningkatan Penyelenggaraan Pelatihan Vokasi dan Pemagangan Binalavotas, ",efbb911a-59d7-54a0-816c-d0c9fbaa93e6.pLwvumD1C6LPE7MC.ZUcGduCbE_jsfuGE1HW6Wul4xKfKjrEwAc3mqsCei0k
Bahan Pelatihan Pembuatan Roti dan Kue 140 JP,COMPLETED,2026,2ec7091a-95dc-4d8d-91e4-1b9d9b68e395,1,0,COMPLETED,Tidak,K34,BALAI PELATIHAN VOKASI DAN PRODUKTIVITAS SIDOARJO,DL.4057.SCO.006.052.0A.521211,APBN,01KV9SFRQ8WWVBEDFTJ7EN2J0Z,13446651,66474766,1,01K3ATZBJB7BCPJ0YM9Z0QSXNM,050302,0,2026-06-18T00:00:00Z,"Peningkatan Penyelenggaraan Pelatihan Vokasi dan Pemagangan Binalavotas, ",efbb911a-59d7-54a0-816c-d0c9fbaa93e6.pLwvumD1C6LPE7MC.ZUcGduCbE_jsfuGE1HW6Wul4xKfKjrEwAc3mqsCei0k
Konsumsi Peserta Pelatihan Project Based Learning,DRAFT,2026,00c479d0-d20a-4558-aa61-3acf03af656f,1248,0,ON_PROCESS,Tidak,K34,BALAI BESAR PELATIHAN VOKASI DAN PRODUKTIVITAS BANDUNG,"DL.4057.SCO.003.051.0A.521211, DL.4057.SCO.003.051.0B.521211",APBN,01KYNPRXJMQCZM737H4T2EHD8Q,24710400,67393346,1,01JMH38V945SCD5WRTV8ES5A68,452542,10339014,2026-07-29T00:00:00Z,"Peningkatan Penyelenggaraan Pelatihan Vokasi dan Pemagangan Binalavotas, ",efbb911a-59d7-54a0-816c-d0c9fbaa93e6.pLwvumD1C6LPE7MC.ZUcGduCbE_jsfuGE1HW6Wul4xKfKjrEwAc3mqsCei0k
"Fullboard Moderator, Panitia Penyelenggara dan Peserta",COMPLETED,2026,8c4803d1-8bfb-4724-b4a2-ec15c3d9aa92,69,0,COMPLETED,Tidak,K34,DITJEN PHI DAN JAMSOS,DN.6587.AEG.001.051.0D.524119,APBN,01KNGFEV7RBWWYWJKG2285H1AT,55200000,66135360,1,01JWAJ2XS02NZ4FSZB2WSQ8FFA,451310,0,2026-04-07T00:00:00Z,"Peningkatan Pembinaan Hubungan Kerja dan Penerapan Pengupahan, ",efbb911a-59d7-54a0-816c-d0c9fbaa93e6.pLwvumD1C6LPE7MC.ZUcGduCbE_jsfuGE1HW6Wul4xKfKjrEwAc3mqsCei0k
Belanja Modal Peralatan dan Mesin  PENGADAAN INVENTARIS KANTOR DI LINGKUNGAN DITJEN BINAPENTA DAN PKK,COMPLETED,2026,"1c68a5e9-2bb9-45c1-9709-1eefcea80f98, 79d82a3f-68be-44b3-9ccc-d1bb21de3232, 64e19696-0401-4f32-957a-0abdd5102928",14,0,COMPLETED,Tidak,K34,DITJEN PEMBINAAN PENEMPATAN TENAGA KERJA DAN PERLUASAN KESEMPATAN KERJA,WA.6621.EBB.951.051.0B.532111,APBN,01KMQWPZ2AFBXXB20TCWQ0SS47,286099998,66665520,3,01JQDJ1FYA0DV8VVJKMVS86QXD,451139,0,2026-03-28T00:00:00Z,"Dukungan Manajemen Ditjen Pembinaan Penempatan Tenaga Kerja dan Perluasan Kesempatan Kerja, ",efbb911a-59d7-54a0-816c-d0c9fbaa93e6.pLwvumD1C6LPE7MC.ZUcGduCbE_jsfuGE1HW6Wul4xKfKjrEwAc3mqsCei0k
Fullboard Meeting - Persiapan Pelaksanaan Program Perluasan Kesempatan Kerja Bidang Tenaga Kerja Mandiri - Finalisasi Draft Juknis TKMP 2026,COMPLETED,2026,d6fde187-e5f5-406f-97c6-bd4b0ade3159,188,0,COMPLETED,Tidak,K34,DIREKTORAT BINA PERLUASAN KESEMPATAN KERJA,DN.2175.BDC.003.051.0A.524114,APBN,01KVEXT2C46DA3J9EFX8PC6WYT,178600000,65819141,1,01JD4CY5WTYR0G7RJE8FG6368R,626041,13238047,2026-06-19T00:00:00Z,"Perluasan Kesempatan Kerja, ",efbb911a-59d7-54a0-816c-d0c9fbaa93e6.pLwvumD1C6LPE7MC.ZUcGduCbE_jsfuGE1HW6Wul4xKfKjrEwAc3mqsCei0k
"Paket Pertemuan Fullboard Peserta, Moderator dan Penyelenggara Pendampingan Pencegahan Perselisihan Hubungan Industrial  ",DRAFT,2026,845fb926-eb3d-4248-9578-8ab57e4fcb8f,158,,CANCELLED_ON_NEGOTIATION,Tidak,K34,DITJEN. PEMBINAAN HUBUNGAN INDUSTRIAL DAN JAMINAN SOSIAL TENAGA KERJA,DN.2179.BDD.001.051.0A.524119,APBN,01KHWVJZ9F4HQQ16KR948EFR97,122292000,63820643,1,01K03K0Z0XM34QMQ6C8FZT049B,451270,0,,"Penguatan Kelembagaan dan Pencegahan Perselisihan Hubungan Industrial, ",efbb911a-59d7-54a0-816c-d0c9fbaa93e6.pLwvumD1C6LPE7MC.ZUcGduCbE_jsfuGE1HW6Wul4xKfKjrEwAc3mqsCei0k
Jasa Event Organizer dan Multimedia,DRAFT,2026,1a70c48c-f72e-411e-875f-55ddb6f229b1,1,,CANCELLED_ON_NEGOTIATION,Tidak,K34,DITJEN. PEMBINAAN HUBUNGAN INDUSTRIAL DAN JAMINAN SOSIAL TENAGA KERJA,DN.5586.BDC.002.056.0C.522191,APBN,01KKJFJK6MJZ3DFWHRCCPA3VDR,832500,66263354,1,01JHHE3CRNHK3NZG76G3T65V71,451270,83587619009,,"Peningkatan Penerapan Jaminan Sosial Tenaga Kerja dan Fasilitasi Kesejahteraan Pekerja, ",efbb911a-59d7-54a0-816c-d0c9fbaa93e6.pLwvumD1C6LPE7MC.ZUcGduCbE_jsfuGE1HW6Wul4xKfKjrEwAc3mqsCei0k
Pengadaan Jasa Outsourcing (Alih Daya) ,DRAFT,2026,dcee9166-fa33-4a46-b527-4fe34d355b0d,24,0,ON_PROCESS,Tidak,K34,BALAI BESAR PELATIHAN VOKASI DAN PRODUKTIVITAS BANDUNG,WA.6988.EBA.994.002.0A.522191,APBN,01KQRGCK2P1NE8F2XJE6QE31W1,128841816,66223357,1,01JFVY8NWER8851J0JN4YR6SXJ,452542,22726014,2026-05-04T00:00:00Z,"Dukungan Manajemen Direktorat Jenderal Pembinaan Pelatihan Vokasi dan Produktivitas, ",efbb911a-59d7-54a0-816c-d0c9fbaa93e6.pLwvumD1C6LPE7MC.ZUcGduCbE_jsfuGE1HW6Wul4xKfKjrEwAc3mqsCei0k
Konsumsi Peserta Pelatihan 240 JP Reguler PNBP,BUYER_CONFIRMED,2026,ff6ecf37-0598-4d3b-805f-e8b6273f095c,388,0,ON_PROCESS,Tidak,K34,BALAI BESAR PELATIHAN VOKASI DAN PRODUKTIVITAS MEDAN,DL.4057.SCO.007.052.0A.521211,APBN,01KNP4WP86XNSP8AZ7Y8A5HARM,7760000,66121071,1,01K58D7JY1JYPTGJFWZ2X04A9N,451094,0,2026-04-08T00:00:00Z,"Peningkatan Penyelenggaraan Pelatihan Vokasi dan Pemagangan Binalavotas, ",efbb911a-59d7-54a0-816c-d0c9fbaa93e6.pLwvumD1C6LPE7MC.ZUcGduCbE_jsfuGE1HW6Wul4xKfKjrEwAc3mqsCei0k
Pakaian Kerja,COMPLETED,2026,17a9ad3b-36ad-4808-86b1-bc51bfbdc0a7,300,0,PAYMENT_OUTSIDE_SYSTEM,Tidak,K34,BALAI PELATIHAN VOKASI DAN PRODUKTIVITAS LOMBOK TIMUR,DL.4057.SCO.005.052.0A.521211,APBN,01KTMXTBGAYZ53C6PKC0ZF5HG1,49950000,63392962,1,01JYGPS1FZS5WAVV2XF7DF1GQ7,230302,0,2026-06-09T00:00:00Z,"Peningkatan Penyelenggaraan Pelatihan Vokasi dan Pemagangan Binalavotas, ",efbb911a-59d7-54a0-816c-d0c9fbaa93e6.pLwvumD1C6LPE7MC.ZUcGduCbE_jsfuGE1HW6Wul4xKfKjrEwAc3mqsCei0k
Konsumsi Peserta Pelatihan 260 JP Reguler PBK RM,COMPLETED,2026,58cb8ad5-86c7-46d2-b569-0dfe12df8fcb,316,0,ON_PROCESS,Tidak,K34,BALAI BESAR PELATIHAN VOKASI DAN PRODUKTIVITAS MEDAN,DL.4057.SCO.003.052.0A.521211,APBN,01KVN424VQ2YVWRQ9KV8R02TK9,6320000,66121349,1,01JM72CXSQXYW7P7QXDF5DXAY3,451094,1790022,2026-06-21T00:00:00Z,"Peningkatan Penyelenggaraan Pelatihan Vokasi dan Pemagangan Binalavotas, ",efbb911a-59d7-54a0-816c-d0c9fbaa93e6.pLwvumD1C6LPE7MC.ZUcGduCbE_jsfuGE1HW6Wul4xKfKjrEwAc3mqsCei0k
Pengadaan Tenaga Alih Daya / Outsoursing sebanyak 28 orang Tahun 2026,DRAFT,2026,"ca70fb56-9cf2-4519-b344-e8bc7cf7d80d, e507cae6-86f4-42de-90d9-142195af3516",27,,CANCELLED,Tidak,K34,BALAI PELATIHAN VOKASI DAN PRODUKTIVITAS BANYUWANGI,WA.6988.EBA.994.002.OA.522191,APBN,01KWGG0H8WXVB6X3FJ3WCCSY5V,110500443,62258236,2,01KFZP214CH6ERA5CXP2ET4DE6,051102,0,2026-07-03T00:00:00Z,"Dukungan Manajemen Direktorat Jenderal Pembinaan Pelatihan Vokasi dan Produktivitas, ",efbb911a-59d7-54a0-816c-d0c9fbaa93e6.pLwvumD1C6LPE7MC.ZUcGduCbE_jsfuGE1HW6Wul4xKfKjrEwAc3mqsCei0k
Pengadaan Jasa Tenaga Alih Daya Satpam BBPKK (periode Februari s.d Desember 2026),DRAFT,2026,385ffe41-116f-423d-a7b6-cccd38d36ea4,12,0,ON_PROCESS,Tidak,K34,BALAI BESAR PERLUASAN KESEMPATAN KERJA,WA.6621.EBA.994.002.0f.521111,APBN,01KGE3H77PPW57HCS72SZ6DPBN,575015880,64810638,1,01JBTNM96DZ58HAN6KTY6K1RXJ,259322,0,2026-02-02T00:00:00Z,"Dukungan Manajemen Ditjen Pembinaan Penempatan Tenaga Kerja dan Perluasan Kesempatan Kerja, ",efbb911a-59d7-54a0-816c-d0c9fbaa93e6.pLwvumD1C6LPE7MC.ZUcGduCbE_jsfuGE1HW6Wul4xKfKjrEwAc3mqsCei0k
Paket Fullboard Peserta dan Panitia,COMPLETED,2026,b0c5178c-5093-42f1-82bf-bf783d33012c,108,0,COMPLETED,Tidak,K34,DITJEN. PEMBINAAN HUBUNGAN INDUSTRIAL DAN JAMINAN SOSIAL TENAGA KERJA,DN.5586.BDC.001.052.0A.524119,APBN,01KN1SNYGMZV27863KFP9RCGH9,101520000,66262571,1,01JSDJ3QW0RM3FNDSPPEQG7X75,451270,0,2026-04-01T00:00:00Z,"Peningkatan Penerapan Jaminan Sosial Tenaga Kerja dan Fasilitasi Kesejahteraan Pekerja, ",efbb911a-59d7-54a0-816c-d0c9fbaa93e6.pLwvumD1C6LPE7MC.ZUcGduCbE_jsfuGE1HW6Wul4xKfKjrEwAc3mqsCei0k
Operasional dan Pemeliharaan Kantor,DRAFT,2026,"3635f624-1db1-4cc2-8d1d-9e30c0195944, afc1f337-0092-4360-a3de-eb471366dbc3, 9213957a-6d10-47a5-ae1b-ebb029301112, 48943b95-eafb-4bd1-a828-397b3a73b8f6, b3663aab-ca18-44c3-a025-5e76986a5380, 6101fd6b-0043-49f8-b6b7-197b4844290d, 43650fc4-b6d8-4eca-b447-99168d5c52e1, a91a43ec-84a6-4102-872b-d1091d9a99f4",672,0,ON_PROCESS,Tidak,K34,BALAI PELATIHAN VOKASI DAN PRODUKTIVITAS SURAKARTA,"WA.6988.EBA.994.002.0A.521111, WA.6988.EBA.994.002.0A.521114, WA.6988.EBA.994.002.0A.521115, WA.6988.EBA.994.002.0A.521811, WA.6988.EBA.994.002.0B.523111, WA.6988.EBA.994.002.0B.523112, WA.6988.EBA.994.002.0C.523121, WA.6988.EBA.994.002.0C.523123, WA.6988.EBA.994.002.0D.522111, WA.6988.EBA.994.002.0D.522112, WA.6988.EBA.994.002.0D.522113, WA.6988.EBA.994.002.0D.522119, WA.6988.EBA.994.002.0E.522191, WA.6988.EBA.994.002.0F.521252, WA.6988.EBA.994.002.0G.521111, WA.6988.EBA.994.002.0G.521115, WA.6988.EBA.994.002.0G.521211, WA.6988.EBA.994.002.0G.521252, WA.6988.EBA.994.002.0G.522111, WA.6988.EBA.994.002.0G.522112, WA.6988.EBA.994.002.0G.522113, WA.6988.EBA.994.002.0G.522191, WA.6988.EBA.994.002.0G.523111, WA.6988.EBA.994.002.0G.524111",APBN,01KDPC9N1TBYBCWHTWHBCY3BF9,2142462416,62084676,8,01JBB82CQ3S6AZPTA9DK7H8NW5,035636,0,2025-12-30T00:00:00Z,"Dukungan Manajemen Direktorat Jenderal Pembinaan Pelatihan Vokasi dan Produktivitas, ",efbb911a-59d7-54a0-816c-d0c9fbaa93e6.pLwvumD1C6LPE7MC.ZUcGduCbE_jsfuGE1HW6Wul4xKfKjrEwAc3mqsCei0k
Rentokil,DRAFT,2026,936495fc-1189-4a45-8627-03da4f815024,12,0,ON_PROCESS,Tidak,K34,Sekretariat Badan Nasional Sertifikasi Profesi,WA.6988.EBA.994.002.0A.521111,APBN,01KERHX6B09NR3SEXRYFVB34SM,23999989,62637936,1,01JJ8FWZVPQEC23SPM7P6A9886,452533,12723127,2026-01-14T00:00:00Z,"Dukungan Manajemen Direktorat Jenderal Pembinaan Pelatihan Vokasi dan Produktivitas, ",efbb911a-59d7-54a0-816c-d0c9fbaa93e6.pLwvumD1C6LPE7MC.ZUcGduCbE_jsfuGE1HW6Wul4xKfKjrEwAc3mqsCei0k
Belanja Bahan Pelaksanaan Sertifikasi Lulusan Pelatihan ,COMPLETED,2026,"6c19c185-6ffb-4500-b85a-95be51f98bd3, 251707ba-125b-46c4-80b3-6b7c1afa1942, 7b0aff74-8c8a-4f0e-ba33-0945a0d50954, 7f5cf5f6-0a50-407b-801d-3022b71997d3, 2f1914b2-ad29-470b-b716-3a3eb3177087, 4fb95ac1-b775-48ae-9698-5030f037f8bd, 93b92a74-2c04-4676-a312-6e8701107211, 93abd2d3-cf40-4f73-9e5c-09555005b923, bd1b6aeb-2275-444d-883e-90c158f6b483, 699e3296-29df-42de-8495-247eaaaf1821, cf153a15-e520-493e-af4a-de6853214916, f5446539-44a3-4e88-bf17-a9f5b7b69805, 847a78e8-7102-44fa-a995-62ee95ee1548, 307c3680-f829-4cab-85e4-69a83e727218, b33a7ab7-af2b-45df-9833-39668dbaab1a, 68afb1fe-e4ab-4471-8d99-9997625a3563, e745d6a1-b536-47f0-a9eb-45548a44f12b",56,532800,COMPLETED,Tidak,K34,BALAI BESAR PELATIHAN VOKASI DAN PRODUKTIVITAS SEMARANG,DL.4053.PDI.002.051.0B.521211,APBN,01KYKEJJTYZ3QPE40MZSR1M9R0,4089240,62801553,17,01J81QPN27R0FDVY86ZEFZ77TW,452609,2502042,2026-07-28T00:00:00Z,"Pengembangan Sistem dan Pelaksanaan Sertifikasi Kompetensi Profesi Binalavotas, ",efbb911a-59d7-54a0-816c-d0c9fbaa93e6.pLwvumD1C6LPE7MC.ZUcGduCbE_jsfuGE1HW6Wul4xKfKjrEwAc3mqsCei0k
Pengadaan Bahan Pelatihan PBK Reguler UPTD Banten (7 Paket),DRAFT,2026,"df690b79-f047-467d-9821-e0bf53a50745, 34c7c37c-6c5d-4af1-b3dc-ec9544ede5d3, fb9bc091-9214-425a-97d3-c94d80aa2bd0, f79f5180-6302-4d8d-9264-473281aab65d, 772f7421-02c3-4cc0-be75-56b78ff2ea81, 9d3c6805-d118-46c3-a3cd-a3ea87bab865, 734595c0-94a5-449c-b6f3-c617db2f7a84, b86447cd-c190-4661-9ab7-123e918ef1a3, 6d573196-8642-4a24-878b-934a38400a57, 7c2885e4-f9c0-49b9-ae85-e5c853c17795, 53ff7726-0f47-488c-bdde-80df0451b512, 733d47f2-dbda-4320-ae0d-c3540623ff8d, 7824108c-b4ba-4622-9ec3-49d031509aed, 70b0995d-412f-42bb-a465-29e7b44ae422, debea733-001c-4386-b5ca-0b9e6d91a685, ab1c430a-e34f-47f5-af47-2812e6cda2c6, 4d901ae4-7919-4408-bbf1-c3ae18511e64, 48acbbcf-2ace-4c9f-8e31-3a15da1099a8, 9006c12b-c809-4332-ba86-be3ba01f9656, e72e3b7f-52cc-4983-8cc9-bc5614047966, 1f8dc073-c303-4242-bbd6-6bfc39330be8, b8078b71-dd77-48ab-9771-0610fd72369b, 76775df7-7907-48f9-a153-e8dabdd23bbd, d2435bd0-9118-4809-a795-033c82e54a87, e17f25bf-7afc-4a65-b2de-48850ad1f946, c5a70ea1-9478-4cd4-bf6c-4081ea3e6f25, 260e7d47-35d5-4566-b8c5-fa7ad27439e6, e719128f-57e0-48c7-847d-cf19047704ca, 32022696-0655-47eb-93e4-ef8e89211ec5, bcf1f1ba-74af-4a50-85c3-dca1ab5a4f57, 46b73a44-57e5-42b6-a834-9f73326064cf, 1f6453f7-a107-4a72-8120-5d858e7d58a2, f5d669ec-29e6-4970-bd6a-543f94fe6199",617,0,PAYMENT_OUTSIDE_SYSTEM,Tidak,K34,BALAI BESAR PELATIHAN VOKASI DAN PRODUKTIVITAS SERANG,"DL.4057.SCO.035.051.0B.521211, DL.4057.SCO.035.054.0B.521211, DL.4057.SCO.035.055.0B.521211, DL.4057.SCO.035.056.0B.521211",APBN,01KN1JD7ZQYTD9H8WJXJTC9FNM,39946347,65245662,33,01JPHT8R3TKWRTQ8663M9DRT2Q,426531,43475011,2026-03-31T00:00:00Z,"Peningkatan Penyelenggaraan Pelatihan Vokasi dan Pemagangan Binalavotas, ",efbb911a-59d7-54a0-816c-d0c9fbaa93e6.pLwvumD1C6LPE7MC.ZUcGduCbE_jsfuGE1HW6Wul4xKfKjrEwAc3mqsCei0k
Belanja Bahan TMT Klaster,COMPLETED,2026,"36888866-22eb-48cf-aaf6-425ff95a9564, 032a532b-2803-466b-87bc-4cec03a9f828, 51d2c2de-3a54-47f5-bf87-e22f11ce8104, 6d496fd9-a7b4-4ac8-b34b-c1049cde04aa, 7dd6bf75-ed44-445c-89ba-5b97cb976c7e, 16bc1a6e-4c60-4562-9f2c-a15757726c1f, fc325c0f-3fc1-498e-8696-0fdd70104732, 5dbecf76-1bc7-4863-9349-c11725c2013d, fb36aaa0-c1c8-4f4d-92ff-26711caf2179, 786a2eec-a150-4567-828f-252cf6f2b91f, a10a4e3a-32cf-41b0-b858-64311ffcb660, a5c381b0-1161-47fd-b128-1126eb02c6a4, 8b91cc51-2dc5-406e-b39e-d26954062c9b, b2799d15-1296-43b5-b786-3ae7590919f3, da06324a-af7b-4a3a-86d5-d82372ec0986, f47e3f51-f91c-453c-877c-3f60acffb4f9, 5af293fb-e453-49e1-92e3-58b3ea3aa86b, 27e2a10e-8817-4310-94cd-bd38bd6e2bab, 9659cc9a-9e37-4849-80dd-ca03d2e1f39a, df70f92b-a822-4956-8af7-0bf9ef08fe35, e7a5c59d-0fe8-4e3e-a128-a928f1880801, b251f938-6c26-4185-b3ac-aecb4f8f4cb2, 686227f6-8a4c-42fa-876f-d0ee2bfd1889, a493e1db-3015-4a05-98b5-03b0af194f77, a56256ae-65ed-4b5a-9a92-de6cfc5d639f, 7f361051-7d47-4485-8198-a12ac0d6b191, d88cbba5-cae9-43c1-8bd9-e415c4b5293d, adab3958-2a1c-4cc6-a750-1e6a8a3ee7af, 054461b3-7c95-45a3-afe4-03a7198cd27c, a9704d9b-45d3-4d07-972d-6d87c3fea9bb, 1c649746-35de-43b6-b636-416cb6af13ea, fd2a91f7-7b94-4700-9c74-696f94ebe84b, 66742882-bc04-41fa-8194-83e20eb9c9c4, a762a656-e2df-429a-8365-f51df8799c50, c5b67f33-0c85-405e-bc92-e3d5befff9f0, 54dbabee-189e-4411-a8b1-db7b6316d781, 6769a2ff-4311-491d-891b-1abce57b39f3, 372d959e-2954-4f2f-8a33-8c3551fb8793, b700f7d9-a733-4cd4-9ae8-c786e34edfcc, 05805adc-5647-4d07-b37c-dd3529d95e17, eadbca52-dde9-419d-aea6-9d9c891e6f06, f4fe7ba6-db4e-49e7-bd27-6d166cccc0d5, ae1815ec-31ba-4a6e-ae0e-c11a5d1ac242, 267ea927-66a3-49b5-a320-25fa972e984c, 78e96cc9-4a3e-4e0c-b3c0-c1a456bd6b43, 2d24818e-62c6-400c-ac39-4b65326667c7, 10efdf35-0ba9-4aa9-a067-471a5e2e4878, 4810a691-1067-4b53-84f3-bdbd0941a0ca, c712becd-83f8-4984-8ada-99227c70203f",622,222000,COMPLETED,Tidak,K34,BALAI BESAR PELATIHAN VOKASI DAN PRODUKTIVITAS SEMARANG,DL.4057.SCO.003.053.0A.521211,APBN,01KKZJ2FCYS2X3SJ44JAF3MAMV,9030183,66185950,49,01JYDESZTP0YA22FBCZT8CDSRE,452609,0,2026-03-18T00:00:00Z,"Peningkatan Penyelenggaraan Pelatihan Vokasi dan Pemagangan Binalavotas, ",efbb911a-59d7-54a0-816c-d0c9fbaa93e6.pLwvumD1C6LPE7MC.ZUcGduCbE_jsfuGE1HW6Wul4xKfKjrEwAc3mqsCei0k
Pakaian Kerja,COMPLETED,2026,17a9ad3b-36ad-4808-86b1-bc51bfbdc0a7,190,0,COMPLETED,Tidak,K34,BALAI PELATIHAN VOKASI DAN PRODUKTIVITAS LOMBOK TIMUR,DL.4057.SCO.006.052.0A.521211,APBN,01KN1ATSQPD6P5Q8YT49RQYDYG,31635000,63391988,1,01JYGPS1FZS5WAVV2XF7DF1GQ7,230302,0,2026-04-01T00:00:00Z,"Peningkatan Penyelenggaraan Pelatihan Vokasi dan Pemagangan Binalavotas, ",efbb911a-59d7-54a0-816c-d0c9fbaa93e6.pLwvumD1C6LPE7MC.ZUcGduCbE_jsfuGE1HW6Wul4xKfKjrEwAc3mqsCei0k
Pengadaan Paket Fullboard Meeting Luar Kota LISTRAF Komponen C,COMPLETED,2026,"a44059bc-8caf-483c-8b31-22f2af12df5b, ae1b6f5a-b317-43e0-916d-07ad0c1872f8",50,0,COMPLETED,Tidak,K34,BIRO PERENCANAAN,WA.2160.AEA.002.055.0O.524119,APBN,01KQ6DCW24YQDKV5Z0688BSEGC,46664000,65584502,2,01KEC4SAHA38HQDNW02WGQSST4,450922,0,2026-04-27T00:00:00Z,"Peningkatan Perencanaan Program dan Anggaran, ",efbb911a-59d7-54a0-816c-d0c9fbaa93e6.pLwvumD1C6LPE7MC.ZUcGduCbE_jsfuGE1HW6Wul4xKfKjrEwAc3mqsCei0k
Belanja Bahan TMT Klaster,COMPLETED,2026,"3cf0a798-5ba3-473b-82ec-9c3b2d67cd53, 6094e481-92ac-4946-9752-fdbd4284091d, 7c9c595d-7f74-4d76-8f9b-9282c887b1da, cef1d8a5-7f77-4fb1-aa05-66631ef19b96, 940513ba-f440-4e85-9e10-04013260ae21, 43a5989a-fb97-4496-95a4-bdedc5af8fd6, 26c38e51-5b93-476f-a066-61986343e1c8, d3f70a9d-89be-4625-b6cf-42f271f030f0, 6e1b2aca-60f3-48f0-bba9-800a943a2ea0, f81c2982-9e98-4762-89a3-5cfb5fb8182e, 51086016-fe05-4ef4-b63c-58881cc2b9ba, 974ea8ba-8cf0-457c-877d-98359b63a1ee, 61655322-2390-40f9-b588-95cc91a52704, 006ec43f-176a-4281-b270-db584a041992, ea2c9c42-bce0-4bfc-ad5d-bfd4d78d19f0, 8d56dd3a-3cd1-4abe-8357-c9c5db6330e0, a840ff45-30cb-4c49-a318-b8330d9804da, 13872576-9e69-4e8e-a1a0-4432e5ecdfb2, 08a02a59-6283-4c51-a400-0edf5957cae8, 318451fe-438b-4aad-8ead-2f1455dde8dc, ec9c0fba-36fd-463f-9a68-48c8affae16c, d389b728-92a1-4a13-9291-2e8a538ef4f1, 25c47914-ee1b-44fd-98f2-c2222813b430, 3c487a36-fe8e-4fce-8e93-94a8771de82d, 7fb52845-30f9-41c2-82d3-039c860741b6, 07d00fa0-5829-460e-9312-2c33c3535316, d5b8cda6-4742-4576-9c24-36508df0f024, c5c97f9a-4698-4fad-b8f1-e473ced6422c, e4ccdb0b-17c1-424a-a7b0-4550b196299b, b9b2f995-099f-441b-91d1-05ed134fa324, f4fdac51-3f0a-428c-b78b-ba172b9a2b56",297,111000,COMPLETED,Tidak,K34,BALAI BESAR PELATIHAN VOKASI DAN PRODUKTIVITAS SEMARANG,DL.4057.SCO.003.053.0A.521211,APBN,01KKZZN7H9EFSY5ZDE9B9F8MAM,9500490,66185950,31,01K2KX48KE5DQHRAJ0REG26EE5,452609,0,2026-03-18T00:00:00Z,"Peningkatan Penyelenggaraan Pelatihan Vokasi dan Pemagangan Binalavotas, ",efbb911a-59d7-54a0-816c-d0c9fbaa93e6.pLwvumD1C6LPE7MC.ZUcGduCbE_jsfuGE1HW6Wul4xKfKjrEwAc3mqsCei0k
Perlengkapan Persuratan dan Kearsipan ,COMPLETED,2026,6c44af10-208f-4d47-9ee7-8832af92b10a,2000,0,COMPLETED,Tidak,K34,DITJEN PEMBINAAN PENEMPATAN TENAGA KERJA DAN PERLUASAN KESEMPATAN KERJA,WA.6621.EBA.994.002.0B.521111,APBN,01KVQ4BN72ABC57MWMCRCKXYCS,25974000,66212426,1,01J8KYXPXAGC5QMWWT748704NE,451139,281425009,2026-06-23T00:00:00Z,"Dukungan Manajemen Ditjen Pembinaan Penempatan Tenaga Kerja dan Perluasan Kesempatan Kerja, ",efbb911a-59d7-54a0-816c-d0c9fbaa93e6.pLwvumD1C6LPE7MC.ZUcGduCbE_jsfuGE1HW6Wul4xKfKjrEwAc3mqsCei0k
Paket Meeting Fullboard Peserta dan Panitia,DRAFT,2026,cc744f21-51f5-4c69-87f2-7e70d01f2bf6,80,,CANCELLED_ON_NEGOTIATION,Tidak,K34,DITJEN PHI DAN JAMSOS,DN.5586.BDC.001.051.0A.524119,APBN,01KMYFWAJ9PX356QR5H5F2EBBP,60400000,66262516,1,01K33KFDKDF6EJ7FZ015QZYCEB,451310,0,,"Peningkatan Penerapan Jaminan Sosial Tenaga Kerja dan Fasilitasi Kesejahteraan Pekerja, ",efbb911a-59d7-54a0-816c-d0c9fbaa93e6.pLwvumD1C6LPE7MC.ZUcGduCbE_jsfuGE1HW6Wul4xKfKjrEwAc3mqsCei0k
Honorarium Tenaga Alih Daya,DRAFT,2026,"be82563d-7dd3-4da1-92a2-d5fc8d2ad571, b5191fb2-44f1-4ce3-8686-12d556f146ee, 52ef306e-e11a-4965-8798-c263887bf8c7",240,0,ON_PROCESS,Tidak,K34,BALAI PELATIHAN VOKASI DAN PRODUKTIVITAS BANTAENG,WA.6988.EBA.994.002.0A.521111,APBN,01KFA0BXVH57S395VCRF8EE595,1311551208,62167235,3,01JF2XWSJ7CJM6G1V6WTTQ67FW,191206,1978234,2026-01-20T00:00:00Z,"Dukungan Manajemen Direktorat Jenderal Pembinaan Pelatihan Vokasi dan Produktivitas, ",efbb911a-59d7-54a0-816c-d0c9fbaa93e6.pLwvumD1C6LPE7MC.ZUcGduCbE_jsfuGE1HW6Wul4xKfKjrEwAc3mqsCei0k
"Paket Fullboard Meeting Moderator, Penyelenggara dan Peserta Dialog Penguatan Pembentukan LKS Bipartit di Perusahaan  ",COMPLETED,2026,ea2e6ab2-3a28-4143-9363-f4f44ba385e8,114,0,PAYMENT_OUTSIDE_SYSTEM,Tidak,K34,DITJEN. PEMBINAAN HUBUNGAN INDUSTRIAL DAN JAMINAN SOSIAL TENAGA KERJA,DN.2179.QDC.001.051.0A.524119,APBN,01KK0WH1D8162CVPS749DW26BS,99180000,65990428,1,01JSP6RJAVNJ7BP0DA7ZED79WD,451270,0,2026-03-06T00:00:00Z,"Penguatan Kelembagaan dan Pencegahan Perselisihan Hubungan Industrial, ",efbb911a-59d7-54a0-816c-d0c9fbaa93e6.pLwvumD1C6LPE7MC.ZUcGduCbE_jsfuGE1HW6Wul4xKfKjrEwAc3mqsCei0k
Paket Meeting Fullboard Peserta dan Panitia,DRAFT,2026,c4247e80-9c36-4221-8640-ad1b8c1651ee,108,,CANCELLED_ON_REVIEW,Tidak,K34,DITJEN PHI DAN JAMSOS,DN.5586.BDC.001.051.0A.524119,APBN,01KV5BHZM5GR6H6THP8H7JSMWP,86940000,66262516,1,01JV95GHVXM80PADVD2PACR489,451310,0,,"Peningkatan Penerapan Jaminan Sosial Tenaga Kerja dan Fasilitasi Kesejahteraan Pekerja, ",efbb911a-59d7-54a0-816c-d0c9fbaa93e6.pLwvumD1C6LPE7MC.ZUcGduCbE_jsfuGE1HW6Wul4xKfKjrEwAc3mqsCei0k
"Fullboard Moderator, Panitia Penyelenggara dan Peserta",COMPLETED,2026,560408c4-1183-4982-9287-964cb802fea7,68,0,COMPLETED,Tidak,K34,DITJEN PHI DAN JAMSOS,DN.6587.QDH.002.052.0A.524119,APBN,01KKDJGDT82N4A3158RQW09JWY,54400000,66124023,1,01K2256WSF6NKHRYCC7D08HGK8,451310,0,2026-03-11T00:00:00Z,"Peningkatan Pembinaan Hubungan Kerja dan Penerapan Pengupahan, ",efbb911a-59d7-54a0-816c-d0c9fbaa93e6.pLwvumD1C6LPE7MC.ZUcGduCbE_jsfuGE1HW6Wul4xKfKjrEwAc3mqsCei0k
Pembuatan Monitoring Akun Media Sosial,DRAFT,2026,ec35dfd2-1b69-46f9-85b6-626a507f028c,12,0,ON_PROCESS,Tidak,K34,SEKRETARIAT JENDERAL KEMNAKER,WA.2163.EBA.958.051.0B.522191,APBN,01KG4F5V23WF942QDGRYKXZ4W5,81118800,63772236,1,01K0XCT0M8MB10SK1M5P0CK61Y,450938,0,2026-01-29T00:00:00Z,"Peningkatan dan Pengelolaan Hubungan Masyarakat, ",efbb911a-59d7-54a0-816c-d0c9fbaa93e6.pLwvumD1C6LPE7MC.ZUcGduCbE_jsfuGE1HW6Wul4xKfKjrEwAc3mqsCei0k
Belanja Sewa,DRAFT,2026,ff37c404-611d-4903-ab3b-a41a77c008d9,372,0,ON_PROCESS,Tidak,K34,DITJEN PEMBINAAN PENEMPATAN TENAGA KERJA DAN PERLUASAN KESEMPATAN KERJA,DN.2177.BDC.002.051.0A.522141,APBN,01KDSZ3KZ51T0SP8NTKM6YMM3A,483600342,62573499,1,01JPM3WRS7T1H2J8DBRHBHDQY7,451139,355820009,2025-12-31T00:00:00Z,"Peningkatan Pengendalian Penggunaan Tenaga Kerja Asing, ",efbb911a-59d7-54a0-816c-d0c9fbaa93e6.pLwvumD1C6LPE7MC.ZUcGduCbE_jsfuGE1HW6Wul4xKfKjrEwAc3mqsCei0k
Bahan Pelatihan Tailor Made Training 40 JP B,COMPLETED,2026,abbcda2e-cc69-4a05-ac3b-329455d96c8b,2,83250,ON_PROCESS,Tidak,K34,BALAI PELATIHAN VOKASI DAN PRODUKTIVITAS SIDOARJO,DL.4057.SCO.003.053.0A.521211,APBN,01KYBTWZF79WT6NZZK5894MFSN,18653106,66473758,1,01JAYK7BA0MEZ4014EFKCTSSY8,050302,759449,2026-07-26T00:00:00Z,"Peningkatan Penyelenggaraan Pelatihan Vokasi dan Pemagangan Binalavotas, ",efbb911a-59d7-54a0-816c-d0c9fbaa93e6.pLwvumD1C6LPE7MC.ZUcGduCbE_jsfuGE1HW6Wul4xKfKjrEwAc3mqsCei0k
Belanja Pakaian Kerja Pelatihan Batch 1 ,COMPLETED,2026,0beeec96-e99e-49c4-9241-86eb1e12fbf3,800,0,PAYMENT_OUTSIDE_SYSTEM,Tidak,K34,BALAI BESAR PELATIHAN VOKASI DAN PRODUKTIVITAS BANDUNG,"DL.4057.SCO.003.052.0A.521211, DL.4057.SCO.003.054.0A.521211, DL.4057.SCO.005.052.0A.521211, DL.4057.SCO.007.052.0A.521211, DL.4057.SCO.010.055.0A.521211, DL.4057.SCO.010.056.0A.521211, DL.4057.SCO.010.058.0A.521211, DL.4057.SCO.010.061.0A.521211, DL.4057.SCO.010.063.0A.521211, DL.4057.SCO.010.064.0A.521211, DL.4057.SCO.010.068.0A.521211",APBN,01KKB6G6HNT6AHTHPHRK3R3VX9,119200680,66332297,1,01JJ4028SKRBRRDRR28ZQKBTCW,452542,10303014,2026-03-10T00:00:00Z,"Peningkatan Penyelenggaraan Pelatihan Vokasi dan Pemagangan Binalavotas, ",efbb911a-59d7-54a0-816c-d0c9fbaa93e6.pLwvumD1C6LPE7MC.ZUcGduCbE_jsfuGE1HW6Wul4xKfKjrEwAc3mqsCei0k
Belanja Konsumsi Peserta Pelatihan  Penugasan/ Kerjasama (Hinode,DRAFT,2026,71c76d66-f086-46ee-a0d4-ab70c40c6e45,12480,0,ON_PROCESS,Tidak,K34,BALAI BESAR PELATIHAN VOKASI DAN PRODUKTIVITAS BANDUNG,DL.4057.SCO.003.054.0B.521211,APBN,01KFWECX4E38847PFV2GTMGBSC,247104000,63628984,1,01J8QJDE31QWHQ6G14Z67Z28D5,452542,0,2026-01-26T00:00:00Z,"Peningkatan Penyelenggaraan Pelatihan Vokasi dan Pemagangan Binalavotas, ",efbb911a-59d7-54a0-816c-d0c9fbaa93e6.pLwvumD1C6LPE7MC.ZUcGduCbE_jsfuGE1HW6Wul4xKfKjrEwAc3mqsCei0k
Elektronik Biro Keuangan,COMPLETED,2026,"a91c12f2-5c8b-4fc9-af64-5c257721b2a8, 3cf71fb9-65cd-42ab-8e64-ee0b74c76280, 01356dc7-79e6-48bc-80b6-21eb44abee13",24,0,COMPLETED,Tidak,K34,SEKRETARIAT JENDERAL KEMNAKER,WA.2161.EBB.951.053.0B.532111,APBN,01KP53JTCGR48867HRBHKH6S97,514649995,66901922,3,01HR8ZBEBGWM8BPFSMB1GW4FJN,450938,0,2026-04-15T00:00:00Z,"Peningkatan Pengelolaan Urusan Tata Usaha dan Pelayanan Umum, ",efbb911a-59d7-54a0-816c-d0c9fbaa93e6.pLwvumD1C6LPE7MC.ZUcGduCbE_jsfuGE1HW6Wul4xKfKjrEwAc3mqsCei0k
Paket Fullboard Peserta dan Panitia,COMPLETED,2026,61c26a91-ffd7-48cf-b0e8-428fd82bde9d,66,0,COMPLETED,Tidak,K34,DITJEN PHI DAN JAMSOS,DN.5586.PEF.001.051.0A.524119,APBN,01KPQETQB526QZQCR37RGYYVXQ,62700000,66258192,1,01K0V1EC0394GW5GPZJE72573P,451310,0,2026-04-21T00:00:00Z,"Peningkatan Penerapan Jaminan Sosial Tenaga Kerja dan Fasilitasi Kesejahteraan Pekerja, ",efbb911a-59d7-54a0-816c-d0c9fbaa93e6.pLwvumD1C6LPE7MC.ZUcGduCbE_jsfuGE1HW6Wul4xKfKjrEwAc3mqsCei0k
Belanja Bahan Pelaksanaan Sertifikasi Lulusan Pelatihan ,COMPLETED,2026,"686227f6-8a4c-42fa-876f-d0ee2bfd1889, f1699f33-3739-4de5-a1c7-303e27527340, c712becd-83f8-4984-8ada-99227c70203f, a9704d9b-45d3-4d07-972d-6d87c3fea9bb, 8f98a452-89ae-445c-ab8a-8afc866df28b, 5af293fb-e453-49e1-92e3-58b3ea3aa86b, 552109db-f78f-4b1d-ab4d-c73f7cbfc7b9, 2d24818e-62c6-400c-ac39-4b65326667c7, 94858765-5bc0-4044-a7d1-71bab6e6d238, 01eacc70-a49f-4aaf-9582-50f3fd9926c8, 35d82d18-7eae-47ed-a44c-278e102e0531, 801da1ec-cd84-4a2f-91cf-69db65f233a4, 9bd9774e-54c6-4316-b6ab-64fc2f6214cc",125,122100,COMPLETED,Tidak,K34,BALAI BESAR PELATIHAN VOKASI DAN PRODUKTIVITAS SEMARANG,DL.4053.PDI.002.051.0B.521211,APBN,01KY1FK2ATPJ8846P01KNRF89C,3583025,62801553,13,01JYDESZTP0YA22FBCZT8CDSRE,452609,0,2026-07-21T00:00:00Z,"Pengembangan Sistem dan Pelaksanaan Sertifikasi Kompetensi Profesi Binalavotas, ",efbb911a-59d7-54a0-816c-d0c9fbaa93e6.pLwvumD1C6LPE7MC.ZUcGduCbE_jsfuGE1HW6Wul4xKfKjrEwAc3mqsCei0k
Pengadaan Jasa Konsultansi ISO sistem Manajemen Mutu 9001:2015 - Layanan Sertifikasi ISO 9001:2015,DRAFT,2026,2119aaf7-034e-42dd-b4b2-820cab52c6a3,1,0,ON_PROCESS,Tidak,K34,DIREKTORAT BINA KELEMBAGAAN PELATIHAN VOKASI,DL.4056.PDE.001.061.0B.522131,APBN,01KXYP4BFPZY7BKAZ6TV0D237M,29526000,65117392,1,01JP6SCHW4M4KK73AZN25T7GSS,626131,2283119,2026-07-24T00:00:00Z,"Peningkatan Kualitas dan Kapasitas Kelembagaan Pelatihan Vokasi dan Produktivitas Binalavotas, ",efbb911a-59d7-54a0-816c-d0c9fbaa93e6.pLwvumD1C6LPE7MC.ZUcGduCbE_jsfuGE1HW6Wul4xKfKjrEwAc3mqsCei0k
Pengadaan Pakaian Kerja dan Kaos Peserta Pelatihan (189 Paket),COMPLETED,2026,"dbed8759-b7be-4c27-a876-fd30e16cfc2c, ff913ca8-4573-41e9-b773-b4dd2a09f116",267,0,COMPLETED,Tidak,K34,BALAI BESAR PELATIHAN VOKASI DAN PRODUKTIVITAS SERANG,"DL.4057.SCO.003.051.0A.521211, DL.4057.SCO.003.051.0B.521211, DL.4057.SCO.003.052.0A.521211, DL.4057.SCO.003.052.0C.521211, DL.4057.SCO.003.053.0A.521211, DL.4057.SCO.003.053.0B.521211, DL.4057.SCO.003.054.0A.521211, DL.4057.SCO.005.052.0A.521211, DL.4057.SCO.005.052.0C.521211, DL.4057.SCO.007.052.0A.521211, DL.4057.SCO.007.052.0C.521211, DL.4057.SCO.008.052.0A.521211, DL.4057.SCO.008.052.0B.521211, DL.4057.SCO.035.051.0B.521211, DL.4057.SCO.035.054.0B.521211, DL.4057.SCO.035.055.0B.521211, DL.4057.SCO.035.056.0B.521211",APBN,01KMZN09J6TWJRRB3RQ6YX9T35,31810380,63093792,10,01JBGDSJNXNZCRFFDHX1P49CE2,426531,16727127,2026-03-31T00:00:00Z,"Peningkatan Penyelenggaraan Pelatihan Vokasi dan Pemagangan Binalavotas, ",efbb911a-59d7-54a0-816c-d0c9fbaa93e6.pLwvumD1C6LPE7MC.ZUcGduCbE_jsfuGE1HW6Wul4xKfKjrEwAc3mqsCei0k
Pengadaan Tenaga Alih Daya / Outsoursing sebanyak 28 orang Tahun 2026,DRAFT,2026,"24055808-5848-4638-9ea6-a69e2e8042c3, ca70fb56-9cf2-4519-b344-e8bc7cf7d80d, 049a2fa7-bcaa-4aae-9391-23800ebfe473, e507cae6-86f4-42de-90d9-142195af3516",209,0,ON_PROCESS,Tidak,K34,BALAI PELATIHAN VOKASI DAN PRODUKTIVITAS BANYUWANGI,WA.6988.EBA.994.002.OA.522191,APBN,01KG7MC9M6FKVH140ZTXSJBT8P,1010377236,62258236,4,01KFZP214CH6ERA5CXP2ET4DE6,051102,0,2026-01-30T00:00:00Z,"Dukungan Manajemen Direktorat Jenderal Pembinaan Pelatihan Vokasi dan Produktivitas, ",efbb911a-59d7-54a0-816c-d0c9fbaa93e6.pLwvumD1C6LPE7MC.ZUcGduCbE_jsfuGE1HW6Wul4xKfKjrEwAc3mqsCei0k
Konsumsi Peserta Pelatihan (PNBP),DRAFT,2026,9d079815-bd96-43c1-b471-9f536452af11,5296,0,PAYMENT_OUTSIDE_SYSTEM,Tidak,K34,BALAI PELATIHAN VOKASI DAN PRODUKTIVITAS SAMARINDA,"DL.4057.SCO.003.051.0A.521211, DL.4057.SCO.004.052.0A.521211, DL.4057.SCO.005.052.0A.521211, DL.4057.SCO.006.052.0A.521211, DL.4057.SCO.007.052.0A.521211, DL.4057.SCO.008.052.0A.521211",APBN,01KV55HNYX3A6WSQNEMWAY756Q,131870400,66622887,1,01K5G0BRX7C57HJSJGGD0B0AS8,451108,0,2026-06-18T00:00:00Z,,efbb911a-59d7-54a0-816c-d0c9fbaa93e6.pLwvumD1C6LPE7MC.ZUcGduCbE_jsfuGE1HW6Wul4xKfKjrEwAc3mqsCei0k
Konsumsi Peserta Pelatihan 240 JP Reguler PNBP,DRAFT,2026,116f359b-901a-45f8-a60d-2712a0806444,384,,CANCELLED,Tidak,K34,BALAI BESAR PELATIHAN VOKASI DAN PRODUKTIVITAS MEDAN,DL.4057.SCO.007.052.0A.521211,APBN,01KVJMJA98Q2VXF1SHS2H7P509,7660800,66121071,1,01JDRRYY3RKB31B6D8MQTVFZK7,451094,5079026,2026-06-21T00:00:00Z,"Peningkatan Penyelenggaraan Pelatihan Vokasi dan Pemagangan Binalavotas, ",efbb911a-59d7-54a0-816c-d0c9fbaa93e6.pLwvumD1C6LPE7MC.ZUcGduCbE_jsfuGE1HW6Wul4xKfKjrEwAc3mqsCei0k
Reguler,COMPLETED,2026,"cb442e1c-943d-4322-8415-d088d9269d21, 44739747-2629-42d4-b48f-aad0b736b486, 2e31dc28-5aa4-4ee0-926e-132dc1b77882, 465fed2e-957d-495e-8441-4480ed7b1de2, edf0dc0f-fd6e-4192-b798-a057cfb91c89, fa5c7e14-0a3c-423c-b250-c065bee26808, 6581e67c-1cb9-4b88-a228-8b7cb5c7cdb9, d1177f72-5b48-4030-97b8-113414123428, 137fa529-343b-4b18-8fe5-588ea4cadddf, 830e73c8-f475-473d-82e4-0b94fa7d31e3, 983b5c7c-b2a1-4d20-81ea-615444e0656d, fe660e38-049b-4a29-b84d-cb1fb28b99aa",14,0,ON_PROCESS,Tidak,K34,BALAI PELATIHAN VOKASI DAN PRODUKTIVITAS SURAKARTA,"DL.4057.SCO.003.052.0A.521211, DL.4057.SCO.003.052.0A.521213, DL.4057.SCO.003.052.0A.521219, DL.4057.SCO.003.052.0A.521811, DL.4057.SCO.003.052.0A.522151, DL.4057.SCO.003.052.0A.526312, DL.4057.SCO.003.052.0B.521211, DL.4057.SCO.003.052.0B.521213, DL.4057.SCO.003.052.0B.521219, DL.4057.SCO.003.052.0B.521811, DL.4057.SCO.003.052.0B.522151, DL.4057.SCO.003.052.0B.526312, DL.4057.SCO.003.052.0C.521211, DL.4057.SCO.003.052.0C.521213, DL.4057.SCO.003.052.0C.521219, DL.4057.SCO.003.052.0C.522151, DL.4057.SCO.003.052.0C.526312, DL.4057.SCO.003.052.0D.521213",APBN,01KJ6PXCE90GDM1BPF1GEY3Z26,300019117,62084464,12,01K5DF5BGXKHFFXM49JDTCQ98T,035636,0,2026-03-02T00:00:00Z,"Peningkatan Penyelenggaraan Pelatihan Vokasi dan Pemagangan Binalavotas, ",efbb911a-59d7-54a0-816c-d0c9fbaa93e6.pLwvumD1C6LPE7MC.ZUcGduCbE_jsfuGE1HW6Wul4xKfKjrEwAc3mqsCei0k
Belanja Bahan Pelaksanaan Sertifikasi Lulusan Pelatihan Vokasi (PNP),COMPLETED,2026,"6664db26-4852-4737-a46a-0eda1eb3e288, 5dc0b7a0-d7ac-4aed-bcce-39512aa32dbb, 59e3619a-48af-484a-940c-5fe6f3952130, 3d975132-93cf-43db-a691-ffe46af57f57, e0afdbc5-efff-4570-abf9-178468247a64, 5b7d8495-bad6-4c55-91ee-d8af57115271, 4f1eceeb-c8ca-4b55-8f32-b8259467d106, a360bbee-0e29-4814-989a-44aed055b119, 09466ca5-22ca-4071-806d-683e502806e2, 37b0da26-ba64-4df1-a6fe-32908088ae00, d57fb8d5-4f92-49aa-8e23-e1a31c38f6b2, 95caf173-eaab-4689-902a-1a1656934cc3, 2561b8ca-853b-4dde-af28-21bbd4c21b03, 16846b77-2651-40db-8ae3-b8e484d42318",29,199800,COMPLETED,Tidak,K34,BALAI BESAR PELATIHAN VOKASI DAN PRODUKTIVITAS SEMARANG,DL.4053.PDI.002.051.0A.521211,APBN,01KRDKK1Z00GBQJ0JE0KP9XR57,1636695,66185662,14,01JCF5TRQVKW157PX3JC6JFJ1Y,452609,2705108,2026-05-13T00:00:00Z,"Pengembangan Sistem dan Pelaksanaan Sertifikasi Kompetensi Profesi Binalavotas, ",efbb911a-59d7-54a0-816c-d0c9fbaa93e6.pLwvumD1C6LPE7MC.ZUcGduCbE_jsfuGE1HW6Wul4xKfKjrEwAc3mqsCei0k
Pengadaan Jasa Konsumsi Peserta Pelatihan (90 Paket),COMPLETED,2026,bfbc4d61-5a43-4755-8f93-f69a849779a7,367,0,COMPLETED,Tidak,K34,BALAI BESAR PELATIHAN VOKASI DAN PRODUKTIVITAS SERANG,"DL.4057.SCO.003.051.0A.521211, DL.4057.SCO.003.051.0B.521211, DL.4057.SCO.003.052.0A.521211, DL.4057.SCO.003.053.0A.521211, DL.4057.SCO.003.053.0B.521211, DL.4057.SCO.003.054.0A.521211, DL.4057.SCO.005.052.0A.521211, DL.4057.SCO.007.052.0A.521211, DL.4057.SCO.008.052.0B.521211",APBN,01KSHJ8XW6GQD7YSY3XTMS8CF1,7266600,66344371,1,01K9RSESWX1BJXXF2E7MCDGQFT,426531,0,2026-05-29T00:00:00Z,"Peningkatan Penyelenggaraan Pelatihan Vokasi dan Pemagangan Binalavotas, ",efbb911a-59d7-54a0-816c-d0c9fbaa93e6.pLwvumD1C6LPE7MC.ZUcGduCbE_jsfuGE1HW6Wul4xKfKjrEwAc3mqsCei0k
Pengadaan Jasa Tenaga Alihdaya (Outsourcing) Pengemudi Gedung Vokasi Kemnaker RI,DRAFT,2026,cbe3d6b1-a593-4cc8-b50a-67de3e79ff3f,2,0,ON_PROCESS,Tidak,K34,DITJEN PEMBINAAN PELATIHAN VOKASI DAN PRODUKTIVITAS,WA.6988.EBA.994.002.0G.522191,APBN,01KD77MXVM61MZAHS4XFMCNNP5,238065848,62363283,1,01JB0W1YHSNPS4PMNKJVCPZAM2,451026,336190,2025-12-30T00:00:00Z,"Dukungan Manajemen Direktorat Jenderal Pembinaan Pelatihan Vokasi dan Produktivitas, ",efbb911a-59d7-54a0-816c-d0c9fbaa93e6.pLwvumD1C6LPE7MC.ZUcGduCbE_jsfuGE1HW6Wul4xKfKjrEwAc3mqsCei0k
"Paket Fullboard Moderator, Peserta dan Penyelenggara Dialog Tripartit Dalam Pengembangan Kebijakan Ketenagakerjaan",COMPLETED,2026,c4247e80-9c36-4221-8640-ad1b8c1651ee,114,0,PAYMENT_OUTSIDE_SYSTEM,Tidak,K34,DITJEN. PEMBINAAN HUBUNGAN INDUSTRIAL DAN JAMINAN SOSIAL TENAGA KERJA,DN.2179.BDB.001.051.0B.524119,APBN,01KN6P0RS0AZPKM0PETQGCSNDA,88920000,63840283,1,01JV95GHVXM80PADVD2PACR489,451270,0,2026-04-06T00:00:00Z,"Penguatan Kelembagaan dan Pencegahan Perselisihan Hubungan Industrial, ",efbb911a-59d7-54a0-816c-d0c9fbaa93e6.pLwvumD1C6LPE7MC.ZUcGduCbE_jsfuGE1HW6Wul4xKfKjrEwAc3mqsCei0k
Pelatihan Vokasi di Provinsi Jawa Timur UPT BLK Bondowoso,DRAFT,2026,e25703cf-fceb-406d-b969-631ee9610734,3808,0,ON_PROCESS,Tidak,K34,BALAI PELATIHAN VOKASI DAN PRODUKTIVITAS BANYUWANGI,DL.4057.SCO.013.071.OA.521211,APBN,01KY4BEGG23C2TEFEY8QSE61GF,76160000,62259252,1,01JCF7CQH50Z2NGJ2279N0N927,051102,643472,2026-07-27T00:00:00Z,"Peningkatan Penyelenggaraan Pelatihan Vokasi dan Pemagangan Binalavotas, ",efbb911a-59d7-54a0-816c-d0c9fbaa93e6.pLwvumD1C6LPE7MC.ZUcGduCbE_jsfuGE1HW6Wul4xKfKjrEwAc3mqsCei0k
 Pemeliharaan Perangkat Data Center Precision Air Conditioner (PAC) ,DRAFT,2026,ce722185-8708-4451-a638-588450d171d9,1,0,ON_PROCESS,Tidak,K34,BADAN PERENCANAAN DAN PENGEMBANGAN KETENAGAKERJAAN,WA.6624.EBA.994.002.BC.522191,APBN,01KXZ2H8ZW8253VHQYH8Y6G788,48840000,67473859,1,01K1A2MN2EDG8ZVWWN3C72V22E,452677,0,2026-07-21T00:00:00Z,"Dukungan Manajemen Badan Perencanaan dan Pengembangan Ketenagakerjaan, ",efbb911a-59d7-54a0-816c-d0c9fbaa93e6.pLwvumD1C6LPE7MC.ZUcGduCbE_jsfuGE1HW6Wul4xKfKjrEwAc3mqsCei0k
Pelatihan Vokasi Bidang Industri dan Jasa Reguler Non Boarding Bisnis Manajemen,DRAFT,2026,0aaef396-1c07-41cf-b236-7f2f7aa2f6cf,2756,0,ON_PROCESS,Tidak,K34,BALAI PELATIHAN VOKASI DAN PRODUKTIVITAS BANYUWANGI,DL.4057.SCO.003.052.0A.521211,APBN,01KZQK6TB0JAMQVKGAD44H8Q2N,55120000,66371943,1,01JE5AQH3WV1RNVK9JKD5R3VHN,051102,2520072,2026-08-12T00:00:00Z,"Peningkatan Penyelenggaraan Pelatihan Vokasi dan Pemagangan Binalavotas, ",efbb911a-59d7-54a0-816c-d0c9fbaa93e6.pLwvumD1C6LPE7MC.ZUcGduCbE_jsfuGE1HW6Wul4xKfKjrEwAc3mqsCei0k
Belanja Bahan Teknisi Reguler,COMPLETED,2026,"fab17c70-af5c-4f92-9ffe-335cb0e2ca98, 97632e19-99f3-4809-9dc8-dfa4c6f00474, b2eff875-5dc0-4610-b7d8-711963feaac3, 7936dfe4-e689-442b-ba6a-9eef82ced981, 254ef68a-423a-4caa-b5bc-dff17099c9eb, f4fe7ba6-db4e-49e7-bd27-6d166cccc0d5, aa6a2d62-37ee-4679-8215-39df4421b64c, 8f98a452-89ae-445c-ab8a-8afc866df28b, 928808ea-2070-42fc-b6f9-5e957cf1dade, 6d1ebd80-4341-46e8-8b4e-dff6a2f47fea, 23cfc80e-9cc8-4519-b6b0-0a69c8fe1066, da5d815b-02ce-451d-a0d3-f1bca3521587, cd471681-8a41-4db6-81c8-888849074031, c8c3ef78-1c0c-430c-b076-3d36dae219fc, 054461b3-7c95-45a3-afe4-03a7198cd27c, 392ef203-cc42-4684-a51e-802006b1038e, 16c93edc-77c5-4fb3-a25e-294953323381, 8296a224-8bcc-4599-8493-77532628bece, b74c3753-13dc-40c8-a7a9-2bff471b583e, 6c587917-ef82-49ac-bd75-ccf466797164, 32f6e9f8-5abd-4e2d-a2e7-fcf9c1c7dea3, b9c36eb3-7a6c-4cfa-8631-9595d11251cb, c712becd-83f8-4984-8ada-99227c70203f, f2c99ee3-25b5-4a3e-b059-21733781a238, 0eac604b-4f97-4856-80d7-26271724b9ee, 3e30d850-41a6-49ab-b3e4-42a338ae7676, 36888866-22eb-48cf-aaf6-425ff95a9564, 79f26e21-4997-42ba-bced-317b4dfd642d, 33c13189-34b3-4927-9c2d-06f2fe76ca95, 955cbb92-9b69-4baf-aedd-48af01afd875, 41a1f02d-58b1-4142-bbdc-d82984fad2d6, 83f57f9d-5d71-4945-936a-71cfe57891d2, 0e0ea372-9f8e-4126-ad19-0d43f61bed47, 97c3d480-f0e7-4c8e-8291-b2880622195e, ad42b94b-939e-4941-9ff0-9316f7751bb3, e21a1b41-3355-4f5a-b5cb-a67091bab8d8, 0ab91550-3769-4d13-8c8c-251a23391b4c, a28649a7-b2bd-4859-878a-62d9b11f89fd, ad348fdb-ce58-4e76-ae37-94410a49f1a1, a0a63f17-a7ed-4649-80f2-f9004cd0c537, 34600fe1-9735-493c-a94e-4ef95f92f031, eb7fbeec-962a-4151-b508-72c1e0916df9, 5b180032-56cf-4a95-b4ad-b33c4eeda251, 76a0766c-3528-49dd-8f0c-64456c86405d, 3854903e-e6d8-407e-8f8b-7e986d6f6307, cb801dac-ef37-449a-a04a-3f1000dd10f8, ccfec9cb-f273-4095-b4da-12f166797bff, fa753b47-c24e-461f-91bb-0f272026e0c4, 6c2e1459-de37-4029-96a1-80cb707b5eac",1146,0,COMPLETED,Tidak,K34,BALAI BESAR PELATIHAN VOKASI DAN PRODUKTIVITAS SEMARANG,DL.4057.SCO.005.054.0A.521211,APBN,01KN46Q2TD12WC22KFG36JASCZ,34355721,66186105,49,01JYDESZTP0YA22FBCZT8CDSRE,452609,0,2026-04-01T00:00:00Z,"Peningkatan Penyelenggaraan Pelatihan Vokasi dan Pemagangan Binalavotas, ",efbb911a-59d7-54a0-816c-d0c9fbaa93e6.pLwvumD1C6LPE7MC.ZUcGduCbE_jsfuGE1HW6Wul4xKfKjrEwAc3mqsCei0k
Perlaksanaan Sertifikasi Lulusan Pelatihan (RM),SHIPPING,2026,"d7b8fc6b-78ac-402b-a7a2-07cb0bade530, 089f1dde-f975-4e1f-a95c-a2817e9909da, e86c7707-c332-457f-b958-196f221d748d, 824dbebe-801c-4865-812f-f95d3960933f, d6b9a601-a524-439d-ad07-ad0e037a14d4, 78a69411-3807-4090-a4c9-b04e2e3cc307, c7b25bc5-d476-4b12-a026-f1663def479d, cd30fdc0-c773-4e21-aec9-a73dbac7eec0, 5bcf1abd-c6b4-43dd-855b-1921b6381e60, b58faa14-2223-41a7-9f53-3cc907c86b48, 8a4b90ba-5b3c-4433-b8e7-17d0f29c2ab4, 5a6c1396-0378-4a2b-8c6a-d1d4cafa4321, 54108dfd-f810-4ab6-9b96-bca7c686de03, 52001b3d-7ae2-49c0-9c1e-acd5707042a7, b8afa28e-e593-405c-b9ac-b64d6b800e64, 1d2dd78a-9019-4833-aad8-d917c900ee82, 407d912c-093e-4d3a-8a25-55dd022e2bd0, b1292f67-e7fc-4366-b6e7-f409c44e065b, 9bda46bd-fd04-4707-8242-de0dc5fbc8c6, 1d58f3f4-208a-478e-8597-1c9f6df7422d, d5fa94ea-16b2-4bb6-9447-f8e4e3682e65, 4d58025f-3bc4-4185-a4b0-a9ebaf849898, 5de49978-41ed-4f20-9cae-db68d154e7c2, ab9d73f2-1513-469f-aa2a-8ae49227a5a0, 147ac200-f8b3-4e93-997b-29bafcbfa952, bd10dcf4-4777-46f6-8fc4-2dc2c41598d7, 9a86967f-8d36-47ec-a9ff-3f060a05ea81, c46e2679-1a89-40ae-acf3-37ebd4ab1d57, 053590e3-a9ee-4c04-93b2-5c93b2437143, 29a39217-da0b-4a77-9eca-3b08c564b7f9",52,0,ON_PROCESS,Tidak,K34,BALAI PELATIHAN VOKASI DAN PRODUKTIVITAS SURAKARTA,"DL.4053.PDI.002.051.0B.521211, DL.4053.PDI.002.051.0B.521213, DL.4053.PDI.002.051.0B.522151, DL.4053.PDI.002.051.0B.524111",APBN,01KZAMCYB18AHRE1GQ8ACQQ6AQ,174647400,62074382,30,01JSE0MBBW03ZH0MJE0MXGHB35,035636,0,2026-08-06T00:00:00Z,"Pengembangan Sistem dan Pelaksanaan Sertifikasi Kompetensi Profesi Binalavotas, ",efbb911a-59d7-54a0-816c-d0c9fbaa93e6.pLwvumD1C6LPE7MC.ZUcGduCbE_jsfuGE1HW6Wul4xKfKjrEwAc3mqsCei0k
Tailor Made Training,COMPLETED,2026,38f23c70-1bf1-4e04-bda8-46c8d1f34042,1092,0,ON_PROCESS,Tidak,K34,BALAI PELATIHAN VOKASI DAN PRODUKTIVITAS SURAKARTA,"DL.4057.SCO.003.053.0A.521211, DL.4057.SCO.003.053.0A.521219, DL.4057.SCO.003.053.0A.524111, DL.4057.SCO.003.053.0A.526312, DL.4057.SCO.003.053.0B.521211, DL.4057.SCO.003.053.0B.521219, DL.4057.SCO.003.053.0B.524111, DL.4057.SCO.003.053.0B.526312, DL.4057.SCO.003.053.0C.521211, DL.4057.SCO.003.053.0C.521219, DL.4057.SCO.003.053.0C.524111, DL.4057.SCO.003.053.0C.526312, DL.4057.SCO.003.053.0D.521211, DL.4057.SCO.003.053.0D.521219, DL.4057.SCO.003.053.0D.524111, DL.4057.SCO.003.053.0D.526312, DL.4057.SCO.003.053.0E.521211, DL.4057.SCO.003.053.0E.522191, DL.4057.SCO.003.053.0E.524111, DL.4057.SCO.003.053.0F.521211, DL.4057.SCO.003.053.0G.524111",APBN,01KV5H94DYAXYHP9H3MWVQDT5W,163800000,62084505,1,01JSN1S823K085TJEN4EBNBZBE,035636,0,2026-06-17T00:00:00Z,"Peningkatan Penyelenggaraan Pelatihan Vokasi dan Pemagangan Binalavotas, ",efbb911a-59d7-54a0-816c-d0c9fbaa93e6.pLwvumD1C6LPE7MC.ZUcGduCbE_jsfuGE1HW6Wul4xKfKjrEwAc3mqsCei0k
Belanja Bahan Pelaksanaan Sertifikasi Lulusan Pelatihan Vokasi (PNP),COMPLETED,2026,"3ebb8cba-73fe-4fc9-a65f-7dd5fb7f561a, 95caf173-eaab-4689-902a-1a1656934cc3, e0afdbc5-efff-4570-abf9-178468247a64, f2ca3fca-2237-4895-be39-e59424154c55, f3accf16-7749-4f5e-8834-04d437557b7e, 65a9c053-bed6-4a02-94b4-c30b2be3c9d7",23,155400,COMPLETED,Tidak,K34,BALAI BESAR PELATIHAN VOKASI DAN PRODUKTIVITAS SEMARANG,DL.4053.PDI.002.051.0A.521211,APBN,01KRG1JYAXM6S2EDMD0R7PY7TZ,1285380,66185662,6,01JCF5TRQVKW157PX3JC6JFJ1Y,452609,2705108,2026-05-13T00:00:00Z,"Pengembangan Sistem dan Pelaksanaan Sertifikasi Kompetensi Profesi Binalavotas, ",efbb911a-59d7-54a0-816c-d0c9fbaa93e6.pLwvumD1C6LPE7MC.ZUcGduCbE_jsfuGE1HW6Wul4xKfKjrEwAc3mqsCei0k
Jasa Event Organizer dan Multimedia,DRAFT,2026,1b7ed1d7-6e1c-4c47-82f1-20ed3af33866,1,,CANCELLED_ON_NEGOTIATION,Tidak,K34,DITJEN. PEMBINAAN HUBUNGAN INDUSTRIAL DAN JAMINAN SOSIAL TENAGA KERJA,DN.5586.BDC.002.056.0C.522191,APBN,01KKJGMKS1QNR5RQ89JVRW2EFV,3330000,66263354,1,01JHHE3CRNHK3NZG76G3T65V71,451270,83587619009,,"Peningkatan Penerapan Jaminan Sosial Tenaga Kerja dan Fasilitasi Kesejahteraan Pekerja, ",efbb911a-59d7-54a0-816c-d0c9fbaa93e6.pLwvumD1C6LPE7MC.ZUcGduCbE_jsfuGE1HW6Wul4xKfKjrEwAc3mqsCei0k
ATK Pelaksanaan Sertifikasi Lulusan Pelatihan_Tahap_Persiapan_RM,DELIVERED,2026,"085cbc0f-09b1-4f15-a6fb-f688c8eef479, 2bde94f4-5055-408a-ac76-3d874c89037b, 0d0c7e4d-fe65-4ad5-a7e7-6469cbcb1bb4, 034a6395-61c0-445e-94a9-2306325e0706",3264,0,ON_PROCESS,Tidak,K34,BALAI PELATIHAN VOKASI DAN PRODUKTIVITAS BANDUNG BARAT,DL.4053.PDI.002.051.0D.521211,APBN,01KZMRQDQZ3E21NQEXT545CCJ4,34328304,62821593,4,01K4KPY4M8QYQN7JM5NSSV6N33,021212,0,2026-08-10T00:00:00Z,"Pengembangan Sistem dan Pelaksanaan Sertifikasi Kompetensi Profesi Binalavotas, ",efbb911a-59d7-54a0-816c-d0c9fbaa93e6.pLwvumD1C6LPE7MC.ZUcGduCbE_jsfuGE1HW6Wul4xKfKjrEwAc3mqsCei0k
Belanja Bahan Pelaksanaan Sertifikasi Lulusan Pelatihan ,COMPLETED,2026,"0ad3557d-ce12-4935-8282-a88247e936e3, 847a78e8-7102-44fa-a995-62ee95ee1548, f95b715c-5814-43e3-8f09-1e04440a57bb, 0dbaf4d8-fc28-49d6-9afc-4353627106ec, e2c11431-ebf1-4fdc-a1a7-ffb397dd2b1c",18,0,COMPLETED,Tidak,K34,BALAI BESAR PELATIHAN VOKASI DAN PRODUKTIVITAS SEMARANG,DL.4053.PDI.002.051.0B.521211,APBN,01KVY9AHQ1B725MXW3MECWHS35,1854810,62801553,5,01J81QPN27R0FDVY86ZEFZ77TW,452609,2502042,2026-06-25T00:00:00Z,"Pengembangan Sistem dan Pelaksanaan Sertifikasi Kompetensi Profesi Binalavotas, ",efbb911a-59d7-54a0-816c-d0c9fbaa93e6.pLwvumD1C6LPE7MC.ZUcGduCbE_jsfuGE1HW6Wul4xKfKjrEwAc3mqsCei0k
Pengadaan Bahan Sertifikasi Lulusan (231 Paket),COMPLETED,2026,"5c643366-7c38-44ac-8a11-7c79a78c5c25, affd4aef-b789-4c59-ae75-5d28850c5d3b, c5ff5a09-56de-483a-8766-810609484e9f, ff40626e-3afd-413d-8487-5f811afa97be, 84aaa0f3-6616-4740-ba74-daf75cbb775e, 65d69b15-8c55-4d3a-93c5-e002ecafe1bf, 6b2a3c26-030d-4874-ad02-c0f1b5d0c5a1, 4ae154c3-8983-404e-a324-1cdfa469b057, 733d47f2-dbda-4320-ae0d-c3540623ff8d, ffc29464-de70-44a1-8ad0-e8f608c1206d",79,0,COMPLETED,Tidak,K34,BALAI BESAR PELATIHAN VOKASI DAN PRODUKTIVITAS SERANG,"DL.4053.PDI.002.051.0A.521211, DL.4053.PDI.002.051.0B.521211, DL.4053.PDI.003.051.0A.521211",APBN,01KVS8BAHWEAB4JGD22MT8RG35,8808960,63091859,10,01JPHT8R3TKWRTQ8663M9DRT2Q,426531,43475011,2026-06-25T00:00:00Z,"Pengembangan Sistem dan Pelaksanaan Sertifikasi Kompetensi Profesi Binalavotas, ",efbb911a-59d7-54a0-816c-d0c9fbaa93e6.pLwvumD1C6LPE7MC.ZUcGduCbE_jsfuGE1HW6Wul4xKfKjrEwAc3mqsCei0k
Belanja Bahan TMT Klaster,COMPLETED,2026,"b700f7d9-a733-4cd4-9ae8-c786e34edfcc, d3f18d45-f4e9-4608-9044-6cfb0b46d45b, 353f7119-d1bf-46e8-a431-57ecdb733dce, d24af90a-ef79-4bda-ae8b-d2abe9abd257, b0085936-1f2e-41e8-9d1b-7f9b759cc2e1, 5ee15946-8e8a-4c78-ba3d-b5d5489391da, 71557448-e109-4ec3-874d-917306317b70, 9d63a329-fb0f-4952-a927-32ca85354219, eb7fbeec-962a-4151-b508-72c1e0916df9, 6345853a-8cdb-47c2-80ca-f4ec52873e2e, db22f34d-6b6c-451c-a5c6-5184e0bb3132, fa10a8a1-cd44-4277-86ea-86ef2659ba0e, 622efa8f-316d-4917-a20f-80f7212d3f7c, 8e44302b-b195-4fd3-ad09-ae7979d5dcd2",4020,371850,COMPLETED,Tidak,K34,BALAI BESAR PELATIHAN VOKASI DAN PRODUKTIVITAS SEMARANG,DL.4057.SCO.003.053.0A.521211,APBN,01KKTR0NFWREBKNBF7E2KXY7S6,26179350,66185950,14,01JYDESZTP0YA22FBCZT8CDSRE,452609,0,2026-03-16T00:00:00Z,"Peningkatan Penyelenggaraan Pelatihan Vokasi dan Pemagangan Binalavotas, ",efbb911a-59d7-54a0-816c-d0c9fbaa93e6.pLwvumD1C6LPE7MC.ZUcGduCbE_jsfuGE1HW6Wul4xKfKjrEwAc3mqsCei0k
Pengadaan Bahan Pelatihan Vokasi UPTP RM (60 Paket),COMPLETED,2026,"99e7b1cf-81fb-4c4f-aaf4-ffae81e164c8, 32ffde59-b271-4ce4-b856-7223e2f69f7d, cc8205a3-d412-4447-b642-e6743c27ed78, 9b9a1d83-6600-46dc-9a48-4866600e5f83, 53755572-2d15-4cbf-9642-54bd2964a144, f0de29d8-9f98-4aff-b939-3fd4e4afb34d, cbb54a86-e21e-4051-914e-026ec69f6c38, 8ee2e3eb-6ac8-4c51-9501-9511d6d4b776, 66d91bfb-5c45-425a-b19a-94089ab8628d, 009b6061-4b98-436f-9a16-d6198775c051, db06b6b0-0cc9-44dc-abaa-9016b553e7fb, 84aad9b8-a6c9-492c-bf94-2c185a7b9468, 42b56a56-26e0-4b45-9931-c59b7290f495, 8a825587-86d0-4358-9ad1-90ce588dca11, a2670bb0-12ba-47d6-953d-356588b8ae4f, 50042d34-5535-4b03-b60c-a7af4d032cd2, bc22e2b1-a9e1-4edb-a5c4-429b633afec5, 43a68109-eb5f-4819-97cf-36a5d6c1f25c",113,0,COMPLETED,Tidak,K34,BALAI BESAR PELATIHAN VOKASI DAN PRODUKTIVITAS SERANG,"DL.4057.SCO.003.051.0B.521211, DL.4057.SCO.003.052.0A.521211, DL.4057.SCO.003.052.0C.521211",APBN,01KX2GENS4PF96P92N8A6ASJ27,17914290,66342568,22,01JZSP8YSK8DC78JVR8CZQCQ1H,426531,0,2026-07-14T00:00:00Z,"Peningkatan Penyelenggaraan Pelatihan Vokasi dan Pemagangan Binalavotas, ",efbb911a-59d7-54a0-816c-d0c9fbaa93e6.pLwvumD1C6LPE7MC.ZUcGduCbE_jsfuGE1HW6Wul4xKfKjrEwAc3mqsCei0k
Bahan Pelatihan Tailor Made Training 40 JP,COMPLETED,2026,447a345b-05ad-41fa-99b5-fa53879ce476,2,299700,COMPLETED,Tidak,K34,BALAI PELATIHAN VOKASI DAN PRODUKTIVITAS SIDOARJO,DL.4057.SCO.003.053.0B.521211,APBN,01KMQFKVM51SQETNKH2992TH89,12842700,66474105,1,01JAYK7BA0MEZ4014EFKCTSSY8,050302,759449,2026-03-30T00:00:00Z,"Peningkatan Penyelenggaraan Pelatihan Vokasi dan Pemagangan Binalavotas, ",efbb911a-59d7-54a0-816c-d0c9fbaa93e6.pLwvumD1C6LPE7MC.ZUcGduCbE_jsfuGE1HW6Wul4xKfKjrEwAc3mqsCei0k
Belanja Bahan Pelatihan Teknisi Reguler,DRAFT,2026,44ffcca1-045b-45e8-9c6a-e0bbafb0a26c,1744,0,ON_PROCESS,Tidak,K34,BALAI BESAR PELATIHAN VOKASI DAN PRODUKTIVITAS SEMARANG,DL.4057.SCO.003.054.0A.521211,APBN,01KN3K5W4MN7YE66S9HQQ7T7GJ,34444000,66185971,1,01JD1DPS3DQ3D3DJDAWYB2WY5Z,452609,306766009,2026-04-01T00:00:00Z,"Peningkatan Penyelenggaraan Pelatihan Vokasi dan Pemagangan Binalavotas, ",efbb911a-59d7-54a0-816c-d0c9fbaa93e6.pLwvumD1C6LPE7MC.ZUcGduCbE_jsfuGE1HW6Wul4xKfKjrEwAc3mqsCei0k
"Fullboard Moderator, Panitia Penyelenggara dan Peserta",DRAFT,2026,d356a8d2-ec68-4821-939d-78a0e166a785,92,,CANCELLED_ON_REVIEW,Tidak,K34,DITJEN. PEMBINAAN HUBUNGAN INDUSTRIAL DAN JAMINAN SOSIAL TENAGA KERJA,DN.6587.AEG.001.051.0D.524119,APBN,01KTK6ZVGR735BJEH7EN6WPVEH,82800000,66135360,1,01JHEXX9RWN12MPZSGQYS2CE1Z,451270,2393192,,"Peningkatan Pembinaan Hubungan Kerja dan Penerapan Pengupahan, ",efbb911a-59d7-54a0-816c-d0c9fbaa93e6.pLwvumD1C6LPE7MC.ZUcGduCbE_jsfuGE1HW6Wul4xKfKjrEwAc3mqsCei0k
ATK Pelaksanaan Sertifikasi Lulusan Pelatihan,COMPLETED,2026,"2bde94f4-5055-408a-ac76-3d874c89037b, 085cbc0f-09b1-4f15-a6fb-f688c8eef479, 0d0c7e4d-fe65-4ad5-a7e7-6469cbcb1bb4, 034a6395-61c0-445e-94a9-2306325e0706",2944,0,PAYMENT_OUTSIDE_SYSTEM,Tidak,K34,BALAI PELATIHAN VOKASI DAN PRODUKTIVITAS BANDUNG BARAT,DL.4053.PDI.002.051.0A.521211,APBN,01KXMWP7QWRJ1TCQ5HGT91Y20G,30962784,67364076,4,01K4KPY4M8QYQN7JM5NSSV6N33,021212,0,2026-07-17T00:00:00Z,"Pengembangan Sistem dan Pelaksanaan Sertifikasi Kompetensi Profesi Binalavotas, ",efbb911a-59d7-54a0-816c-d0c9fbaa93e6.pLwvumD1C6LPE7MC.ZUcGduCbE_jsfuGE1HW6Wul4xKfKjrEwAc3mqsCei0k
"Pengadaan Pakaian Kerja PBK, PBL Batch 2 dan TMT Non Batch",COMPLETED,2026,66a72c39-6cb8-4ed0-b44e-ffb5a0da4446,160,0,ON_PROCESS,Ya,K34,BALAI PELATIHAN VOKASI DAN PRODUKTIVITAS BELITUNG,"DL.4057.SCO.003.051.0B.521211, DL.4057.SCO.003.053.0A.521211, DL.4057.SCO.003.053.0B.521211, DL.4057.SCO.005.052.0A.521211",APBN,01KTK21J6238TYKMK2STXQAA8Y,16240000,67255487,4,01JRCVWBMZNHMB48YC47DNM5H5,352631,53265009,2026-06-08T00:00:00Z,"Peningkatan Penyelenggaraan Pelatihan Vokasi dan Pemagangan Binalavotas, ",efbb911a-59d7-54a0-816c-d0c9fbaa93e6.pLwvumD1C6LPE7MC.ZUcGduCbE_jsfuGE1HW6Wul4xKfKjrEwAc3mqsCei0k
Pengadaan Jasa Konsultansi ISO sistem Manajemen Mutu 9001:2015 - Layanan Sertifikasi ISO 9001:2015,DRAFT,2026,2119aaf7-034e-42dd-b4b2-820cab52c6a3,1,0,ON_PROCESS,Tidak,K34,DIREKTORAT BINA KELEMBAGAAN PELATIHAN VOKASI,DL.4056.PDE.001.061.0B.522131,APBN,01KZ2Z4AFX90Z135VWT0T560P5,29526000,65117392,1,01JP6SCHW4M4KK73AZN25T7GSS,626131,2283119,2026-08-04T00:00:00Z,"Peningkatan Kualitas dan Kapasitas Kelembagaan Pelatihan Vokasi dan Produktivitas Binalavotas, ",efbb911a-59d7-54a0-816c-d0c9fbaa93e6.pLwvumD1C6LPE7MC.ZUcGduCbE_jsfuGE1HW6Wul4xKfKjrEwAc3mqsCei0k
Belanja Bahan Pelaksanaan Sertifikasi Lulusan Pelatihan ,COMPLETED,2026,"4ff1dcfe-5387-4638-a0f5-b976f8c213bb, b2ab6f13-1a1a-4515-99fc-81c464f304b5",40066,0,COMPLETED,Tidak,K34,BALAI BESAR PELATIHAN VOKASI DAN PRODUKTIVITAS SEMARANG,DL.4053.PDI.002.051.0B.521211,APBN,01KQEBDGRK3GQ4SFXM6TSM4YWB,18610926,62801553,2,01JECVJTV2F83YZ3N92P8EB0C0,452609,4035029,2026-04-30T00:00:00Z,"Pengembangan Sistem dan Pelaksanaan Sertifikasi Kompetensi Profesi Binalavotas, ",efbb911a-59d7-54a0-816c-d0c9fbaa93e6.pLwvumD1C6LPE7MC.ZUcGduCbE_jsfuGE1HW6Wul4xKfKjrEwAc3mqsCei0k
Honorarium Tenaga Alih Daya Biro Humas,DRAFT,2026,"f11b0779-0e16-4c3f-845c-53b26a782b7d, 64503e5f-b31c-4789-8734-3c4a57f531ee",120,0,ON_PROCESS,Tidak,K34,SEKRETARIAT JENDERAL KEMNAKER,WA.2163.EBA.958.051.0D.522191,APBN,01KG1YR6W3SEV2CFTXHM4QWVWT,919832280,63607998,2,01JH09RBP00Z8CEV82EEMR6N7Q,450938,1100130,2026-01-28T00:00:00Z,"Peningkatan dan Pengelolaan Hubungan Masyarakat, ",efbb911a-59d7-54a0-816c-d0c9fbaa93e6.pLwvumD1C6LPE7MC.ZUcGduCbE_jsfuGE1HW6Wul4xKfKjrEwAc3mqsCei0k
Perlengkapan Persuratan dan Kearsipan ,COMPLETED,2026,"47a0c36c-355c-4549-8ae2-0e8dcb80a303, 986372fb-ba48-48ab-b89a-7de089e24f89, 3698391d-1e08-4cc9-bed1-2b79b1334510",1300,0,COMPLETED,Tidak,K34,DITJEN PEMBINAAN PENEMPATAN TENAGA KERJA DAN PERLUASAN KESEMPATAN KERJA,WA.6621.EBA.994.002.0B.521111,APBN,01KYRGMKMY61D3BHG5YDTHJHM5,17571300,66212426,3,01J8KYXPXAGC5QMWWT748704NE,451139,281425009,2026-07-30T00:00:00Z,"Dukungan Manajemen Ditjen Pembinaan Penempatan Tenaga Kerja dan Perluasan Kesempatan Kerja, ",efbb911a-59d7-54a0-816c-d0c9fbaa93e6.pLwvumD1C6LPE7MC.ZUcGduCbE_jsfuGE1HW6Wul4xKfKjrEwAc3mqsCei0k
Paket Meeting Fullboard Dialog Penanganan (Dalam Kota),COMPLETED,2026,50764be1-9eec-4821-859f-e589dc639d23,182,0,COMPLETED,Tidak,K34,DITJEN PHI DAN JAMSOS,DN.2181.BDC.001.051.0C.524114,APBN,01KR2S4M6F8X07BVTS3J9TH6SA,182000000,65857294,1,01JV9MFT7BV8763M6KDMF07R1N,451310,0,2026-05-08T00:00:00Z,"Penyelesaian Perselisihan Hubungan Industrial, ",efbb911a-59d7-54a0-816c-d0c9fbaa93e6.pLwvumD1C6LPE7MC.ZUcGduCbE_jsfuGE1HW6Wul4xKfKjrEwAc3mqsCei0k
Penambahan Kapasitas Langganan Layanan Bandwidth Rumah Dinas Pimpinan 3,DRAFT,2026,de1e4ba2-7738-4a04-b095-748848899986,20,0,ON_PROCESS,Tidak,K34,BADAN PERENCANAAN DAN PENGEMBANGAN KETENAGAKERJAAN,WA.6624.EBA.994.002.BC.522119,APBN,01KJXYQPB822GW68HQ67S6WHXE,21223200,62540496,1,01J7073CEET2NWM8MBT7ZHZHRR,452677,0,2026-03-09T00:00:00Z,"Dukungan Manajemen Badan Perencanaan dan Pengembangan Ketenagakerjaan, ",efbb911a-59d7-54a0-816c-d0c9fbaa93e6.pLwvumD1C6LPE7MC.ZUcGduCbE_jsfuGE1HW6Wul4xKfKjrEwAc3mqsCei0k
Alih daya Petugas Keamanan dan Pengemudi Jawa Barat,DRAFT,2026,385ffe41-116f-423d-a7b6-cccd38d36ea4,11,0,ON_PROCESS,Tidak,K34,BALAI PELATIHAN VOKASI DAN PRODUKTIVITAS BANDUNG BARAT,WA.6988.EBA.994.002.0B.522191,APBN,01KFA6WK1N8SQXGKAJEXC4B9JP,649391424,62723387,1,01JBTNM96DZ58HAN6KTY6K1RXJ,021212,0,2026-01-19T00:00:00Z,"Dukungan Manajemen Direktorat Jenderal Pembinaan Pelatihan Vokasi dan Produktivitas, ",efbb911a-59d7-54a0-816c-d0c9fbaa93e6.pLwvumD1C6LPE7MC.ZUcGduCbE_jsfuGE1HW6Wul4xKfKjrEwAc3mqsCei0k
Pakaian Kerja Project Based Learning,COMPLETED,2026,0de49d34-ebbf-42c0-8214-7818ddae0814,480,0,PAYMENT_OUTSIDE_SYSTEM,Tidak,K34,BALAI BESAR PELATIHAN VOKASI DAN PRODUKTIVITAS BANDUNG,DL.4057.SCO.003.051.0B.521211,APBN,01KK120BPJ5012S1V22BC8NDDW,71757504,63629896,1,01JJ60PW5XQT9D735C4V5K2XBN,452542,10244014,2026-03-06T00:00:00Z,"Peningkatan Penyelenggaraan Pelatihan Vokasi dan Pemagangan Binalavotas, ",efbb911a-59d7-54a0-816c-d0c9fbaa93e6.pLwvumD1C6LPE7MC.ZUcGduCbE_jsfuGE1HW6Wul4xKfKjrEwAc3mqsCei0k
Paket Meeting Fullboard - Penguatan Teknik PPHI BUMN (Luar Kota),COMPLETED,2026,3b17ad6f-6b74-43db-8626-5f7e5cc8c401,182,0,COMPLETED,Tidak,K34,DITJEN PHI DAN JAMSOS,DN.2181.BDC.001.051.0A.524119,APBN,01KTBDPQY1T0H6TFNQDN198J8N,147420000,65241381,1,01JN3XE14CSPVJXTX6A309851M,451310,3000037,2026-06-05T00:00:00Z,"Penyelesaian Perselisihan Hubungan Industrial, ",efbb911a-59d7-54a0-816c-d0c9fbaa93e6.pLwvumD1C6LPE7MC.ZUcGduCbE_jsfuGE1HW6Wul4xKfKjrEwAc3mqsCei0k
(TU Sekjen) Belanja Barang Persediaan Barang Konsumsi,COMPLETED,2026,"4672422b-8ccc-4dff-b64e-94addd82c24e, f8e51968-e466-45de-ae0c-d5d42939d8ff, c91e58d8-e78a-42f5-b6de-158dc8e6aa6b, 09a3dfcf-a769-449f-a256-b5f58ae6d10a, 7e4de084-0dd1-43d3-91b3-ceec5bf94b22, ea11c769-3ba0-4fb0-8ca8-d0508eddefc1, 00582e4f-f84c-404f-8baa-15915e93864f, a56750d4-7774-41f8-8426-b08b63b2ec66, b72b48a4-4600-4f6c-99fd-4aa9eaec4c47, a03a6e90-29bc-4aa5-8062-dae9b03b7299, 67e679de-1a07-45f9-bbea-8221c53e1130, 0b880046-0c95-4861-b368-eb0cf02dc422, f1ef60b4-57a5-4ce7-addb-9a0ee094ca54, e316a531-3ab2-481b-bbb3-a2fc97b785e0, 517b8816-cba5-4555-96f5-87678c814331, 0716b543-b31c-4e7f-a032-f17d68f2ff7b, a9f7a6d5-260c-46d0-adbc-a54b523bd6a6, d9bbe1b8-14b0-4f05-ab92-5f50fd7c450f, 15d8a057-c370-4284-af6a-250672ddbeb4, a7cb7193-266e-4b37-af00-52c0e1fa8467, 7e09f534-a296-4870-bb47-d3d6b6b784fd, d9bc7a59-b813-4724-8154-14e6d6dad745, 52beb75f-196f-4c57-8c64-869f1d3799ac, 9720d2d7-3dd3-4fc5-8176-82fa22b6508b, 657aa478-6816-4c42-95ca-9944509fbf31, 0c2be0c4-c4a7-425f-bbc2-111e7991c7fa, 3146ff30-2f2c-4efa-81e0-96cc040c655e, f4988201-c858-4e88-b463-cb0214b65f07, 5c27ee5d-c2b7-4fff-8b09-becfa34d7422, 16460a6b-95c3-4269-bbe6-6c60e3789606, ebc9df18-7513-4e94-a8b9-44441b020b17, 64623c99-1ec3-477e-9b6c-2504e1814ebe, 37d51f6e-ecaa-419b-9725-911320005375, e03e2ccb-5c84-4304-9d88-d9be58c8778f, 55066d7f-c560-44c3-b601-5dce91a917ba, 280ddf5c-0011-46c2-bec6-2ecf8d5cafcc, f042298c-0970-4328-9b02-4adc3c4b02be, 7adb3474-0c78-4e9a-bb97-3c9b3188b988, 1c2b5248-bded-494a-8ec8-01db8de955d6, 493caf8f-ae4f-45c2-8289-787553d2ffd4, 77ee2364-b4a7-4823-9fe4-eb76007a3bdf, 760bc033-8020-4502-98c9-c953f10476f8, e8401f62-afc4-4f9f-b5b0-487e41878c2c, 7f8e5487-2421-475d-a972-946d95758376, 24970e7f-15bf-4316-b198-2b7d55215704, 7e9be662-f471-4c49-832e-76e7af446546",556,0,COMPLETED,Tidak,K34,SEKRETARIAT JENDERAL KEMNAKER,WA.2161.EBA.962.051.0H.521811,APBN,01KNP4R45DCB9M608GYW4HN12W,23706813,66399446,46,01KH416EKE7STZM150X5KYR8R5,450938,0,2026-04-13T00:00:00Z,"Peningkatan Pengelolaan Urusan Tata Usaha dan Pelayanan Umum, ",efbb911a-59d7-54a0-816c-d0c9fbaa93e6.pLwvumD1C6LPE7MC.ZUcGduCbE_jsfuGE1HW6Wul4xKfKjrEwAc3mqsCei0k
Belanja Bahan Pelatihan Vokasi Bidang Industri dan Jasa Reguler,COMPLETED,2026,0996ae06-e91c-42d0-b0fa-a4f3e4940536,128,0,COMPLETED,Tidak,K34,BALAI BESAR PELATIHAN VOKASI DAN PRODUKTIVITAS SEMARANG,DL.4057.SCO.003.052.0A.521211,APBN,01KFF53DGQ8MR1QE8GFY73PSM7,19180800,62804537,1,01JA9PQ0TDDYKB5K8QC1VDSWVA,452609,6064042,2026-01-21T00:00:00Z,"Peningkatan Penyelenggaraan Pelatihan Vokasi dan Pemagangan Binalavotas, ",efbb911a-59d7-54a0-816c-d0c9fbaa93e6.pLwvumD1C6LPE7MC.ZUcGduCbE_jsfuGE1HW6Wul4xKfKjrEwAc3mqsCei0k
Bahan pengujian,BUYER_CONFIRMED,2026,"9d53e0f3-2715-41df-86d9-db2b5fada7d6, e947b173-fef7-44c0-925f-0e18411962af, a2583098-7b45-4d8d-b6a7-8f459afa04eb, c66bd2fc-23a4-4972-844f-5f9f67ecdd98, 0785994a-19f8-4da0-9cee-45850a558c27, 9a02d356-bef9-4b74-8cfd-8ece99fa22db, 4838a85f-5c0e-4824-9318-442583682958, ea0be1e4-6674-4d9e-91d0-df433875c510, 5e760e20-82a0-46eb-b533-ac4c3106aaa5, dfe3ab75-e253-4437-af02-9be5ef463517, b73bd248-0353-4d47-8e7e-ce221ba857b1, b467926d-010d-451f-bf61-9334a6de155e, 49a35919-a810-4393-9d69-daf23b8211f4, 1deb1801-40ed-47dc-8c63-5f89495ef362, 90df3bf6-f5e0-4773-a491-8016c6262a1f, ed8b1eb9-da5f-43c8-8557-9b7c58ea0157",196,0,ON_PROCESS,Tidak,K34,BALAI KESELAMATAN DAN KESEHATAN KERJA BANDUNG,DN.6592.QAC.001.051.0E.521811,APBN,01KVS9DHWBWS0Y72T97195NGBH,59086410,63147453,18,01JS0WWFG29332ZYAQX35TDJGZ,350079,63774009,2026-06-23T00:00:00Z,"Pengujian Keselamatan dan Kesehatan Kerja, ",efbb911a-59d7-54a0-816c-d0c9fbaa93e6.pLwvumD1C6LPE7MC.ZUcGduCbE_jsfuGE1HW6Wul4xKfKjrEwAc3mqsCei0k
Bahan Pelatihan Tailor Made Training 160 JP A,COMPLETED,2026,58fe6d36-662a-48eb-a5f0-47328ecf9bdb,2,0,COMPLETED,Tidak,K34,BALAI PELATIHAN VOKASI DAN PRODUKTIVITAS SIDOARJO,DL.4057.SCO.003.053.0A.521211,APBN,01KMYRM3X3RF0RJAZKS6BABT75,33371040,66473604,1,01JGD7AZK8S8APTXD8DR9RABJX,050302,1483116,2026-03-30T00:00:00Z,"Peningkatan Penyelenggaraan Pelatihan Vokasi dan Pemagangan Binalavotas, ",efbb911a-59d7-54a0-816c-d0c9fbaa93e6.mjJd6MuYzYL1lJk9.y9CTvN_vFTSenVhUc4WpY2W0RWeQ08FthnSh9mstkTo
HONORARIUM ALIH DAYA DAN OUTSOURCHING,DRAFT,2026,"fd6f96d9-d3ee-4419-9fb1-d2411c0515cf, ac937d68-db19-4eba-a8ef-653fa2a2ea64, eaec4b00-f7aa-4797-968d-09139b2cba21",288,,CANCELLED_ON_NEGOTIATION,Tidak,K34,BALAI BESAR PELATIHAN VOKASI DAN PRODUKTIVITAS SEMARANG,WA.6988.EBA.994.002.0G.522191,APBN,01KERRV9SJZRGP9RJTJPKE9HA4,1589964000,62758568,3,01JCQMVJQY39BT06VAWRSZM5RX,452609,9203042,,"Dukungan Manajemen Direktorat Jenderal Pembinaan Pelatihan Vokasi dan Produktivitas, ",efbb911a-59d7-54a0-816c-d0c9fbaa93e6.mjJd6MuYzYL1lJk9.y9CTvN_vFTSenVhUc4WpY2W0RWeQ08FthnSh9mstkTo
Belanja Bahan Pelaksanaan Sertifikasi Lulusan Pelatihan Vokasi (PNP),COMPLETED,2026,"e2c11431-ebf1-4fdc-a1a7-ffb397dd2b1c, 847a78e8-7102-44fa-a995-62ee95ee1548, 0ad3557d-ce12-4935-8282-a88247e936e3, f95b715c-5814-43e3-8f09-1e04440a57bb, 0dbaf4d8-fc28-49d6-9afc-4353627106ec",6,133200,COMPLETED,Tidak,K34,BALAI BESAR PELATIHAN VOKASI DAN PRODUKTIVITAS SEMARANG,DL.4053.PDI.002.051.0A.521211,APBN,01KWBVZQ7EA2XDR164G477ZH95,755910,66185662,5,01J81QPN27R0FDVY86ZEFZ77TW,452609,2502042,2026-06-30T00:00:00Z,"Pengembangan Sistem dan Pelaksanaan Sertifikasi Kompetensi Profesi Binalavotas, ",efbb911a-59d7-54a0-816c-d0c9fbaa93e6.mjJd6MuYzYL1lJk9.y9CTvN_vFTSenVhUc4WpY2W0RWeQ08FthnSh9mstkTo
Sosialisasi Ketenagakerjaan di Media,DRAFT,2026,ef88ede7-8c58-4e5d-b370-a7abe5329c64,200,0,ON_PROCESS,Tidak,K34,SEKRETARIAT JENDERAL KEMNAKER,WA.2163.EBA.958.054.0A.522191,APBN,01KJPYZGT0ZE3WGH8R6PBYZ1WB,599999400,65135780,1,01JKEZVTDS9QBX7Q7Y0A95TCHH,450938,17682119,2026-03-02T00:00:00Z,"Peningkatan dan Pengelolaan Hubungan Masyarakat, ",efbb911a-59d7-54a0-816c-d0c9fbaa93e6.mjJd6MuYzYL1lJk9.y9CTvN_vFTSenVhUc4WpY2W0RWeQ08FthnSh9mstkTo
Belanja Bahan Pelaksanaan Sertifikasi Lulusan Pelatihan Vokasi (PNP),COMPLETED,2026,"940513ba-f440-4e85-9e10-04013260ae21, 006ec43f-176a-4281-b270-db584a041992, 51086016-fe05-4ef4-b63c-58881cc2b9ba, f4fdac51-3f0a-428c-b78b-ba172b9a2b56, b9b2f995-099f-441b-91d1-05ed134fa324, 08a02a59-6283-4c51-a400-0edf5957cae8, 2eb6b4b7-19d6-47a2-b658-c74302d9ee76, 3c487a36-fe8e-4fce-8e93-94a8771de82d, 2e1dccfc-4eb6-4482-a3d7-fb1599e3c69c",64,127650,COMPLETED,Tidak,K34,BALAI BESAR PELATIHAN VOKASI DAN PRODUKTIVITAS SEMARANG,DL.4053.PDI.002.051.0A.521211,APBN,01KN0YCFZV4C8A98X9DX24SYRH,3593070,66185662,9,01K2KX48KE5DQHRAJ0REG26EE5,452609,0,2026-03-31T00:00:00Z,"Pengembangan Sistem dan Pelaksanaan Sertifikasi Kompetensi Profesi Binalavotas, ",efbb911a-59d7-54a0-816c-d0c9fbaa93e6.mjJd6MuYzYL1lJk9.y9CTvN_vFTSenVhUc4WpY2W0RWeQ08FthnSh9mstkTo
Pengadaan Jasa Lainnya Tenaga Alih Daya Ditjen PHI dan Jamsos,DRAFT,2026,"cbe3d6b1-a593-4cc8-b50a-67de3e79ff3f, e816ecd8-dd8a-4e80-9447-5d34a132f790",18,0,ON_PROCESS,Tidak,K34,DITJEN. PEMBINAAN HUBUNGAN INDUSTRIAL DAN JAMINAN SOSIAL TENAGA KERJA,WA.6623.EBA.994.002.01.522191,APBN,01KFG7QS9MAY43F9YX57A29VK5,1675914000,63966201,2,01JB0W1YHSNPS4PMNKJVCPZAM2,451270,336190,2026-01-23T00:00:00Z,"Dukungan Manajemen Ditjen Pembinaan Hubungan Industrial dan Jaminan Sosial Tenaga Kerja, ",efbb911a-59d7-54a0-816c-d0c9fbaa93e6.mjJd6MuYzYL1lJk9.y9CTvN_vFTSenVhUc4WpY2W0RWeQ08FthnSh9mstkTo
Pengadaan Tenaga Alih Daya / Outsoursing sebanyak 28 orang Tahun 2026,DRAFT,2026,"e507cae6-86f4-42de-90d9-142195af3516, ca70fb56-9cf2-4519-b344-e8bc7cf7d80d",18,0,PAYMENT_OUTSIDE_SYSTEM,Tidak,K34,BALAI PELATIHAN VOKASI DAN PRODUKTIVITAS BANYUWANGI,WA.6988.EBA.994.002.OA.522191,APBN,01KJJC6TM57RGKF6GNCHX4ZEE6,73666962,62258236,2,01KFZP214CH6ERA5CXP2ET4DE6,051102,0,2026-03-01T00:00:00Z,"Dukungan Manajemen Direktorat Jenderal Pembinaan Pelatihan Vokasi dan Produktivitas, ",efbb911a-59d7-54a0-816c-d0c9fbaa93e6.mjJd6MuYzYL1lJk9.y9CTvN_vFTSenVhUc4WpY2W0RWeQ08FthnSh9mstkTo
Pelatihan Vokasi di Provinsi Jawa Timur UPT BLK Bondowoso,COMPLETED,2026,be6724a9-d132-48e6-a317-ab37a3211b84,48,0,COMPLETED,Tidak,K34,BALAI PELATIHAN VOKASI DAN PRODUKTIVITAS BANYUWANGI,DL.4057.SCO.013.071.OA.521211,APBN,01KWXB6QMMMB8AWY79SPVEGFZE,7192800,62259252,1,01JRFB3WWH4HWS6R0ZNGN3Z1XE,051102,40786011,2026-07-08T00:00:00Z,"Peningkatan Penyelenggaraan Pelatihan Vokasi dan Pemagangan Binalavotas, ",efbb911a-59d7-54a0-816c-d0c9fbaa93e6.mjJd6MuYzYL1lJk9.y9CTvN_vFTSenVhUc4WpY2W0RWeQ08FthnSh9mstkTo
Belanja Bahan Jejaring Kemitraan Penempatan Tenaga Kerja Dalam Negeri,COMPLETED,2026,94e0f647-69c8-4619-9f54-c187f4ee95e2,100,0,COMPLETED,Tidak,K34,DITJEN PEMBINAAN PENEMPATAN TENAGA KERJA DAN PERLUASAN KESEMPATAN KERJA,DN.2173.BDC.001.052.0A.521211,APBN,01KPPW1WKDPBCHRATZMR0MTY28,6327000,66966083,1,01K0H6A0GCEZ79CYP40PP930DE,451139,0,2026-04-21T00:00:00Z,"Penempatan Tenaga Kerja, ",efbb911a-59d7-54a0-816c-d0c9fbaa93e6.mjJd6MuYzYL1lJk9.y9CTvN_vFTSenVhUc4WpY2W0RWeQ08FthnSh9mstkTo
Perpanjangan Lisensi Perangkat Email Gateway - Fortimail (Fortinet),COMPLETED,2026,d54200e6-b1b1-4dea-b1ae-eca22b979cbe,1,0,COMPLETED,Ya,K34,BADAN PERENCANAAN DAN PENGEMBANGAN KETENAGAKERJAAN,WA.6624.EBA.994.002.BC.523199,APBN,01KHWF1Y3X22BQXCCCYQA4D8GT,615274783,65219156,1,01JD3S3N4VMX74VEJJPTCV41J4,452677,11292119,2026-02-20T00:00:00Z,"Dukungan Manajemen Badan Perencanaan dan Pengembangan Ketenagakerjaan, ",efbb911a-59d7-54a0-816c-d0c9fbaa93e6.mjJd6MuYzYL1lJk9.y9CTvN_vFTSenVhUc4WpY2W0RWeQ08FthnSh9mstkTo
Pengadaan Jasa Tenaga Alihdaya (Outsourcing) Petugas Kebersihan Gedung Vokasi Kemnaker RI,DRAFT,2026,335c56f2-e4b8-4ad0-b77d-e39bf28faaa8,22,0,ON_PROCESS,Tidak,K34,DITJEN PEMBINAAN PELATIHAN VOKASI DAN PRODUKTIVITAS,WA.6988.EBA.994.002.0G.522191,APBN,01KD78A0PEQW7KK9AZ301T33X8,2387954734,62342694,3,01JB0W1YHSNPS4PMNKJVCPZAM2,451026,336190,2025-12-30T00:00:00Z,"Dukungan Manajemen Direktorat Jenderal Pembinaan Pelatihan Vokasi dan Produktivitas, ",efbb911a-59d7-54a0-816c-d0c9fbaa93e6.mjJd6MuYzYL1lJk9.y9CTvN_vFTSenVhUc4WpY2W0RWeQ08FthnSh9mstkTo
Pelaksanaan Sertifikasi Lulusan Pelatihan (PNBP),DRAFT,2026,"c15f7b30-e44e-4f4d-bfe5-326c193eb763, 1b9a8e40-e6df-4186-9690-d876c5b7c401, c2497e52-0298-4a5d-89da-afcd6c9f302b, fe6e2518-a224-4b5a-8083-d67f36efbc45, e52a4096-77d0-408f-bd4c-17d365ac7157, da3d6dbc-51b1-4577-ad23-3a5adecaca00, 1393859e-ba23-45ec-b01b-7d1ddfc14230",6008,,CANCELLED_ON_NEGOTIATION,Tidak,K34,BALAI PELATIHAN VOKASI DAN PRODUKTIVITAS SURAKARTA,"DL.4053.PDI.002.051.0A.521211, DL.4053.PDI.002.051.0A.521213, DL.4053.PDI.002.051.0A.522151, DL.4053.PDI.002.051.0A.524111",APBN,01KMPSGJ69W7X45CKE45XXPS1Z,51855000,62074381,7,01JJ1ARRF06SG36TNKRH4DBQ0N,035636,266520009,,"Pengembangan Sistem dan Pelaksanaan Sertifikasi Kompetensi Profesi Binalavotas, ",efbb911a-59d7-54a0-816c-d0c9fbaa93e6.mjJd6MuYzYL1lJk9.y9CTvN_vFTSenVhUc4WpY2W0RWeQ08FthnSh9mstkTo
Fullboard Meeting - Persiapan Pelaksanaan Program Perluasan Kesempatan Kerja Bidang Tenaga Kerja Mandiri - Finalisasi Draft Juknis TKMP 2026,COMPLETED,2026,93ccf472-047f-4a63-b285-081db690dc9a,120,0,PAYMENT_OUTSIDE_SYSTEM,Tidak,K34,DIREKTORAT BINA PERLUASAN KESEMPATAN KERJA,DN.2175.BDC.003.051.0A.524114,APBN,01KPMGT3269VGD79EQ3F20XSBE,132000000,65819141,1,01K49K2B5FAJ9AP4K6EEP4TXV9,626041,0,2026-04-21T00:00:00Z,"Perluasan Kesempatan Kerja, ",efbb911a-59d7-54a0-816c-d0c9fbaa93e6.mjJd6MuYzYL1lJk9.y9CTvN_vFTSenVhUc4WpY2W0RWeQ08FthnSh9mstkTo
Honorarium Tenaga Alih Daya Biro Humas (Outsourcing),DRAFT,2026,"4ae0e4dc-8a1e-4473-bb08-367f946dd9c7, 64503e5f-b31c-4789-8734-3c4a57f531ee, f11b0779-0e16-4c3f-845c-53b26a782b7d",168,0,ON_PROCESS,Tidak,K34,SEKRETARIAT JENDERAL KEMNAKER,WA.2158.EBA.994.002.0F.521111,APBN,01KG1Y4B0KG36B0P8WBVFB2VXJ,1343416488,63604920,3,01JH09RBP00Z8CEV82EEMR6N7Q,450938,1100130,2026-01-28T00:00:00Z,"Peningkatan Pengelolaan dan Pelaporan Keuangan, ",efbb911a-59d7-54a0-816c-d0c9fbaa93e6.mjJd6MuYzYL1lJk9.y9CTvN_vFTSenVhUc4WpY2W0RWeQ08FthnSh9mstkTo
Sosialisasi Ketenagakerjaan di Media,DRAFT,2026,b2a1580e-7b93-4e76-9e05-bfa5c4e31a50,80,0,PAYMENT_OUTSIDE_SYSTEM,Tidak,K34,SEKRETARIAT JENDERAL KEMNAKER,WA.2163.EBA.958.054.0A.522191,APBN,01KJSQVFN35GJ8MPHCAWVXX1Y3,239999760,65135780,1,01JV6HN18GTXS4H3ABXZTRVJAJ,450938,0,2026-03-04T00:00:00Z,"Peningkatan dan Pengelolaan Hubungan Masyarakat, ",efbb911a-59d7-54a0-816c-d0c9fbaa93e6.mjJd6MuYzYL1lJk9.y9CTvN_vFTSenVhUc4WpY2W0RWeQ08FthnSh9mstkTo
Pelatihan Vokasi Bidang Industri dan Jasa Reguler Non Boarding Bisnis Manajemen,COMPLETED,2026,0aaef396-1c07-41cf-b236-7f2f7aa2f6cf,1178,0,COMPLETED,Tidak,K34,BALAI PELATIHAN VOKASI DAN PRODUKTIVITAS BANYUWANGI,DL.4057.SCO.003.052.0A.521211,APBN,01KN659Q1EP9PSXQ2P308K204Q,23560000,66371943,1,01JE5AQH3WV1RNVK9JKD5R3VHN,051102,2520072,2026-04-02T00:00:00Z,"Peningkatan Penyelenggaraan Pelatihan Vokasi dan Pemagangan Binalavotas, ",efbb911a-59d7-54a0-816c-d0c9fbaa93e6.mjJd6MuYzYL1lJk9.y9CTvN_vFTSenVhUc4WpY2W0RWeQ08FthnSh9mstkTo
Konsumsi Peserta Pelatihan 920 JP Teknisi PNBP,DRAFT,2026,ff6ecf37-0598-4d3b-805f-e8b6273f095c,1472,0,ON_PROCESS,Tidak,K34,BALAI BESAR PELATIHAN VOKASI DAN PRODUKTIVITAS MEDAN,DL.4057.SCO.005.054.0A.521211,APBN,01KPQXRP63N06M2NFSA5QA7R79,28704000,66126198,1,01K58D7JY1JYPTGJFWZ2X04A9N,451094,0,2026-04-21T00:00:00Z,"Peningkatan Penyelenggaraan Pelatihan Vokasi dan Pemagangan Binalavotas, ",efbb911a-59d7-54a0-816c-d0c9fbaa93e6.mjJd6MuYzYL1lJk9.y9CTvN_vFTSenVhUc4WpY2W0RWeQ08FthnSh9mstkTo
Pakaian Kerja,COMPLETED,2026,17a9ad3b-36ad-4808-86b1-bc51bfbdc0a7,500,0,PAYMENT_OUTSIDE_SYSTEM,Tidak,K34,BALAI PELATIHAN VOKASI DAN PRODUKTIVITAS LOMBOK TIMUR,DL.4057.SCO.003.056.0A.521211,APBN,01KPQJ7XCT21VY5D9ZEYJNX72J,83250000,63390072,1,01JYGPS1FZS5WAVV2XF7DF1GQ7,230302,0,2026-04-22T00:00:00Z,"Peningkatan Penyelenggaraan Pelatihan Vokasi dan Pemagangan Binalavotas, ",efbb911a-59d7-54a0-816c-d0c9fbaa93e6.mjJd6MuYzYL1lJk9.y9CTvN_vFTSenVhUc4WpY2W0RWeQ08FthnSh9mstkTo
Belanja Bahan TMT Klaster,COMPLETED,2026,"a56256ae-65ed-4b5a-9a92-de6cfc5d639f, a9704d9b-45d3-4d07-972d-6d87c3fea9bb, e7a5c59d-0fe8-4e3e-a128-a928f1880801, 51d2c2de-3a54-47f5-bf87-e22f11ce8104, 054461b3-7c95-45a3-afe4-03a7198cd27c, 16bc1a6e-4c60-4562-9f2c-a15757726c1f, 032a532b-2803-466b-87bc-4cec03a9f828, b251f938-6c26-4185-b3ac-aecb4f8f4cb2, f4fe7ba6-db4e-49e7-bd27-6d166cccc0d5, 54dbabee-189e-4411-a8b1-db7b6316d781, c712becd-83f8-4984-8ada-99227c70203f, 7936dfe4-e689-442b-ba6a-9eef82ced981, d88cbba5-cae9-43c1-8bd9-e415c4b5293d, 559f2282-bda7-4501-a085-e106af7a8a6e, fab17c70-af5c-4f92-9ffe-335cb0e2ca98, 27e2a10e-8817-4310-94cd-bd38bd6e2bab, 66742882-bc04-41fa-8194-83e20eb9c9c4, da06324a-af7b-4a3a-86d5-d82372ec0986, 5dbecf76-1bc7-4863-9349-c11725c2013d, 6d496fd9-a7b4-4ac8-b34b-c1049cde04aa, 10efdf35-0ba9-4aa9-a067-471a5e2e4878, 786a2eec-a150-4567-828f-252cf6f2b91f, 7f361051-7d47-4485-8198-a12ac0d6b191, fb36aaa0-c1c8-4f4d-92ff-26711caf2179, f40cbdfb-4f60-4681-81ac-17fecf721d63, fc325c0f-3fc1-498e-8696-0fdd70104732, 9659cc9a-9e37-4849-80dd-ca03d2e1f39a, f47e3f51-f91c-453c-877c-3f60acffb4f9, 6c587917-ef82-49ac-bd75-ccf466797164, 4714d2be-0bfd-4ab4-a668-3935ef662e98, 1c649746-35de-43b6-b636-416cb6af13ea, 686227f6-8a4c-42fa-876f-d0ee2bfd1889, 05805adc-5647-4d07-b37c-dd3529d95e17, 372d959e-2954-4f2f-8a33-8c3551fb8793, c5b67f33-0c85-405e-bc92-e3d5befff9f0, eadbca52-dde9-419d-aea6-9d9c891e6f06, a493e1db-3015-4a05-98b5-03b0af194f77, 6769a2ff-4311-491d-891b-1abce57b39f3, b2799d15-1296-43b5-b786-3ae7590919f3, 4810a691-1067-4b53-84f3-bdbd0941a0ca, ae1815ec-31ba-4a6e-ae0e-c11a5d1ac242, fd2a91f7-7b94-4700-9c74-696f94ebe84b, 5af293fb-e453-49e1-92e3-58b3ea3aa86b, 78e96cc9-4a3e-4e0c-b3c0-c1a456bd6b43, 36888866-22eb-48cf-aaf6-425ff95a9564, df70f92b-a822-4956-8af7-0bf9ef08fe35, a762a656-e2df-429a-8365-f51df8799c50, a10a4e3a-32cf-41b0-b858-64311ffcb660, 41a1f02d-58b1-4142-bbdc-d82984fad2d6, a5c381b0-1161-47fd-b128-1126eb02c6a4, 267ea927-66a3-49b5-a320-25fa972e984c, 7dd6bf75-ed44-445c-89ba-5b97cb976c7e",1284,333000,COMPLETED,Tidak,K34,BALAI BESAR PELATIHAN VOKASI DAN PRODUKTIVITAS SEMARANG,DL.4057.SCO.003.053.0A.521211,APBN,01KKZQTDCV9631NXMHKWWP6PP9,19332648,66185950,52,01JYDESZTP0YA22FBCZT8CDSRE,452609,0,2026-03-18T00:00:00Z,"Peningkatan Penyelenggaraan Pelatihan Vokasi dan Pemagangan Binalavotas, ",efbb911a-59d7-54a0-816c-d0c9fbaa93e6.mjJd6MuYzYL1lJk9.y9CTvN_vFTSenVhUc4WpY2W0RWeQ08FthnSh9mstkTo
"Belanja Pakaian Kerja, Bahan dan Konsumsi Pelatihan - BLK Purworejo",COMPLETED,2026,"61fa5d57-e9bd-453d-aa50-a31560d7987d, cf391f92-94fd-4f93-911a-96bf2f71c505, 3f781bbe-54fa-49df-9d61-a1f002ea9e13, 1a6d59cb-7558-4eb2-9460-8071dd488ae0, fc793d72-a0d9-4607-b41a-63d41754d851, 7227491b-a577-4c97-8633-7848a2b8fc29, 76e38ed4-b110-4e72-b47b-9614bc218bb3, 7da93ce7-c715-4718-8c1e-9b7e8f888506, e0d8377d-353c-4078-b55c-06114f7217c9, 97538362-b93c-4fad-a279-9fc0871e7b92, 418e17ad-58b7-4f1d-8dc7-29d5c03e05b1, 224c9427-55e9-43fe-a496-91b88397848b, 7388c6b8-c1d8-4ab3-86ff-18383fe9d776, 350402bb-3d85-44ab-94e6-6d857dd680b8, e04fe707-011d-4689-a300-eebacd3c16ee, 88f9ee52-a8c3-4ffb-b61f-d84de815b6ed, 6c792332-b395-4f3b-9a39-67b6ec171aef, e5618c59-c55d-45ab-853c-711438c744ea, 4e575bd7-04a7-46b6-a73e-30d973532ec2, fca1221f-b6e3-4b03-906f-826b957cef0b, 9eb467ff-bac9-4a72-ba85-14a388bfe512, b80a25d9-e67b-4688-a23f-5430150b8a2a, d07022b1-84f5-4b00-ae91-92e8cd8b2791",149,0,ON_PROCESS,Tidak,K34,BALAI PELATIHAN VOKASI DAN PRODUKTIVITAS SURAKARTA,DL.4057.SCO.011.052.0A.521211,APBN,01KV5E4P9TD9SY97PWKW7SV3A2,20757555,66399315,23,01KDYZZC347HPP0PGG8HJQ4QWB,035636,0,2026-06-17T00:00:00Z,"Peningkatan Penyelenggaraan Pelatihan Vokasi dan Pemagangan Binalavotas, ",efbb911a-59d7-54a0-816c-d0c9fbaa93e6.mjJd6MuYzYL1lJk9.y9CTvN_vFTSenVhUc4WpY2W0RWeQ08FthnSh9mstkTo
Belanja Pengadaan Bahan Pelatihan UPTD BLK Disnaker Sragen,COMPLETED,2026,ad4059ee-278e-467c-86f0-bfa79c62e18f,1,0,PAYMENT_OUTSIDE_SYSTEM,Tidak,K34,BALAI PELATIHAN VOKASI DAN PRODUKTIVITAS SURAKARTA,DL.4057.SCO.011.054.0A.521211,APBN,01KVCBX1DRN534KNDRK018R82Y,17760000,66305314,1,01JR9NJ3E5JK5JKT4A18PYKCVK,035636,0,2026-06-19T00:00:00Z,"Peningkatan Penyelenggaraan Pelatihan Vokasi dan Pemagangan Binalavotas, ",efbb911a-59d7-54a0-816c-d0c9fbaa93e6.mjJd6MuYzYL1lJk9.y9CTvN_vFTSenVhUc4WpY2W0RWeQ08FthnSh9mstkTo
Jasa Event Organizer dan Multimedia,DRAFT,2026,8911cee6-91b9-41d2-b740-f68350408f85,30,,CANCELLED_ON_NEGOTIATION,Tidak,K34,DITJEN. PEMBINAAN HUBUNGAN INDUSTRIAL DAN JAMINAN SOSIAL TENAGA KERJA,DN.5586.BDC.002.056.0C.522191,APBN,01KKJF920DJFH89T9GANFWRB5Q,666000,66263354,1,01JHHE3CRNHK3NZG76G3T65V71,451270,83587619009,,"Peningkatan Penerapan Jaminan Sosial Tenaga Kerja dan Fasilitasi Kesejahteraan Pekerja, ",efbb911a-59d7-54a0-816c-d0c9fbaa93e6.mjJd6MuYzYL1lJk9.y9CTvN_vFTSenVhUc4WpY2W0RWeQ08FthnSh9mstkTo
Pengadaan Bahan Sertifikasi Lulusan (231 Paket),DRAFT,2026,"48acbbcf-2ace-4c9f-8e31-3a15da1099a8, 733d47f2-dbda-4320-ae0d-c3540623ff8d, 4e5e8ab2-9f69-43a0-b6b0-f2d3fd5d671a",57,,CANCELLED_ON_REVIEW,Tidak,K34,BALAI BESAR PELATIHAN VOKASI DAN PRODUKTIVITAS SERANG,"DL.4053.PDI.002.051.0A.521211, DL.4053.PDI.002.051.0B.521211, DL.4053.PDI.003.051.0A.521211",APBN,01KQ905J0DNT2J3R21719SYTTR,5231985,63091859,3,01JPHT8R3TKWRTQ8663M9DRT2Q,426531,43475011,,"Pengembangan Sistem dan Pelaksanaan Sertifikasi Kompetensi Profesi Binalavotas, ",efbb911a-59d7-54a0-816c-d0c9fbaa93e6.mjJd6MuYzYL1lJk9.y9CTvN_vFTSenVhUc4WpY2W0RWeQ08FthnSh9mstkTo
Pengadaan Bahan Sertifikasi Lulusan (231 Paket),DRAFT,2026,"baa8ed13-79a4-4582-b6a5-af2302b66673, 5b094fa6-78f6-45a5-8250-87310b294b94, 518c9e87-4d24-408f-b9c6-9a99b1ec88a6, e818fed8-418d-4cb1-a771-02cc30d046a6, 1633576e-b82d-45e9-8306-625de74efdce, b4ad97e4-514a-4159-b0dd-c406dcbd8cdd, b4ab2827-b956-4c82-8b07-f5f60f1df9af, 5ca479d7-c65e-47b1-b233-2ff8d8411a61, 9fb784ca-e956-4a74-8647-4169cc02457c, 46319182-a07c-42ed-8338-9da6d781ffe0, a07aa212-bc63-43df-9103-b087500e9cde, da53bc83-feed-4567-aa08-e9d8ef66941c, 9035e58d-2d97-4d43-94f6-9776509642e9, 879f474d-fe9f-4fde-ac8d-b0d2a6c88eaf",112,0,ON_PROCESS,Tidak,K34,BALAI BESAR PELATIHAN VOKASI DAN PRODUKTIVITAS SERANG,"DL.4053.PDI.002.051.0A.521211, DL.4053.PDI.002.051.0B.521211, DL.4053.PDI.003.051.0A.521211",APBN,01KZTD2SZ3P9G2FQS61V37W5V1,7140408,63091859,14,01JHM302QZ4SJW7CGD8GSWRK1M,426531,337025009,2026-08-13T00:00:00Z,"Pengembangan Sistem dan Pelaksanaan Sertifikasi Kompetensi Profesi Binalavotas, ",efbb911a-59d7-54a0-816c-d0c9fbaa93e6.mjJd6MuYzYL1lJk9.y9CTvN_vFTSenVhUc4WpY2W0RWeQ08FthnSh9mstkTo
Jasa Event Organizer dan Multimedia,DRAFT,2026,a1dc264d-8683-434f-af6c-8cb18b224244,1,,CANCELLED_ON_NEGOTIATION,Tidak,K34,DITJEN. PEMBINAAN HUBUNGAN INDUSTRIAL DAN JAMINAN SOSIAL TENAGA KERJA,DN.5586.BDC.002.056.0C.522191,APBN,01KKJG3HN82X9PA1SMS7SKMXZH,1387500,66263354,1,01JHHE3CRNHK3NZG76G3T65V71,451270,83587619009,,"Peningkatan Penerapan Jaminan Sosial Tenaga Kerja dan Fasilitasi Kesejahteraan Pekerja, ",efbb911a-59d7-54a0-816c-d0c9fbaa93e6.mjJd6MuYzYL1lJk9.y9CTvN_vFTSenVhUc4WpY2W0RWeQ08FthnSh9mstkTo
Pengadaan ATK dan Komputer Supplies Kegiatan Pembekalan TKM Lanjutan,COMPLETED,2026,"7a3c419c-5b80-421e-9eb8-53eab91a4ad7, 9823a33f-c6f2-4ded-9f92-c86a9fae367d, 89bc31eb-8231-453f-ad86-8cbba9b38736, f20360d1-6436-4329-a419-989296a52a7e, 573d323b-eb77-42f7-b10c-64159eb787bb, c1c8f73b-46b7-45d8-8404-027d26740cf4, 4a3ab3c6-05ee-4be2-9c93-022b6614450f, 6bf5ccaa-269c-4aef-8840-c536be00bd65, c556cc0b-d80a-4e9c-b542-ee85cec88321, 9c1c376b-697a-4074-8de3-8cf9a4db679d, cede2651-1bb4-4d9b-8b4b-7d1972864185, 5051a2fe-99de-485f-8529-71972f2424c6, 16df2c59-aec6-43d6-9ad9-0bc90e1dbcef, ab0140de-6566-47fa-b5d7-b13cea219f07, 508e99a9-aa92-4a73-bade-ad66931f051d, 3148a991-d2fd-4121-86e4-ed66936d84f5, 67d3c67f-46af-4d3f-b4d7-1c6597c2b25e",601,0,COMPLETED,Tidak,K34,BALAI BESAR PERLUASAN KESEMPATAN KERJA,DN.2175.QDC.001.051.0B.521211,APBN,01KW1N2M25HDQ3J6X0TKH37ZKC,9385605,67375229,18,01JBG8W1SCEJJ7HYJAS6NNM8SW,259322,21910014,2026-06-26T00:00:00Z,"Perluasan Kesempatan Kerja, ",efbb911a-59d7-54a0-816c-d0c9fbaa93e6.mjJd6MuYzYL1lJk9.y9CTvN_vFTSenVhUc4WpY2W0RWeQ08FthnSh9mstkTo
Belanja Barang Persediaan Safety Shoes UPTD Technopark Sragen,COMPLETED,2026,ee260424-b5de-4bc2-98c2-145dbdb49ad3,16,0,PAYMENT_OUTSIDE_SYSTEM,Tidak,K34,BALAI PELATIHAN VOKASI DAN PRODUKTIVITAS SURAKARTA,DL.4057.SCO.011.057.0A.521811,APBN,01KVCRKHX7FPHEC24M4GF7WZMF,5328000,66298484,1,01JR9NJ3E5JK5JKT4A18PYKCVK,035636,0,2026-06-19T00:00:00Z,"Peningkatan Penyelenggaraan Pelatihan Vokasi dan Pemagangan Binalavotas, ",efbb911a-59d7-54a0-816c-d0c9fbaa93e6.mjJd6MuYzYL1lJk9.y9CTvN_vFTSenVhUc4WpY2W0RWeQ08FthnSh9mstkTo
Belanja Bahan TMT Klaster,COMPLETED,2026,"d5269bca-a80e-4886-a2ae-fb89aebdadcd, 89a0b7c9-da4e-453f-a764-2ceba4a00f84, dc822963-783d-49be-8f6c-2b7ee2dc555a, dc298d78-472f-4826-875c-fb3dae62e516, 4615043f-d8e2-4f85-bc34-63ab586b21f4, ed5db028-208f-4e08-9a5e-1aedc894e716, f3028d9d-90fb-407c-a1e0-18400d0853af, 45f05998-d5e5-4181-8f88-ef155da28b3d, 4072bbf7-7f23-4002-98b8-c794d36fe1db, 4a08a393-b104-4109-8e90-120a8168895f, eb0c8d5c-e273-49e4-94c3-dddf9bbd3159, c9e71334-0dcb-4be0-bd3e-6bfdb2ecb243, 00836862-2324-4c59-8bdc-fff624c3a600, e9dfb98a-3cea-4628-b644-adb2e197877c, 35054f49-ec75-424f-9bb4-16070007a6dc, c34932ff-8ff9-4cdd-a6ba-c2da28315481, c5036308-9996-47ee-bc19-02af83b96320, 10d54e24-81e8-495f-b12b-ba7f39470cbd, ae867c68-b9e3-4e7a-a210-9ecf3428535f, 74481692-4337-4928-99ef-a29842738922, c699f0be-0170-4796-85dd-500b3bf62acf, a3a7d430-54b0-4307-a066-c6388f696d02, 680ff6fe-9275-4173-92d8-94a418acd06f, 97d01ef5-02b8-492c-a443-7f73fca1de5e, eaa0fcf1-7030-419c-beb7-d5dd5cd8fd78, 56df9991-a9ed-480f-a668-adc88bcf58ff, e0849b80-de10-4c42-9f70-af6f34604fe2, 508d3ebd-ab99-41a7-8bc4-91e4b13f334a, 959839a2-9dd7-49ba-880a-cc0d7db9857e, 6ab89c10-4243-4b74-abe3-453cb1c3c146, a5245bb5-1ac9-4e08-acc2-7b979d93391c, 821e784f-c519-400c-a90c-69478ba79928, f83b6915-a5b2-4310-9baf-242c3701a253, 1bc977c5-fd63-4692-ad3f-e7d782c192ba, e181c0ba-fd6a-4724-9e88-f8236a20520f, e8ecf9ed-96e9-48e4-81c9-89dcf208a625, 9d81b28c-af8a-4124-baa8-21113f9fe418, 027b0a8f-d47e-4df8-9ae8-4012b3b2dcde, 446f164d-a51b-4242-9a62-5d876dae87cd, a5aa2a64-3a5f-4ac5-a1c3-0a4604325c0b, 66ae3ffe-e82e-4428-ab3f-b0ebe4de9f3e, e4ccdb0b-17c1-424a-a7b0-4550b196299b, b15d8d19-5206-4407-9de5-11f49f1a1feb, 81096e85-3265-4c11-bcc0-e338e1555397, 047da1ff-3edc-4855-9942-1d16ec6b2874, cea7b184-6134-49ac-9a63-a9705923ab24, 947675cf-0038-4b85-80d8-a042b2cefe08, f7b5bc64-1390-480e-921f-60ee83301d57, 43c112b2-b2a9-44b9-bf6d-5a5354e23dac, ad2f3a4d-58bc-4db4-ac09-d4aa9f079c1c, 07d00fa0-5829-460e-9312-2c33c3535316, 2de69143-6910-4e53-8a34-e4ba7ff37a73, c421dcd0-8c12-41d1-8054-eb286cd7e573, f3589cc0-f06f-4b13-bca4-2d6fddee04dc, 8224ceb0-3451-423d-aae6-9f4cebb4b737, f094d94c-d9ff-4487-b27b-6e2153774b9a, e3be2ffa-1e92-484c-a5f8-4067069a1223, 2bb0e0b7-c2ab-46ba-9f19-1d2a99f099bc, 89913618-6cd1-4242-82ee-2fbbfd5f7f0b, dc3d1d54-73ba-43ac-8c96-a7334e234c84, 37e308e8-5a0a-44ba-98d7-d57b7519700a, 7356bd63-e812-4834-a563-d53479f83dd7, 215eb937-1339-42a7-b978-4e8831af4a09, 9b7102d5-e2df-4d5a-bffa-3bf40cbb796f, cef1d8a5-7f77-4fb1-aa05-66631ef19b96",429,277500,COMPLETED,Tidak,K34,BALAI BESAR PELATIHAN VOKASI DAN PRODUKTIVITAS SEMARANG,DL.4057.SCO.003.053.0A.521211,APBN,01KMHGFSB3972VG8DGFNXCWBEB,11935275,66185950,65,01K2KX48KE5DQHRAJ0REG26EE5,452609,0,2026-03-25T00:00:00Z,"Peningkatan Penyelenggaraan Pelatihan Vokasi dan Pemagangan Binalavotas, ",efbb911a-59d7-54a0-816c-d0c9fbaa93e6.mjJd6MuYzYL1lJk9.y9CTvN_vFTSenVhUc4WpY2W0RWeQ08FthnSh9mstkTo
Laptop,COMPLETED,2026,b817efe2-6594-40d6-aef1-3943c462e78e,2,0,PAYMENT_OUTSIDE_SYSTEM,Tidak,K34,BADAN PERENCANAAN DAN PENGEMBANGAN KETENAGAKERJAAN,WA.6624.EBB.951.052.0A.532111,APBN,01KJEGFGSA2M2DYTC7ZB2T2Z7F,49999950,65978769,1,01HR8ZBEBGWM8BPFSMB1GW4FJN,452677,0,2026-03-02T00:00:00Z,"Dukungan Manajemen Badan Perencanaan dan Pengembangan Ketenagakerjaan, ",efbb911a-59d7-54a0-816c-d0c9fbaa93e6.mjJd6MuYzYL1lJk9.y9CTvN_vFTSenVhUc4WpY2W0RWeQ08FthnSh9mstkTo
Paket Meeting Fullboard Peserta dan Panitia,COMPLETED,2026,bafd948e-9b83-4e33-a967-4d74fac4994b,80,0,COMPLETED,Tidak,K34,DITJEN PHI DAN JAMSOS,DN.5586.BDC.001.051.0A.524119,APBN,01KMY14ZAQNCNDNP1P8QARF01D,76000000,66262516,1,01JK78Q0B0QYEFGEJM254KNS41,451310,1896359,2026-03-31T00:00:00Z,"Peningkatan Penerapan Jaminan Sosial Tenaga Kerja dan Fasilitasi Kesejahteraan Pekerja, ",efbb911a-59d7-54a0-816c-d0c9fbaa93e6.mjJd6MuYzYL1lJk9.y9CTvN_vFTSenVhUc4WpY2W0RWeQ08FthnSh9mstkTo
Belanja Bahan Pelaksanaan Sertifikasi Lulusan Pelatihan Vokasi (PNP),COMPLETED,2026,"c023fc3e-9ec0-483f-9280-64068f8267e8, 09466ca5-22ca-4071-806d-683e502806e2, e0afdbc5-efff-4570-abf9-178468247a64, 4103a27e-f90e-4c76-8548-05ace9ca40d5",10,0,COMPLETED,Tidak,K34,BALAI BESAR PELATIHAN VOKASI DAN PRODUKTIVITAS SEMARANG,DL.4053.PDI.002.051.0A.521211,APBN,01KP2XG8N47SHT5K4W67X3KBKP,3680205,66185662,4,01JCF5TRQVKW157PX3JC6JFJ1Y,452609,2705108,2026-04-14T00:00:00Z,"Pengembangan Sistem dan Pelaksanaan Sertifikasi Kompetensi Profesi Binalavotas, ",efbb911a-59d7-54a0-816c-d0c9fbaa93e6.mjJd6MuYzYL1lJk9.y9CTvN_vFTSenVhUc4WpY2W0RWeQ08FthnSh9mstkTo
Pengemudi/Asisten Ahli/Tenaga Ahli Sub Profesional,DRAFT,2026,9fa153ce-564d-450e-ac6d-6f116ff4383b,20,0,PAYMENT_OUTSIDE_SYSTEM,Tidak,K34,DIREKTORAT BINA KELEMBAGAAN PELATIHAN VOKASI,WA.6988.EBA.994.002.0A.522191,APBN,01KW8NVP3617HGMB031067JM4S,175685460,65017646,1,01JC8HPBWWT8NZ12ZXT6628CQG,626131,11240127,2026-07-03T00:00:00Z,"Dukungan Manajemen Direktorat Jenderal Pembinaan Pelatihan Vokasi dan Produktivitas, ",efbb911a-59d7-54a0-816c-d0c9fbaa93e6.mjJd6MuYzYL1lJk9.y9CTvN_vFTSenVhUc4WpY2W0RWeQ08FthnSh9mstkTo
Belanja Bahan Project Based Learning A,COMPLETED,2026,fd03e592-5b0c-458d-aa68-56d577ec4564,288,0,COMPLETED,Tidak,K34,BALAI BESAR PELATIHAN VOKASI DAN PRODUKTIVITAS SEMARANG,DL.4057.SCO.003.051.0A.521211,APBN,01KN3XG1WWZEGBHXSNVS9H59SR,5688000,66185882,1,01JCYR1H5KAHWBXMZNS2PMK7NJ,452609,12452042,2026-04-02T00:00:00Z,"Peningkatan Penyelenggaraan Pelatihan Vokasi dan Pemagangan Binalavotas, ",efbb911a-59d7-54a0-816c-d0c9fbaa93e6.mjJd6MuYzYL1lJk9.y9CTvN_vFTSenVhUc4WpY2W0RWeQ08FthnSh9mstkTo
Belanja Keperluan Perkantoran / Jasa Tenaga Alih Daya,DRAFT,2026,"6def0276-2e59-4900-ace2-7b9d7f6c7345, 0c4f7988-e4f0-412a-8c52-2b95e6ad0ad1",119,0,ON_PROCESS,Tidak,K34,BALAI BESAR PELATIHAN VOKASI DAN PRODUKTIVITAS MAKASSAR,"WA.6988.EBA.994.002.0A.521111, WA.6988.EBA.994.002.0B.521111, WA.6988.EBA.994.002.0C.521111, WA.6988.EBA.994.002.0D.521111",APBN,01KFMXXZ8WMEZ8EB8JTRFFAMEX,532813750,63911103,4,01JH24QSKD4K8XZADJX3W3T4EW,452652,2777234,2026-01-23T00:00:00Z,,efbb911a-59d7-54a0-816c-d0c9fbaa93e6.mjJd6MuYzYL1lJk9.y9CTvN_vFTSenVhUc4WpY2W0RWeQ08FthnSh9mstkTo
Jasa Event Organizer dan Multimedia,DRAFT,2026,c1b6601b-39d9-4913-975d-557aa37e38d6,23,,CANCELLED_ON_NEGOTIATION,Tidak,K34,DITJEN. PEMBINAAN HUBUNGAN INDUSTRIAL DAN JAMINAN SOSIAL TENAGA KERJA,DN.5586.BDC.002.056.0C.522191,APBN,01KKJF47TC40BBN03EZ2AN9QKX,11488500,66263354,1,01JHHE3CRNHK3NZG76G3T65V71,451270,83587619009,,"Peningkatan Penerapan Jaminan Sosial Tenaga Kerja dan Fasilitasi Kesejahteraan Pekerja, ",efbb911a-59d7-54a0-816c-d0c9fbaa93e6.mjJd6MuYzYL1lJk9.y9CTvN_vFTSenVhUc4WpY2W0RWeQ08FthnSh9mstkTo
akomodasi dan konsumsi fullboard Penyusunan Kebutuhan Pengantar Kerja Coaching Clinic,DRAFT,2026,761bcac1-2666-45ab-82b5-2839317c3455,58,0,ON_PROCESS,Tidak,K34,DITJEN PEMBINAAN PENEMPATAN TENAGA KERJA DAN PERLUASAN KESEMPATAN KERJA,DN.6593.DCI.002.052.0H.524119,APBN,01KP2S1HYJBACES7BWCCJ3K327,40600000,66846805,1,01JZQ1HNEB00SX4PSPPBB9YZRQ,451139,0,2026-04-13T00:00:00Z,"Peningkatan Kompetensi Pengantar Kerja, ",efbb911a-59d7-54a0-816c-d0c9fbaa93e6.mjJd6MuYzYL1lJk9.y9CTvN_vFTSenVhUc4WpY2W0RWeQ08FthnSh9mstkTo
Langganan Layanan Bandwidth Rumah Dinas Pimpinan 3,DRAFT,2026,de1e4ba2-7738-4a04-b095-748848899986,60,0,ON_PROCESS,Tidak,K34,BADAN PERENCANAAN DAN PENGEMBANGAN KETENAGAKERJAAN,WA.6624.EBA.994.002.BC.522119,APBN,01KDQCJH6MSF0B5TM92PYEYZHD,63669600,62540498,1,01J7073CEET2NWM8MBT7ZHZHRR,452677,0,2025-12-31T00:00:00Z,"Dukungan Manajemen Badan Perencanaan dan Pengembangan Ketenagakerjaan, ",efbb911a-59d7-54a0-816c-d0c9fbaa93e6.mjJd6MuYzYL1lJk9.y9CTvN_vFTSenVhUc4WpY2W0RWeQ08FthnSh9mstkTo
Bahan Pelatihan Tailor Made Training 40 JP B,COMPLETED,2026,abbcda2e-cc69-4a05-ac3b-329455d96c8b,1,0,ON_PROCESS,Tidak,K34,BALAI PELATIHAN VOKASI DAN PRODUKTIVITAS SIDOARJO,DL.4057.SCO.003.053.0A.521211,APBN,01KYH0HQJR6HQSRK471GKNJTXG,9284928,66473758,1,01JAYK7BA0MEZ4014EFKCTSSY8,050302,759449,2026-07-27T00:00:00Z,"Peningkatan Penyelenggaraan Pelatihan Vokasi dan Pemagangan Binalavotas, ",efbb911a-59d7-54a0-816c-d0c9fbaa93e6.mjJd6MuYzYL1lJk9.y9CTvN_vFTSenVhUc4WpY2W0RWeQ08FthnSh9mstkTo
Pengadaan Tenaga Alih Daya,DRAFT,2026,292b00cf-d34f-4a02-93b6-5940c6eaa445,70,0,ON_PROCESS,Tidak,K34,PUSAT PENGEMBANGAN SUMBER DAYA MANUSIA KETENAGAKERJAAN,WA.2165.EBA.994.002.0A.522191,APBN,01KDSYQ143VKNWXNCFYSCZXJ1M,593581450,62529931,1,01JC8KDBH4685PYMEV9T7SM5ZV,450990,15594127,2025-12-31T00:00:00Z,"Peningkatan Kualitas Sumber Daya Manusia (SDM) Aparatur, ",efbb911a-59d7-54a0-816c-d0c9fbaa93e6.mjJd6MuYzYL1lJk9.y9CTvN_vFTSenVhUc4WpY2W0RWeQ08FthnSh9mstkTo
Konsumsi Peserta Pelatihan 1300 JP PBK Teknisi PNBP,DRAFT,2026,8c2b6024-3954-49d9-94a4-ad63660eb9e8,8320,0,ON_PROCESS,Tidak,K34,BALAI BESAR PELATIHAN VOKASI DAN PRODUKTIVITAS MEDAN,DL.4057.SCO.003.054.0A.521211,APBN,01KW93XTF1A7432GSGXMR73T4F,166400000,65763468,1,01K7P0067ZG2CA6RAJ5KWNE08H,451094,0,2026-06-30T00:00:00Z,"Peningkatan Penyelenggaraan Pelatihan Vokasi dan Pemagangan Binalavotas, ",efbb911a-59d7-54a0-816c-d0c9fbaa93e6.mjJd6MuYzYL1lJk9.y9CTvN_vFTSenVhUc4WpY2W0RWeQ08FthnSh9mstkTo
Pengadaan Konsumsi Pelatihan PBK,DRAFT,2026,079d4c9d-ece5-421b-ab8f-cba3939bb1ac,417,0,ON_PROCESS,Tidak,K34,BALAI PELATIHAN VOKASI DAN PRODUKTIVITAS BANYUWANGI,DL.4057.SCO.030.054.0A.521211,APBN,01KYRT2FV3X22GF0XEH9MX287G,12301500,67511224,1,01JJ0VDCBKNMYW458MNTP3CTPF,051102,37513,2026-07-30T00:00:00Z,"Peningkatan Penyelenggaraan Pelatihan Vokasi dan Pemagangan Binalavotas, ",efbb911a-59d7-54a0-816c-d0c9fbaa93e6.mjJd6MuYzYL1lJk9.y9CTvN_vFTSenVhUc4WpY2W0RWeQ08FthnSh9mstkTo
Belanja Bahan Pelatihan Hinode,COMPLETED,2026,fd28efda-78af-49ec-8eab-48bb037bae46,6000,0,COMPLETED,Tidak,K34,BALAI BESAR PELATIHAN VOKASI DAN PRODUKTIVITAS SEMARANG,DL.4057.SCO.003.053.0C.521211,APBN,01KF0EVX7DZEDWV06WNN1HP5NV,118800000,65959600,1,01JD1DPS3DQ3D3DJDAWYB2WY5Z,452609,306766009,2026-01-15T00:00:00Z,"Peningkatan Penyelenggaraan Pelatihan Vokasi dan Pemagangan Binalavotas, ",efbb911a-59d7-54a0-816c-d0c9fbaa93e6.mjJd6MuYzYL1lJk9.y9CTvN_vFTSenVhUc4WpY2W0RWeQ08FthnSh9mstkTo
Konsumsi Peserta Pelatihan 260 JP Teknisi PNBP,DRAFT,2026,8c2b6024-3954-49d9-94a4-ad63660eb9e8,806,,CANCELLED,Tidak,K34,BALAI BESAR PELATIHAN VOKASI DAN PRODUKTIVITAS MEDAN,DL.4057.SCO.004.054.0A.521211,APBN,01KVM62M0CZW148WGKBDHJACKT,16120000,66121243,1,01K7P0067ZG2CA6RAJ5KWNE08H,451094,0,2026-06-22T00:00:00Z,"Peningkatan Penyelenggaraan Pelatihan Vokasi dan Pemagangan Binalavotas, ",efbb911a-59d7-54a0-816c-d0c9fbaa93e6.mjJd6MuYzYL1lJk9.y9CTvN_vFTSenVhUc4WpY2W0RWeQ08FthnSh9mstkTo
Pembuatan Monitoring dan Analisis Media Elektronik,DRAFT,2026,8290a439-3dd3-4037-bd2a-5943cd983117,12,0,ON_PROCESS,Tidak,K34,SEKRETARIAT JENDERAL KEMNAKER,WA.2163.EBA.958.051.0B.522191,APBN,01KG4EYNHN71J0AKV31PYRY392,99993240,63770079,1,01JP4QVAFZFGKVA70MZQ7JXE3W,450938,914087,2026-01-29T00:00:00Z,"Peningkatan dan Pengelolaan Hubungan Masyarakat, ",efbb911a-59d7-54a0-816c-d0c9fbaa93e6.mjJd6MuYzYL1lJk9.y9CTvN_vFTSenVhUc4WpY2W0RWeQ08FthnSh9mstkTo
Jasa Pramubakti,DRAFT,2026,64503e5f-b31c-4789-8734-3c4a57f531ee,40,0,ON_PROCESS,Tidak,K34,BALAI PERLUASAN KESEMPATAN KERJA BEKASI,WA.6621.EBA.994.002.0C.522191,APBN,01KJ4D4BFX2N707GNXJA01M308,270157400,65585915,1,01JH09RBP00Z8CEV82EEMR6N7Q,690634,1100130,2026-02-24T00:00:00Z,"Dukungan Manajemen Ditjen Pembinaan Penempatan Tenaga Kerja dan Perluasan Kesempatan Kerja, ",efbb911a-59d7-54a0-816c-d0c9fbaa93e6.mjJd6MuYzYL1lJk9.y9CTvN_vFTSenVhUc4WpY2W0RWeQ08FthnSh9mstkTo
Paket Meeting Fullboard Konteks PPHI pada luar PHI/MA,DRAFT,2026,562e42c0-e68a-4f9c-a027-5f5abc2b35bb,1,,CANCELLED_ON_NEGOTIATION,Tidak,K34,DITJEN PHI DAN JAMSOS,DN.2181.BDC.001.057.0B.524119,APBN,01KK8ABGKGJH9CVG9K99T9KKWC,1050000,65242511,1,01JJB6MHQ7865YDFSHSXW3GFG8,451310,13566015,,"Penyelesaian Perselisihan Hubungan Industrial, ",efbb911a-59d7-54a0-816c-d0c9fbaa93e6.mjJd6MuYzYL1lJk9.y9CTvN_vFTSenVhUc4WpY2W0RWeQ08FthnSh9mstkTo
Jasa Event Organizer dan Multimedia,DRAFT,2026,ec7c0400-a759-4e3c-82a4-01e640fa052d,30,,CANCELLED_ON_NEGOTIATION,Tidak,K34,DITJEN. PEMBINAAN HUBUNGAN INDUSTRIAL DAN JAMINAN SOSIAL TENAGA KERJA,DN.5586.BDC.002.056.0C.522191,APBN,01KKJGA1PJ32X4YSEYNWXCR5B2,832500,66263354,1,01JHHE3CRNHK3NZG76G3T65V71,451270,83587619009,,"Peningkatan Penerapan Jaminan Sosial Tenaga Kerja dan Fasilitasi Kesejahteraan Pekerja, ",efbb911a-59d7-54a0-816c-d0c9fbaa93e6.mjJd6MuYzYL1lJk9.y9CTvN_vFTSenVhUc4WpY2W0RWeQ08FthnSh9mstkTo
Belanja Bahan Fasilitasi Dan Pembinaan Calon Tenaga Kerja Di Pekerjaan Hijau,DRAFT,2026,5a26c0f5-e2d1-4656-bba1-abab63942a75,400,,CANCELLED_ON_REVIEW,Tidak,K34,DITJEN PEMBINAAN PENEMPATAN TENAGA KERJA DAN PERLUASAN KESEMPATAN KERJA,DN.2173.QDC.002.051.0A.521211,APBN,01KQ00NCP6NSPB24NCSQKGRQ61,42180000,66867494,1,01K0H6A0GCEZ79CYP40PP930DE,451139,0,,"Penempatan Tenaga Kerja, ",efbb911a-59d7-54a0-816c-d0c9fbaa93e6.mjJd6MuYzYL1lJk9.y9CTvN_vFTSenVhUc4WpY2W0RWeQ08FthnSh9mstkTo
Pembuatan Monitoring dan Analisis Media Cetak dan Online,DRAFT,2026,fe9f1dc3-d35a-4207-bada-ae7c94a47468,12,0,ON_PROCESS,Tidak,K34,SEKRETARIAT JENDERAL KEMNAKER,WA.2163.EBA.958.051.0B.522191,APBN,01KFWPJX2Q21VPG277C135BHJA,199933200,63766837,1,01JP4QVAFZFGKVA70MZQ7JXE3W,450938,914087,2026-01-28T00:00:00Z,"Peningkatan dan Pengelolaan Hubungan Masyarakat, ",efbb911a-59d7-54a0-816c-d0c9fbaa93e6.mjJd6MuYzYL1lJk9.y9CTvN_vFTSenVhUc4WpY2W0RWeQ08FthnSh9mstkTo
Perlengkapan Peserta - PELATIHAN DASAR CALON PEGAWAI NEGERI SIPIL,COMPLETED,2026,474a4b66-bbe3-4924-991e-b94f472647bd,285,0,COMPLETED,Tidak,K34,PUSAT PENGEMBANGAN SUMBER DAYA MANUSIA KETENAGAKERJAAN,WA.2165.EBC.996.052.0A.521211,APBN,01KKX1MDM211A72DW0SWXGJCNR,142499858,66539232,1,01HW7RKDS1CBYAW0S9TXAW1GAW,450990,0,2026-03-17T00:00:00Z,"Peningkatan Kualitas Sumber Daya Manusia (SDM) Aparatur, ",efbb911a-59d7-54a0-816c-d0c9fbaa93e6.mjJd6MuYzYL1lJk9.y9CTvN_vFTSenVhUc4WpY2W0RWeQ08FthnSh9mstkTo
Belanja Bahan Pelaksanaan Sertifikasi Lulusan Pelatihan ,COMPLETED,2026,"8cf5180a-d754-4a0d-9440-53e8db368967, 30e5dcee-c274-4287-b0a3-a311e391126b, 20f56777-0c71-4497-b526-4ae51ca966f6, becce14b-5b63-4f0a-a8bb-1b54eecf0859, 83bb500c-b242-48b5-9461-847ca6252954, 592ffbd4-5e38-4660-80ef-955887891c5c, 6e142428-6c92-4958-a9f1-ae8d7d6cb508, 9a162954-b192-4812-a46f-06885371d7a0, a857d254-97cf-4876-966f-f0fddae45d70, a996b51e-5275-48a9-abc3-b48cf2d1ef01, ffceb2eb-7048-4bd5-8cc6-9270cd06c8cb, 245ed2e2-40be-4811-a0b4-5fbfa52cb36f, bf07f3fb-98b4-40b2-9c04-a7789423e647, 7b41c8da-d701-4fec-b183-d0ae655a3efa, 11580236-f148-4096-acf1-f2001d90a00e, 11bff86e-21e4-4279-a06e-992ce83ae4ae, 8085863c-e220-478c-beb5-5d669c7105a7, 72bf808c-65d4-4070-9a25-45649f7f758a, e1f34f08-ff6b-48a9-b06b-4907181aa2fe, 144ba5fb-39c7-48e0-a7cf-e567132246e5, 4048b52b-7fdc-46d1-a918-43a1508c2568, f815d76b-4abb-4760-8370-d3bae2ef4c53, 68db1fa9-2620-451d-84fd-91e010feecf8, 7e8c9cfa-0c5a-40b7-8d8f-5a9cfd82bd96, 8cc50f50-50ed-4aa0-86c3-c8a843aef7e7, 5cadc38f-c046-44bb-8b6c-6441c4b13802, defc352d-1395-4f71-9fd7-9478ad262f54, 39928e3a-5648-424d-96dd-2acd13c73e99, a49c82f7-c82a-49b8-9052-00debab59fde, 2d4b2318-7440-466b-8ffe-f8b7dc0b007c, d695a674-1369-4736-989e-ac456c5aeaa0, 81caea6a-0389-4b46-9284-81ac1ae4b776, a3c979ba-7bd3-4caa-9aa4-40d4853d3d76, 1264d352-0858-4bfb-8cc2-3e013d8a512a",63,255300,COMPLETED,Tidak,K34,BALAI BESAR PELATIHAN VOKASI DAN PRODUKTIVITAS SEMARANG,DL.4053.PDI.002.051.0B.521211,APBN,01KXZ365Y7P4D6TDBRBJXY03NR,4717944,62801553,34,01JY61XM4G13MY1MYNDAVFQ9B1,452609,0,2026-07-20T00:00:00Z,"Pengembangan Sistem dan Pelaksanaan Sertifikasi Kompetensi Profesi Binalavotas, ",efbb911a-59d7-54a0-816c-d0c9fbaa93e6.mjJd6MuYzYL1lJk9.y9CTvN_vFTSenVhUc4WpY2W0RWeQ08FthnSh9mstkTo
Konsumsi Peserta Pelatihan 180 JP Reguler PBK RM,DRAFT,2026,8c2b6024-3954-49d9-94a4-ad63660eb9e8,277,0,ON_PROCESS,Tidak,K34,BALAI BESAR PELATIHAN VOKASI DAN PRODUKTIVITAS MEDAN,DL.4057.SCO.003.052.0A.521211,APBN,01KNPBK2ZYY8N31VTBPYY60PKY,5540000,66121099,1,01K7P0067ZG2CA6RAJ5KWNE08H,451094,0,2026-04-08T00:00:00Z,"Peningkatan Penyelenggaraan Pelatihan Vokasi dan Pemagangan Binalavotas, ",efbb911a-59d7-54a0-816c-d0c9fbaa93e6.mjJd6MuYzYL1lJk9.y9CTvN_vFTSenVhUc4WpY2W0RWeQ08FthnSh9mstkTo
Belanja Barang untuk Dijual/Diserahkan kepada Masyarakat (Barang yang diserahkan Peserta Pelatihan Pembuatan Roti dan Kue),COMPLETED,2026,"3255e4dd-ae0b-438d-a1ae-27df1cf45e3c, 383c52b3-62e8-4091-b343-26a81978c8ab, 5bd6a6cd-e79b-421b-9fe7-c71bc02a7e3b, 659e3f68-1d8d-4b11-844b-479f8b2ce8ec, 919f60ef-7968-4d93-91f7-a6d604fb1a08, a720cdcc-567b-4e50-9194-88522340892d",96,0,ON_PROCESS,Tidak,K34,BALAI PELATIHAN VOKASI DAN PRODUKTIVITAS SURAKARTA,2.07.03.2.01.0001.5.1.02.01.001.00039.1.3.02.08.03.0009.00509,APBD,01KYRE1REZRPSVH8VQ12PGZN3Y,118423982,67581318,6,01JEQEEJE65GZYS2CSFG39P481,035636,203228,2026-07-31T00:00:00Z,"Pelaksanaan Pelatihan berdasarkan Unit Kompetensi, ",efbb911a-59d7-54a0-816c-d0c9fbaa93e6.mjJd6MuYzYL1lJk9.y9CTvN_vFTSenVhUc4WpY2W0RWeQ08FthnSh9mstkTo
Pembelian Pakan Ternak Kambing dan Kelinci,DRAFT,2026,"ea0b3d2d-ea88-45b7-b32c-3a0102d4cc5c, e5dac1ab-5de7-4a5e-99f1-6a7106fbc30e, fa51daef-c17d-41a4-b16e-dc858b148b90, db3b8fe9-3522-465c-8170-2e6d574d5a9e, 5f090c25-ec5b-43e8-bb78-958afc27405d, 3a654682-21e1-4ff1-820c-f899a274d34a",106,,CANCELLED_ON_NEGOTIATION,Tidak,K34,BALAI PELATIHAN VOKASI DAN PRODUKTIVITAS BANDUNG BARAT,WA.6988.EBA.994.002.OA.521832,APBN,01KJ75NZQCABFQ3MPS1FYJC63H,14929500,65457152,6,01JCSZ03BAP00QR78174E09B7R,021212,26740014,,"Dukungan Manajemen Direktorat Jenderal Pembinaan Pelatihan Vokasi dan Produktivitas, ",efbb911a-59d7-54a0-816c-d0c9fbaa93e6.mjJd6MuYzYL1lJk9.y9CTvN_vFTSenVhUc4WpY2W0RWeQ08FthnSh9mstkTo
Konsumsi Peserta Pelatihan 280 JP Reguler PBK RM,COMPLETED,2026,ff6ecf37-0598-4d3b-805f-e8b6273f095c,476,0,ON_PROCESS,Tidak,K34,BALAI BESAR PELATIHAN VOKASI DAN PRODUKTIVITAS MEDAN,DL.4057.SCO.003.052.0A.521211,APBN,01KNP3RWNCNZRE69A6D1FEBQX3,9520000,66121223,1,01K58D7JY1JYPTGJFWZ2X04A9N,451094,0,2026-04-08T00:00:00Z,"Peningkatan Penyelenggaraan Pelatihan Vokasi dan Pemagangan Binalavotas, ",efbb911a-59d7-54a0-816c-d0c9fbaa93e6.mjJd6MuYzYL1lJk9.y9CTvN_vFTSenVhUc4WpY2W0RWeQ08FthnSh9mstkTo
Bahan pengujian,COMPLETED,2026,"e010bfc8-fc40-4d4e-9927-3541dd88704d, 1532d660-f859-48cb-a881-e377949a0749, 184c8e41-3b3f-4532-b222-b72449950f44, 9dbbb3e5-9336-4995-9183-5c400c72d883",4,0,ON_PROCESS,Tidak,K34,BALAI KESELAMATAN DAN KESEHATAN KERJA BANDUNG,DN.6592.QAC.001.051.0E.521811,APBN,01KRZHC76PZY6BC8WHE31J8BB4,35786400,63147453,4,01HXQVPH9QN0VQQZDYATJYDWPM,350079,0,2026-05-21T00:00:00Z,"Pengujian Keselamatan dan Kesehatan Kerja, ",efbb911a-59d7-54a0-816c-d0c9fbaa93e6.mjJd6MuYzYL1lJk9.y9CTvN_vFTSenVhUc4WpY2W0RWeQ08FthnSh9mstkTo
"Fullboard Moderator, Panitia Penyelenggara dan Peserta",COMPLETED,2026,3312c831-eada-400c-b1ea-48ac7df8d959,90,0,COMPLETED,Tidak,K34,DITJEN. PEMBINAAN HUBUNGAN INDUSTRIAL DAN JAMINAN SOSIAL TENAGA KERJA,DN.6587.AEG.001.052.0A.524119,APBN,01KRX696P7P5GFE02F3CDGA9K4,81000000,66099479,1,01JVRBNX4FH6KWR0PDTQCB1AH5,451270,0,2026-05-18T00:00:00Z,"Peningkatan Pembinaan Hubungan Kerja dan Penerapan Pengupahan, ",efbb911a-59d7-54a0-816c-d0c9fbaa93e6.mjJd6MuYzYL1lJk9.y9CTvN_vFTSenVhUc4WpY2W0RWeQ08FthnSh9mstkTo
Pengadaan Pakaian Kerja dan Kaos Peserta Pelatihan (189 Paket),COMPLETED,2026,dbed8759-b7be-4c27-a876-fd30e16cfc2c,32,0,COMPLETED,Tidak,K34,BALAI BESAR PELATIHAN VOKASI DAN PRODUKTIVITAS SERANG,"DL.4057.SCO.003.051.0A.521211, DL.4057.SCO.003.051.0B.521211, DL.4057.SCO.003.052.0A.521211, DL.4057.SCO.003.052.0C.521211, DL.4057.SCO.003.053.0A.521211, DL.4057.SCO.003.053.0B.521211, DL.4057.SCO.003.054.0A.521211, DL.4057.SCO.005.052.0A.521211, DL.4057.SCO.005.052.0C.521211, DL.4057.SCO.007.052.0A.521211, DL.4057.SCO.007.052.0C.521211, DL.4057.SCO.008.052.0A.521211, DL.4057.SCO.008.052.0B.521211, DL.4057.SCO.035.051.0B.521211, DL.4057.SCO.035.054.0B.521211, DL.4057.SCO.035.055.0B.521211, DL.4057.SCO.035.056.0B.521211",APBN,01KS4KMX1KS1T6SYWNA2GY4VV4,3179040,63093792,3,01JBGDSJNXNZCRFFDHX1P49CE2,426531,16727127,2026-05-22T00:00:00Z,"Peningkatan Penyelenggaraan Pelatihan Vokasi dan Pemagangan Binalavotas, ",efbb911a-59d7-54a0-816c-d0c9fbaa93e6.mjJd6MuYzYL1lJk9.y9CTvN_vFTSenVhUc4WpY2W0RWeQ08FthnSh9mstkTo
Paket Meeting Fullboard Moderator Penyelenggara dan Peserta - Konsultasi Teknis PPHI pada PHI/MA,COMPLETED,2026,76b1eb25-d1be-4635-abce-bd16e0217899,184,0,PAYMENT_OUTSIDE_SYSTEM,Tidak,K34,DITJEN PHI DAN JAMSOS,DN.2181.BDC.001.057.0C.524119,APBN,01KH07PRW9SVJ8GY5TC4N3HKJQ,174800000,65242517,1,01K0E9F77DQY0JKXFCSZ6G31W6,451310,0,2026-02-09T00:00:00Z,"Penyelesaian Perselisihan Hubungan Industrial, ",efbb911a-59d7-54a0-816c-d0c9fbaa93e6.mjJd6MuYzYL1lJk9.y9CTvN_vFTSenVhUc4WpY2W0RWeQ08FthnSh9mstkTo
Jasa Outsourcing,DRAFT,2026,09d6b6b6-4d31-43c7-a17d-d820b6d3dadc,54,0,ON_PROCESS,Tidak,K34,BALAI PELATIHAN VOKASI DAN PRODUKTIVITAS LOMBOK TIMUR,WA.6988.EBA.994.002.0B.522151,APBN,01KKJK0NY9VXD9QETT9RPE3ZED,195665112,66339509,1,01JETC9Q1AK4WAT72ME95AJFVF,230302,70174,2026-03-19T00:00:00Z,"Dukungan Manajemen Direktorat Jenderal Pembinaan Pelatihan Vokasi dan Produktivitas, ",efbb911a-59d7-54a0-816c-d0c9fbaa93e6.mjJd6MuYzYL1lJk9.y9CTvN_vFTSenVhUc4WpY2W0RWeQ08FthnSh9mstkTo
Pengadaan Pakaian Kerja dan Kaos Peserta Pelatihan (189 Paket),COMPLETED,2026,ff913ca8-4573-41e9-b773-b4dd2a09f116,64,0,ON_PROCESS,Tidak,K34,BALAI BESAR PELATIHAN VOKASI DAN PRODUKTIVITAS SERANG,"DL.4057.SCO.003.051.0A.521211, DL.4057.SCO.003.051.0B.521211, DL.4057.SCO.003.052.0A.521211, DL.4057.SCO.003.052.0C.521211, DL.4057.SCO.003.053.0A.521211, DL.4057.SCO.003.053.0B.521211, DL.4057.SCO.003.054.0A.521211, DL.4057.SCO.005.052.0A.521211, DL.4057.SCO.005.052.0C.521211, DL.4057.SCO.007.052.0A.521211, DL.4057.SCO.007.052.0C.521211, DL.4057.SCO.008.052.0A.521211, DL.4057.SCO.008.052.0B.521211, DL.4057.SCO.035.051.0B.521211, DL.4057.SCO.035.054.0B.521211, DL.4057.SCO.035.055.0B.521211, DL.4057.SCO.035.056.0B.521211",APBN,01KYS2NZ989VDTBCZBHR2HF3H0,9519360,63093792,5,01JBGDSJNXNZCRFFDHX1P49CE2,426531,16727127,2026-07-31T00:00:00Z,"Peningkatan Penyelenggaraan Pelatihan Vokasi dan Pemagangan Binalavotas, ",efbb911a-59d7-54a0-816c-d0c9fbaa93e6.mjJd6MuYzYL1lJk9.y9CTvN_vFTSenVhUc4WpY2W0RWeQ08FthnSh9mstkTo
Pengadaan Pakaian Kerja,COMPLETED,2026,76222339-ac54-4fe1-b7a2-719309ad5bba,48,0,ON_PROCESS,Tidak,K34,BALAI PELATIHAN VOKASI DAN PRODUKTIVITAS BANYUWANGI,DL.4057.SCO.030.056.0A.521211,APBN,01KZA7EW7E25PXDECVT8FF6ZV5,9600000,67512313,1,01JH5RHR6H49NDK9HSKHEFSE26,051102,4040033,2026-08-07T00:00:00Z,"Peningkatan Penyelenggaraan Pelatihan Vokasi dan Pemagangan Binalavotas, ",efbb911a-59d7-54a0-816c-d0c9fbaa93e6.mjJd6MuYzYL1lJk9.y9CTvN_vFTSenVhUc4WpY2W0RWeQ08FthnSh9mstkTo
Belanja Bahan TMT Klaster,COMPLETED,2026,"e0984422-855f-40a6-ae53-b5d5e0819d9b, 7c1b211e-b383-4846-8d0d-7fdc7f711f0c, 5553ff90-b3f8-4358-8439-f721bc86b2a5, 9bdb7f46-336c-4c14-afe8-51676a98ffbe, 2561b8ca-853b-4dde-af28-21bbd4c21b03, 5b7d8495-bad6-4c55-91ee-d8af57115271, 91527085-db65-4ccd-9c93-2210f813c080, e202834c-7c1b-434d-a06d-2c508c6e3d1e, 1657b818-e7e4-4c62-b182-da936f4d9434, c4cf45d9-7290-4a4b-b59e-4db1d414793c, 48091116-4e3f-4978-b040-5fa5f20ae55a, 0162786f-8de6-46f7-9c71-b41ac4400575",137,277500,COMPLETED,Tidak,K34,BALAI BESAR PELATIHAN VOKASI DAN PRODUKTIVITAS SEMARANG,DL.4057.SCO.003.053.0A.521211,APBN,01KKXFKSFYPAGDV9VB82392T49,5393490,66185950,12,01JCF5TRQVKW157PX3JC6JFJ1Y,452609,2705108,2026-03-25T00:00:00Z,"Peningkatan Penyelenggaraan Pelatihan Vokasi dan Pemagangan Binalavotas, ",efbb911a-59d7-54a0-816c-d0c9fbaa93e6.mjJd6MuYzYL1lJk9.y9CTvN_vFTSenVhUc4WpY2W0RWeQ08FthnSh9mstkTo
Belanja Barang Persediaan Safety Shoes  UPTD BLK Disnaker Sragen,COMPLETED,2026,ee260424-b5de-4bc2-98c2-145dbdb49ad3,32,0,PAYMENT_OUTSIDE_SYSTEM,Tidak,K34,BALAI PELATIHAN VOKASI DAN PRODUKTIVITAS SURAKARTA,DL.4057.SCO.011.054.0A.521811,APBN,01KVCD7QFN68ADZJ8PFJ32XASQ,10709280,66305805,1,01JR9NJ3E5JK5JKT4A18PYKCVK,035636,0,2026-06-19T00:00:00Z,"Peningkatan Penyelenggaraan Pelatihan Vokasi dan Pemagangan Binalavotas, ",efbb911a-59d7-54a0-816c-d0c9fbaa93e6.mjJd6MuYzYL1lJk9.y9CTvN_vFTSenVhUc4WpY2W0RWeQ08FthnSh9mstkTo
Pengadaan Bahan Pelatihan Batch 2 tahun 2026,COMPLETED,2026,"98624738-4197-4cbf-b890-0b1129398b0c, 58aff3dc-fbef-4f8e-8ff7-b3c7ba06ced9, 054c3447-33ee-498b-a54e-0b5f3ee9128d, 45826e8d-2a56-44d2-b94a-c2f3d63701a1, 9cc15a27-c8b5-4dc1-a955-ea156d9d73e8, fb4eabda-2bf5-4002-a49d-46e0bf61fc40, f325837a-50a8-49a9-8e39-b39f80d51aad, dce2256c-bf9a-4c2a-93d5-6c37a5b8b1de, 18e92518-4f7a-4d59-aab1-52c9b8dfb103, 74bf5332-e9a2-45fa-82c3-71017ac7e9e5, d307c51b-f618-4918-92bc-c66deeaba539, 6bba62d3-5186-4d63-a436-a1a0348dc291, dfdf1ea0-931d-436a-b11f-65af95d48603, d589d180-ebf1-44ee-9a89-5b0f814d0990, e8a2032a-a533-4dc3-b1be-6d52981d525d, 484f5319-6eef-430c-9501-e62710417c42, 861d7283-1445-4b88-a264-59ec494c54aa, c27139c0-ba1e-4834-9424-e9949c440a8e, c9b9105e-0ebf-4c69-9b65-5fc0da8bcd27, 77ce3abc-038c-4410-b4d3-a0865b3a2a6d, cd01b3a4-11a5-4271-967f-dffe19a81789, f4cc138e-3cb8-457e-ba0c-3709209f5bc3, 693b035d-1c3c-4789-a4df-66c6d7b18c3c, 4f7ebc9b-0367-4213-92fd-57c367434c15, 31d9f2a1-3342-450e-8b29-69ba8e86767d, 84c1a1b5-9f25-406e-8104-904422a8beed, a139c80e-5742-45d5-9b40-0ca0337710f6, 68b9c065-6b05-465d-bac9-6ef86921633d, 9ffbd70f-ade7-4eb7-992b-cc18c1806a61, 7c9797fc-ce16-49df-9a58-0db85765d8b3, ac93d7cd-2bf3-4dd0-9fcf-a764ffd07a2f, 902db892-642a-49e8-985a-4dffbd07f2e1, 81264ef2-50cd-4563-a100-107f239380f3, 4499f51d-16c0-412c-862b-e1610b57fecc, 192161d8-bb0d-4eb7-accd-6134ee4019e9, 9cfc0063-4b74-4065-8603-ed36b4a2ec0b, dda2fff0-d480-4b1a-8dfc-393c09e83fde, 88daa9d4-b138-4cb0-9e9a-c6a4f35f713d, 864f50ee-6c88-4807-8e2f-1cbda7d54bef, a333e371-3e21-4d5e-8ac6-1236f920f98e, 65dc628f-2302-49b9-b710-00c6a3e24300, 863fabb1-d15d-410d-a5ef-e809a4349b2a, 89bfb2ba-f872-4687-8ff5-8a2c6df55307, d30ef986-f80e-4ebc-bba0-ca2be3148fc6, d90c23e1-f03a-41f3-a953-d9c7a814de22, 8d359572-420f-447e-b8b8-2af7e0153f7f, d1429cb2-e47f-44cb-b029-3ed12c691dc6, beb803d2-703f-459e-8cbb-2ec9d0a87253, bac1f3b9-e8b9-474d-a5f3-0bd729234b85, a7dd9743-2d94-4f10-830f-7b0e1c168328, 57ad242e-d73d-4859-8da7-846c85087d41, 799f9870-44b7-4784-beeb-fba67b88c5ee, e299c903-9407-4086-a7e7-89fdc09d760a, b0a6b392-e99a-4176-b21c-01cccbadd92a, 9e979104-89f3-4e96-9767-867bcb9e94f7, a2dc8012-e091-4424-9421-fb861807406f, fa273dd7-0a23-45df-b95a-fc10a7c17c9b, e9a14b3b-51ac-477d-81a5-e167f1dd7475, fd490e66-8aa8-40dc-b3d0-85e948f2fc03, 87e0d4c3-e6c0-495c-99b4-57a358c6d6c6, 0f535425-54e4-4f5e-a07f-1e90ac9e8a09, 7a87cef5-bba8-4c0a-94e1-f7fd8390b6a9, e16ee46e-b2cb-4c78-8a18-2e81a5e7f47c, a5208b06-de8e-4c12-a41a-a30fb7ec7ccf, a3c2f9ef-4a73-42c0-8feb-668bee8d189b, 52a90139-4c79-4c57-a240-238b1e598521, 03364713-7882-488b-883f-b9ab378834b0, bd665581-8b5e-4c43-a73d-145d9787a692, bf1a9261-f46d-4392-b3c2-b12be85fea12, a4bb8b5d-a1f5-4382-b868-2c233802e779, 6a2e7c22-aec9-41be-a20f-48b6c3e4a3aa, 3dc6d92d-e039-42b9-8d12-1d9e896b55a7, 9680af19-9f0e-49eb-b217-85ae76e7bc8e, 0cf1704e-688c-4ded-932c-28eb3e80ba82, 30fcca3b-f263-4ac9-aafc-69e4d1b0d19b, 80ce2796-befb-41fa-9bc5-63ff198bc0ab, 1263eba4-baf9-4e21-911d-681c96eedd08, 01e1d49e-7761-4ce7-898d-1b014aec8850, d54e0111-90d5-4d0d-a6df-9a1e1426140e, 442ece7d-4742-413f-969f-79bf387f0e40, d88e4412-30ec-4e4e-ab4e-25ded89d8f68, fd18a9c2-a9a7-4ef8-8536-49435c415a2c, 2390e7ef-9c49-4439-9cf3-d4ac2e6ffc8b, 4c9a2572-9895-4e78-ad11-6476e981cdd4, 0869e874-7959-4ba2-8f53-c0fe8380091d, b638a316-2ba5-479e-a83b-031d5c4851e8, 7de54df7-524f-4d2b-b8ea-8279b542fd01, e1127634-ed57-4486-b44c-02f200d0be20, 6f191e1b-8413-46c7-ad31-58497d9f0076, b6edf162-8bf9-4511-9d14-fb8a7e410146, 1a52eb0b-7004-4898-80ab-c1ac6f6db375, adee6102-c100-420a-989a-73d6a825d68e, ebc876b8-0177-4007-9dd4-5dc54a44dc80, d2b76dc5-0ae0-405e-8ed7-907435326e91, 7daa6a7c-cd57-45af-9448-29716efbce12, 0df78613-b6b8-496f-928a-edac9f270bbc, 9eb228d4-2ded-47a7-b0d0-94d9e6a6f847, 8d9ae83a-c1c8-47bd-ac14-ea9a0cbc9ca1, a7e645ac-cf90-4fed-96fd-a1f223d46267, 6d3e3130-6d69-4541-92b2-112900c39df4, 07df9316-a0a9-489a-8a1f-d7c51b201efc, 5c1d9455-48b4-4bda-b31b-665a6d6aff07, 58acbadd-a65a-4d27-8d64-7cdbcc41de63, f04a5887-5b9d-4746-8355-d5ebb1065511, a7c17c7e-5551-42df-b301-f67a0f831908, 2f286aa4-3f38-4509-9e36-408c241c6b3a, 91987118-2dfa-4d06-aad4-da4c0ef9653d, 2debc34b-1cd1-41e6-b213-139d8b311994, 013f1d53-55a6-4e6a-9039-623ea14fb784, e20d7638-dde0-4ac9-a435-9ac4434ceffa, f68c255a-2519-4b21-8659-6b046839308a, 2b561943-7e9c-4858-85c1-245045296360, 495dd568-d3c4-497c-af5b-c4e20c39b40c, 52b56e89-73ac-410e-a853-d0023ce047dc, d84646ab-14b8-43c5-9553-c1bf1a67c8ce, cece56cf-91ab-4258-98b8-ec34d2805b09, 4e5aa0c3-f4ce-45a9-817e-949043859163, 9cf5a273-2b63-48b8-bef3-ac268cd0c6e4, ab79f123-7012-40a3-95fd-4c9ad881d13b",1127,0,ON_PROCESS,Tidak,K34,BALAI PELATIHAN VOKASI DAN PRODUKTIVITAS BANTAENG,DL.4057.SCO.027.060.0B.521211,APBN,01KWA01NR2XJ3Z4VDRGQWHX49D,71900750,67316585,119,01K8JDJ6QZW2JHH2702F6MVKCE,191206,0,2026-06-30T00:00:00Z,"Peningkatan Penyelenggaraan Pelatihan Vokasi dan Pemagangan Binalavotas, ",efbb911a-59d7-54a0-816c-d0c9fbaa93e6.mjJd6MuYzYL1lJk9.y9CTvN_vFTSenVhUc4WpY2W0RWeQ08FthnSh9mstkTo
Belanja Bahan Pelaksanaan Sertifikasi Lulusan Pelatihan ,COMPLETED,2026,"68db1fa9-2620-451d-84fd-91e010feecf8, 81caea6a-0389-4b46-9284-81ac1ae4b776, 5cadc38f-c046-44bb-8b6c-6441c4b13802, a49c82f7-c82a-49b8-9052-00debab59fde, a996b51e-5275-48a9-abc3-b48cf2d1ef01, 8cf5180a-d754-4a0d-9440-53e8db368967, 20f56777-0c71-4497-b526-4ae51ca966f6, 184f2a8f-e28b-44e3-aa52-0c8b67329033, 11580236-f148-4096-acf1-f2001d90a00e",15,0,ON_PROCESS,Tidak,K34,BALAI BESAR PELATIHAN VOKASI DAN PRODUKTIVITAS SEMARANG,DL.4053.PDI.002.051.0B.521211,APBN,01KZQD1GMH25E51379TE380G7D,926850,62801553,9,01JY61XM4G13MY1MYNDAVFQ9B1,452609,0,2026-08-11T00:00:00Z,"Pengembangan Sistem dan Pelaksanaan Sertifikasi Kompetensi Profesi Binalavotas, ",efbb911a-59d7-54a0-816c-d0c9fbaa93e6.mjJd6MuYzYL1lJk9.y9CTvN_vFTSenVhUc4WpY2W0RWeQ08FthnSh9mstkTo
Belanja Bahan Pelatihan Vokasi Bidang Industri dan Jasa Reguler,COMPLETED,2026,"b1c85f15-2aec-4f10-89dc-472df8f0a260, 28fb175e-bcbb-4b31-b434-5c30d57f14cc, 0213cf15-7868-40af-990b-45a465daece8, 5553ff90-b3f8-4358-8439-f721bc86b2a5, ac150246-6ed7-4b25-ba08-b5dae45dce5f, 290f25ed-370d-4bbf-8098-a65722530d53, 5b7d8495-bad6-4c55-91ee-d8af57115271, 460ae3e9-ac74-44b2-82ea-1c98ab19f068, 7a5441fa-29a1-4e81-a1e0-3a87709289b5, c4cf45d9-7290-4a4b-b59e-4db1d414793c, 4103a27e-f90e-4c76-8548-05ace9ca40d5, e0afdbc5-efff-4570-abf9-178468247a64, c84547be-109b-4d71-97a8-2fafe43eda0d",170,0,COMPLETED,Tidak,K34,BALAI BESAR PELATIHAN VOKASI DAN PRODUKTIVITAS SEMARANG,DL.4057.SCO.003.052.0A.521211,APBN,01KK8Z7GB0HC9GD0JBKH6JCAAV,11304906,65956099,13,01JCF5TRQVKW157PX3JC6JFJ1Y,452609,2705108,2026-03-10T00:00:00Z,"Peningkatan Penyelenggaraan Pelatihan Vokasi dan Pemagangan Binalavotas, ",efbb911a-59d7-54a0-816c-d0c9fbaa93e6.mjJd6MuYzYL1lJk9.y9CTvN_vFTSenVhUc4WpY2W0RWeQ08FthnSh9mstkTo
Belanja Bahan PBK Reguler Luring,COMPLETED,2026,fd03e592-5b0c-458d-aa68-56d577ec4564,282,0,COMPLETED,Tidak,K34,BALAI BESAR PELATIHAN VOKASI DAN PRODUKTIVITAS SEMARANG,DL.4057.SCO.005.052.0A.521211,APBN,01KN3FB1940APTVERMEQN920PD,5569500,66186051,1,01JCYR1H5KAHWBXMZNS2PMK7NJ,452609,12452042,2026-04-01T00:00:00Z,"Peningkatan Penyelenggaraan Pelatihan Vokasi dan Pemagangan Binalavotas, ",efbb911a-59d7-54a0-816c-d0c9fbaa93e6.mjJd6MuYzYL1lJk9.y9CTvN_vFTSenVhUc4WpY2W0RWeQ08FthnSh9mstkTo
Konsumsi Peserta Pelatihan 280 JP Reguler PBK RM,COMPLETED,2026,58cb8ad5-86c7-46d2-b569-0dfe12df8fcb,338,0,ON_PROCESS,Tidak,K34,BALAI BESAR PELATIHAN VOKASI DAN PRODUKTIVITAS MEDAN,DL.4057.SCO.003.052.0A.521211,APBN,01KVMA2VJKNWVR1WZTMRVHXZYD,6760000,66121223,1,01JM72CXSQXYW7P7QXDF5DXAY3,451094,1790022,2026-06-21T00:00:00Z,"Peningkatan Penyelenggaraan Pelatihan Vokasi dan Pemagangan Binalavotas, ",efbb911a-59d7-54a0-816c-d0c9fbaa93e6.mjJd6MuYzYL1lJk9.y9CTvN_vFTSenVhUc4WpY2W0RWeQ08FthnSh9mstkTo
Belanja Bahan PBK Reguler Luring,COMPLETED,2026,"8e7c2393-fdfd-4ea5-8331-2f22623bd34c, f57d19dd-a360-4558-9787-8dd3b89bda28, b7170368-b8b3-4d51-90d0-6dfb9e160fd6, 2fd4545e-2d5d-4a45-8c0d-c7dc14fca8a8, 1bdaace0-c548-4c9b-bcec-eed956ed8ea3, b700f7d9-a733-4cd4-9ae8-c786e34edfcc, c4f34577-bddf-4a78-9d49-23a6b1316673, 6c3b88b7-0565-4b94-8603-0d936c52f23f, c712becd-83f8-4984-8ada-99227c70203f, 674bbd49-6a57-4222-9955-7ada708cc221, bba65561-f48b-4c84-ad59-d1151a69d941, 267ea927-66a3-49b5-a320-25fa972e984c, d4dc4929-b169-4686-bfad-af31bcdf3b36, eb7fbeec-962a-4151-b508-72c1e0916df9, f6b1711c-da63-448b-9c64-6dc434dab051, 1c649746-35de-43b6-b636-416cb6af13ea, d08dc900-cb3e-4f74-8a9b-52df04d4f599, 26a710e8-ca14-4515-8ecd-4181f5717c02, e1c30898-73ea-4aca-89f2-35ad79ea85ee, 8cef6308-8dda-4e2b-bbff-7c68eb381e7c, d4dcb7de-44f3-40b9-9c8d-f4f4dfa163cd, 8b91cc51-2dc5-406e-b39e-d26954062c9b, 5aa6ee8f-23c2-4692-877c-a452bbe3e8b8, a9704d9b-45d3-4d07-972d-6d87c3fea9bb, 96a9574d-ac0b-4f3f-a092-dc61156bf7a2, 7c9f5197-8551-4679-9763-15c898c7be98, ff4b38ee-4cef-419e-877b-686018bdbee3, df1d02eb-eaf7-41a9-9ab0-e16c23cb9ef8, bd8d598a-b0b8-4fc2-a409-dfa91844ed98, 3854903e-e6d8-407e-8f8b-7e986d6f6307, 0553ffc8-5179-4215-a918-c3aec1e55a94, d66dd2ff-3ad8-4983-a441-f733ec9c2c74, 8e44302b-b195-4fd3-ad09-ae7979d5dcd2, f4fe7ba6-db4e-49e7-bd27-6d166cccc0d5, 9a81e304-d81e-4d2c-b62a-fd22c8a47fc5, 89e7d3b9-5b4b-4e05-9baa-0db7bac3e0c6, 622efa8f-316d-4917-a20f-80f7212d3f7c, a2549d45-f63c-412a-85e8-5bcd02caf7fc, 200d9356-0503-46c1-93fd-356781eaed97, 462f696c-2df3-4ffe-84f2-30afc1233267, 14d4bc0f-f502-45b9-9c38-eb452066ee18, 152acd7e-7504-4afc-a107-a6f0df28e453, ce92f331-333f-4a11-9d0b-9257a373ce5e, ce61f0a6-2a8e-431b-bbe0-72975f87a5fd, 5f2917c3-0727-421f-9808-39ff6f39ea85, 14cee0fc-7c9d-4b2e-baed-0a042b603dc2, fdba9127-8c48-401a-a3e4-d52550339227, b7637ab8-03fc-4361-aa6c-1b3bc70dfe31, e21a1b41-3355-4f5a-b5cb-a67091bab8d8, eaf3db1c-907e-4cac-83be-8c78e5c715a8",811,0,COMPLETED,Tidak,K34,BALAI BESAR PELATIHAN VOKASI DAN PRODUKTIVITAS SEMARANG,DL.4057.SCO.005.052.0A.521211,APBN,01KJYFEFPYVRWCEA9SXZWCT8B0,22277201,66186051,50,01JYDESZTP0YA22FBCZT8CDSRE,452609,0,2026-03-05T00:00:00Z,"Peningkatan Penyelenggaraan Pelatihan Vokasi dan Pemagangan Binalavotas, ",efbb911a-59d7-54a0-816c-d0c9fbaa93e6.mjJd6MuYzYL1lJk9.y9CTvN_vFTSenVhUc4WpY2W0RWeQ08FthnSh9mstkTo
Belanja Pengadaan Pakaian Kerja Peserta UPTD BLK Disnaker Sragen,COMPLETED,2026,f2c36222-cc6d-4c2b-b33c-69c51e04c7a1,32,0,ON_PROCESS,Tidak,K34,BALAI PELATIHAN VOKASI DAN PRODUKTIVITAS SURAKARTA,DL.4057.SCO.011.054.0A.521211,APBN,01KXFSWN0HKDG7Q05FE3DMGN1N,4672017,66299553,1,01JR9NJ3E5JK5JKT4A18PYKCVK,035636,0,2026-07-16T00:00:00Z,"Peningkatan Penyelenggaraan Pelatihan Vokasi dan Pemagangan Binalavotas, ",efbb911a-59d7-54a0-816c-d0c9fbaa93e6.mjJd6MuYzYL1lJk9.y9CTvN_vFTSenVhUc4WpY2W0RWeQ08FthnSh9mstkTo
Belanja Bahan Pelaksanaan Sertifikasi Lulusan Pelatihan Vokasi (PNP),COMPLETED,2026,"b9b2f995-099f-441b-91d1-05ed134fa324, f4fdac51-3f0a-428c-b78b-ba172b9a2b56, 08a02a59-6283-4c51-a400-0edf5957cae8, 006ec43f-176a-4281-b270-db584a041992, 2eb6b4b7-19d6-47a2-b658-c74302d9ee76, 940513ba-f440-4e85-9e10-04013260ae21, 51086016-fe05-4ef4-b63c-58881cc2b9ba, 2d6603e7-071e-4c3c-a995-34f53a542187, 2e1dccfc-4eb6-4482-a3d7-fb1599e3c69c",64,55500,COMPLETED,Tidak,K34,BALAI BESAR PELATIHAN VOKASI DAN PRODUKTIVITAS SEMARANG,DL.4053.PDI.002.051.0A.521211,APBN,01KP31SH2Z3SH9VE7EEJNEC441,3534240,66185662,9,01K2KX48KE5DQHRAJ0REG26EE5,452609,0,2026-04-14T00:00:00Z,"Pengembangan Sistem dan Pelaksanaan Sertifikasi Kompetensi Profesi Binalavotas, ",efbb911a-59d7-54a0-816c-d0c9fbaa93e6.mjJd6MuYzYL1lJk9.y9CTvN_vFTSenVhUc4WpY2W0RWeQ08FthnSh9mstkTo
Belanja Bahan PBK Reguler Luring,COMPLETED,2026,"8b91cc51-2dc5-406e-b39e-d26954062c9b, af138af0-513d-4ad1-98d3-687a45c5500b, b700f7d9-a733-4cd4-9ae8-c786e34edfcc, a2549d45-f63c-412a-85e8-5bcd02caf7fc, 6c53c4c0-8416-4f29-bb5c-e130e1486708, c0235fa4-0211-4689-aa6b-63838738c39e, 5aa6ee8f-23c2-4692-877c-a452bbe3e8b8, 97632e19-99f3-4809-9dc8-dfa4c6f00474, 45d8e363-1614-47a4-b0ea-679841b0a215, 254ef68a-423a-4caa-b5bc-dff17099c9eb, 84f38e00-b5d0-4bde-b9dd-6aed9881ff56, f3007fcd-70d1-4881-9ed3-4f0d308be6e5, 9a75474f-f5bc-4b3d-aa04-2bef4d1abb07, bc1d8a78-70e2-48a3-8eed-d5ef2f568aea, 3854903e-e6d8-407e-8f8b-7e986d6f6307, 55769252-2ac9-4189-8cfa-75ea977bcfc5, 1ae0d84c-3dd5-411c-a761-efab87582bdf, 92ad90fc-2903-4eee-9bbc-c0b99e0c8bae, 55ef284d-0ad2-4016-9f7b-466266976bbc, 01eacc70-a49f-4aaf-9582-50f3fd9926c8, 1296234c-3f9f-4475-ae69-7071664114ed, 285aa848-5f77-4d94-9f67-093c04261864, f4fe7ba6-db4e-49e7-bd27-6d166cccc0d5, 706aa3c4-4658-4c89-99e4-b8e096e450d1, fdba9127-8c48-401a-a3e4-d52550339227, 8f98a452-89ae-445c-ab8a-8afc866df28b, 86f79b73-525d-4aec-b110-b28040ceee06, 67537211-03b0-4a59-9303-7fed2d816438, 94858765-5bc0-4044-a7d1-71bab6e6d238, f18a06b9-f1f6-4cd6-b3ec-2e1bd5ba972a, 152acd7e-7504-4afc-a107-a6f0df28e453, 9c9f44ed-4a2d-4955-8257-1ecda7686670, 420ca5b8-94a7-4d8a-bd20-ac6fd9a005b7, 2d24818e-62c6-400c-ac39-4b65326667c7, ce92f331-333f-4a11-9d0b-9257a373ce5e, fb3ea6a8-74c2-4d3e-bf4e-4f9255b4447e, c747f789-fc57-4bc0-badb-e39b95a41aff, c712becd-83f8-4984-8ada-99227c70203f, 1fd49a77-e8c7-4c2e-aaab-efd408823c38, df70f92b-a822-4956-8af7-0bf9ef08fe35, 9bd9774e-54c6-4316-b6ab-64fc2f6214cc, 552109db-f78f-4b1d-ab4d-c73f7cbfc7b9, 9210fde3-ae98-474d-9630-846fb485c767, 032a532b-2803-466b-87bc-4cec03a9f828, a46a5617-13c3-44b1-9505-4733b1b2411c, 05e16512-ad1c-4113-beb2-243b742ed0fa, f1699f33-3739-4de5-a1c7-303e27527340, aabf9bfc-33b4-49d2-a2f7-01102263d19f, 3121b8eb-2fc1-4cef-af8d-42950968a0e4, 7843836c-f359-40df-b603-6c19a010121b, 0dd9792d-ed1f-4d59-8528-7809ee662a70, 18f323a5-da15-4b17-8902-86ac233f02c8, 5af293fb-e453-49e1-92e3-58b3ea3aa86b",588,0,COMPLETED,Tidak,K34,BALAI BESAR PELATIHAN VOKASI DAN PRODUKTIVITAS SEMARANG,DL.4057.SCO.005.052.0A.521211,APBN,01KJV9PF8C6XJ5X370T0DJ7XED,17176529,66186051,53,01JYDESZTP0YA22FBCZT8CDSRE,452609,0,2026-03-04T00:00:00Z,"Peningkatan Penyelenggaraan Pelatihan Vokasi dan Pemagangan Binalavotas, ",efbb911a-59d7-54a0-816c-d0c9fbaa93e6.mjJd6MuYzYL1lJk9.y9CTvN_vFTSenVhUc4WpY2W0RWeQ08FthnSh9mstkTo
Belanja Bahan Project Based Learning B,COMPLETED,2026,"a175e0a7-6419-40ca-9346-c18d741d14f6, a3c837c6-fd50-47d2-b175-641d125d1e23, 756ab366-31a9-4718-9d83-f8ece78c1e7e, 2697be83-79de-402b-a164-47901ac5c415, f8d85f1e-7672-420c-98ea-948a76520f3f, 16419b3b-c92c-48d3-a761-99dbf1151fe1, 5b50bec1-9139-4616-bcbe-e8522c44f89b, 06785d84-cc9e-4633-a480-0312a083a686, cde9d1c1-fbc2-4541-a560-64b61a644385, f7006cdd-9a0e-41c6-810d-cb9d95679fc3, eaa8f13f-34e6-4ee1-bfed-55e96dcb4486, 8848c209-d388-49c2-a835-63bac667df5e, 2bc75fda-ce49-4b37-80d9-d5abe690d3d6, c7c49739-cc33-45fe-a50d-da2234f07538, efb1b250-a94e-4767-b86e-f9965034ff63, 8091d7e1-b437-4d87-a2bb-9b992a1a685a, c463a037-f47f-43dd-a131-1b05fe89a0f4, b00266ca-e8c3-4117-963f-d386f426d400, 596dc37e-8d99-4a08-9ae3-e61ce7a4f648, 72d4c9e2-3fd2-4f33-b42b-4b8d535c7a9d, 5e5054e7-4e00-4172-97be-32b89ce1ec30, 1d01e554-3ee9-447f-855d-f81afd4d641f, 8d5d8dd6-4e48-46ad-b3c8-5605954e3a96, b301ef8a-02fc-4bb7-9fb5-e5c274d67c62, 558a567d-e591-4f36-940d-319fb318a096, 41bee67e-bdad-4610-950f-e82bbffff249, 3d1ba16d-6c99-4a9c-a868-7b1a206e6ac2, cc285a3d-dc91-44c7-9e13-9ea3d3cedfc8, b12f602e-94a0-41b7-9bec-acb4c88d60ad, e3a0271e-a0d3-441b-9f85-cc0bc55f06a8, 3a2470a3-d894-4888-ba37-088357ee79d3, ea3ba026-1638-4f80-8fac-0123881bafbb, 654ec7f5-c628-4fb2-a570-ae566d510eea, 348c8c64-989e-494a-9f2f-17e8ea0036da, 851374c4-c813-415f-91fd-a71d39bc1057, 5cc636d0-6836-4ad4-9c66-655772c57642, 5630d17c-386e-452e-a45c-168ce0b348a2, 1a0391d0-ff21-4835-9f12-6847ed7f804c, 041ca57a-a662-4d31-ab4b-8434e8d1a38c, b41a9039-d37c-43a3-a93b-285ce862bf1f, f574af1d-819f-4d10-894a-63f095242e46, 435c7650-570b-4aba-93cb-637f9fa7c88d, 0711078d-6227-4b99-b4ee-6eb62712bdc1, 028cc1a1-3607-4363-8664-c7fcf140db8d, f08330b4-74ef-47fe-8a91-64778e466633, 512912a7-9605-46bc-9f87-3796f709adb3",622,0,COMPLETED,Tidak,K34,BALAI BESAR PELATIHAN VOKASI DAN PRODUKTIVITAS SEMARANG,DL.4057.SCO.003.051.0B.521211,APBN,01KK8TQE0S5RJ5VX9CBKEFPY1B,43322190,62803988,46,01K21VM9ENQAGGV8BA9GQQY5VC,452609,0,2026-03-09T00:00:00Z,"Peningkatan Penyelenggaraan Pelatihan Vokasi dan Pemagangan Binalavotas, ",efbb911a-59d7-54a0-816c-d0c9fbaa93e6.mjJd6MuYzYL1lJk9.y9CTvN_vFTSenVhUc4WpY2W0RWeQ08FthnSh9mstkTo
Pengadaan Jasa Outsourcing (Alih Daya) ,DRAFT,2026,cef86bfe-1d5f-4b2e-b917-b87b887f2f7f,325,0,ON_PROCESS,Tidak,K34,BALAI BESAR PELATIHAN VOKASI DAN PRODUKTIVITAS SERANG,"WA.6988.EBA.994.002.0I.522191, WA.6988.EBA.994.002.0J.522191",APBN,01KDF6GKC5MF2RH9451Z1MKK8B,1738815000,66939410,1,01JGJQF2STK5RZ3EBJRABA98V4,426531,788318,2026-01-02T00:00:00Z,"Dukungan Manajemen Direktorat Jenderal Pembinaan Pelatihan Vokasi dan Produktivitas, ",efbb911a-59d7-54a0-816c-d0c9fbaa93e6.mjJd6MuYzYL1lJk9.y9CTvN_vFTSenVhUc4WpY2W0RWeQ08FthnSh9mstkTo
Langganan Layanan Bandwidth Rumah Dinas Pimpinan 3,DRAFT,2026,304173fc-e194-4033-8dad-12168aee2323,7,0,ON_PROCESS,Tidak,K34,BADAN PERENCANAAN DAN PENGEMBANGAN KETENAGAKERJAAN,WA.6624.EBA.994.002.BC.522119,APBN,01KT6JCK7S4M2JDM85XYM79GXZ,27195000,62540498,1,01J9ARYBFRM5PHXQ5MVCCQQKT9,452677,3196119,2026-06-04T00:00:00Z,"Dukungan Manajemen Badan Perencanaan dan Pengembangan Ketenagakerjaan, ",efbb911a-59d7-54a0-816c-d0c9fbaa93e6.mjJd6MuYzYL1lJk9.y9CTvN_vFTSenVhUc4WpY2W0RWeQ08FthnSh9mstkTo
Langganan Internet,DRAFT,2026,56f8b996-a0d6-43da-af2d-0c09f8c1c704,12,0,ON_PROCESS,Tidak,K34,POLITEKNIK KETENAGAKERJAAN,WA.6625.EBA.994.002.0B.522119,APBN,01KG49BTVHBSRW3GRSAMRJKM1A,378480008,63965014,1,01J8J4FKD8ZV5XB8Y06S7JTZPH,352632,4802119,2026-01-30T00:00:00Z,"Dukungan Manajemen Politeknik Ketenagakerjaan, ",efbb911a-59d7-54a0-816c-d0c9fbaa93e6.mjJd6MuYzYL1lJk9.y9CTvN_vFTSenVhUc4WpY2W0RWeQ08FthnSh9mstkTo
Belanja Bahan Fasilitasi Dan Pembinaan Calon Tenaga Kerja Di Pekerjaan Hijau,COMPLETED,2026,5a26c0f5-e2d1-4656-bba1-abab63942a75,200,0,COMPLETED,Tidak,K34,DITJEN PEMBINAAN PENEMPATAN TENAGA KERJA DAN PERLUASAN KESEMPATAN KERJA,DN.2173.QDC.002.051.0A.521211,APBN,01KRDF1M8MT9CHMV36Z423T2D1,20646000,67084718,1,01K0H6A0GCEZ79CYP40PP930DE,451139,0,2026-05-12T00:00:00Z,"Penempatan Tenaga Kerja, ",efbb911a-59d7-54a0-816c-d0c9fbaa93e6.mjJd6MuYzYL1lJk9.y9CTvN_vFTSenVhUc4WpY2W0RWeQ08FthnSh9mstkTo
Belanja Bahan TMT Klaster,COMPLETED,2026,"3cf0a798-5ba3-473b-82ec-9c3b2d67cd53, d00bb8c8-ddee-48cc-bd6c-0c520783e572, 6e1b2aca-60f3-48f0-bba9-800a943a2ea0, 8ac82246-4054-49e9-bfec-a9756cc07bf7, f4fdac51-3f0a-428c-b78b-ba172b9a2b56, 08a02a59-6283-4c51-a400-0edf5957cae8, ec9c0fba-36fd-463f-9a68-48c8affae16c, 468f67d9-cc10-4912-a751-2e2d0e6480a6, 23d2ba99-20a4-4898-9e36-aa0301535bab, 51086016-fe05-4ef4-b63c-58881cc2b9ba, e4ccdb0b-17c1-424a-a7b0-4550b196299b, 7c9c595d-7f74-4d76-8f9b-9282c887b1da, 940513ba-f440-4e85-9e10-04013260ae21, 3c487a36-fe8e-4fce-8e93-94a8771de82d, 26c38e51-5b93-476f-a066-61986343e1c8, b9b2f995-099f-441b-91d1-05ed134fa324",491,0,COMPLETED,Tidak,K34,BALAI BESAR PELATIHAN VOKASI DAN PRODUKTIVITAS SEMARANG,DL.4057.SCO.003.053.0A.521211,APBN,01KKX4YAMRTWFFMADQVBFZ43DX,17444094,66185950,16,01K2KX48KE5DQHRAJ0REG26EE5,452609,0,2026-03-17T00:00:00Z,"Peningkatan Penyelenggaraan Pelatihan Vokasi dan Pemagangan Binalavotas, ",efbb911a-59d7-54a0-816c-d0c9fbaa93e6.mjJd6MuYzYL1lJk9.y9CTvN_vFTSenVhUc4WpY2W0RWeQ08FthnSh9mstkTo
Baju Lapangan,COMPLETED,2026,387ab7cb-b7b1-4f08-89b4-20e9cd44d23c,49,0,COMPLETED,Tidak,K34,BALAI KESELAMATAN DAN KESEHATAN KERJA SAMARINDA,DN.6592.QAC.001.051.0B.521211,APBN,01KVSBRCNWWW903QPB5BKKG2HW,6918408,62680404,1,01K0B8M3QB80HC407ZZVKMAJYZ,350083,0,2026-06-24T00:00:00Z,"Pengujian Keselamatan dan Kesehatan Kerja, ",efbb911a-59d7-54a0-816c-d0c9fbaa93e6.mjJd6MuYzYL1lJk9.y9CTvN_vFTSenVhUc4WpY2W0RWeQ08FthnSh9mstkTo
 Pemeliharaan Perangkat Data Center Precision Air Conditioner (PAC) ,DRAFT,2026,ce722185-8708-4451-a638-588450d171d9,1,,CANCELLED_ON_NEGOTIATION,Tidak,K34,BADAN PERENCANAAN DAN PENGEMBANGAN KETENAGAKERJAAN,WA.6624.EBA.994.002.BC.522191,APBN,01KXD62Z8Z3RKJS4R2AR5YKKDK,49950000,67473859,1,01K1A2MN2EDG8ZVWWN3C72V22E,452677,0,,"Dukungan Manajemen Badan Perencanaan dan Pengembangan Ketenagakerjaan, ",efbb911a-59d7-54a0-816c-d0c9fbaa93e6.mjJd6MuYzYL1lJk9.y9CTvN_vFTSenVhUc4WpY2W0RWeQ08FthnSh9mstkTo
Biaya Operasional Petugas Keamanan (Outsourcing) Gatsu 51,DRAFT,2026,fbafd86d-cac8-4fa2-a587-b6425a697086,649,0,ON_PROCESS,Tidak,K34,SEKRETARIAT JENDERAL KEMNAKER,WA.2158.EBA.994.002.0K.521111,APBN,01KDPSS2W8TVS8KNE1ME5TPEM2,5311482000,62328573,3,01KDMFMTDTJW4GFMH3B7TK8076,450938,0,2026-01-05T00:00:00Z,"Peningkatan Pengelolaan dan Pelaporan Keuangan, ",efbb911a-59d7-54a0-816c-d0c9fbaa93e6.mjJd6MuYzYL1lJk9.y9CTvN_vFTSenVhUc4WpY2W0RWeQ08FthnSh9mstkTo
Belanja Pengadaan Konsumsi Peserta Pelatihan UPTD BLK Disnaker Sragen,DRAFT,2026,2bf4d0f0-b2b9-462f-a99d-db980ebeaad2,848,0,ON_PROCESS,Tidak,K34,BALAI PELATIHAN VOKASI DAN PRODUKTIVITAS SURAKARTA,DL.4057.SCO.011.054.0A.521211,APBN,01KXFTDJT9XMX98FYCMX1M0GRV,16960000,66305539,1,01JEQEEJE65GZYS2CSFG39P481,035636,203228,2026-07-16T00:00:00Z,"Peningkatan Penyelenggaraan Pelatihan Vokasi dan Pemagangan Binalavotas, ",efbb911a-59d7-54a0-816c-d0c9fbaa93e6.mjJd6MuYzYL1lJk9.y9CTvN_vFTSenVhUc4WpY2W0RWeQ08FthnSh9mstkTo
Bahan pengujian,DRAFT,2026,"3f9faa7c-8f30-4fcc-b5b9-ed0fd4f302a2, 51750268-7fca-486f-a0ac-ac77f202946d, b3473624-0b6f-479b-9647-e7c1d76a762a, 06febf1f-059e-4d9f-bd52-d1e2beb79bfd, d83253e0-6c76-41fe-92e3-5ab8754c96bb, 8cc4c201-b22e-4698-a106-e8023739402d, 5076f239-9394-4f8b-8577-a61baa957ed1",26,,CANCELLED_ON_NEGOTIATION,Tidak,K34,BALAI KESELAMATAN DAN KESEHATAN KERJA BANDUNG,DN.6592.QAC.001.051.0E.521811,APBN,01KS1BVANYRP94ZMQVTR0XC7W1,28066350,63147453,10,01JS0WWFG29332ZYAQX35TDJGZ,350079,63774009,,"Pengujian Keselamatan dan Kesehatan Kerja, ",efbb911a-59d7-54a0-816c-d0c9fbaa93e6.mjJd6MuYzYL1lJk9.y9CTvN_vFTSenVhUc4WpY2W0RWeQ08FthnSh9mstkTo
Pengadaan Safety Shoes Peserta Pelatihan (72 Paket),COMPLETED,2026,607d1a88-612d-4fde-9a40-40143af9ef21,11,0,COMPLETED,Tidak,K34,BALAI BESAR PELATIHAN VOKASI DAN PRODUKTIVITAS SERANG,"DL.4057.SCO.003.051.0A.521211, DL.4057.SCO.003.051.0B.521211, DL.4057.SCO.003.052.0A.521211, DL.4057.SCO.003.054.0A.521211, DL.4057.SCO.008.052.0B.521211",APBN,01KN0HVBMQQX78SPMKVBXSS8B4,3516480,63094681,5,01JRAYK2HX1ZX9Y4MZ6TJA70XX,426531,0,2026-03-31T00:00:00Z,"Peningkatan Penyelenggaraan Pelatihan Vokasi dan Pemagangan Binalavotas, ",efbb911a-59d7-54a0-816c-d0c9fbaa93e6.mjJd6MuYzYL1lJk9.y9CTvN_vFTSenVhUc4WpY2W0RWeQ08FthnSh9mstkTo
Bahan Pelatihan Tailor Made Training 40 JP B,DRAFT,2026,db8431dc-9e4e-43e5-bda4-fb06e549b5c1,1,,CANCELLED_ON_NEGOTIATION,Tidak,K34,BALAI PELATIHAN VOKASI DAN PRODUKTIVITAS SIDOARJO,DL.4057.SCO.003.053.0A.521211,APBN,01KVYX4WDEKZ2TE1QSEP300P04,9296916,66473758,1,01JAYK7BA0MEZ4014EFKCTSSY8,050302,759449,,"Peningkatan Penyelenggaraan Pelatihan Vokasi dan Pemagangan Binalavotas, ",efbb911a-59d7-54a0-816c-d0c9fbaa93e6.mjJd6MuYzYL1lJk9.y9CTvN_vFTSenVhUc4WpY2W0RWeQ08FthnSh9mstkTo
Konsumsi Peserta Pelatihan 280 JP Reguler PBK RM,BUYER_CONFIRMED,2026,ff6ecf37-0598-4d3b-805f-e8b6273f095c,478,0,ON_PROCESS,Tidak,K34,BALAI BESAR PELATIHAN VOKASI DAN PRODUKTIVITAS MEDAN,DL.4057.SCO.003.052.0A.521211,APBN,01KNRPRGGZSV3XJJDG3QF55FE1,9560000,66121223,1,01K58D7JY1JYPTGJFWZ2X04A9N,451094,0,2026-04-09T00:00:00Z,"Peningkatan Penyelenggaraan Pelatihan Vokasi dan Pemagangan Binalavotas, ",efbb911a-59d7-54a0-816c-d0c9fbaa93e6.mjJd6MuYzYL1lJk9.y9CTvN_vFTSenVhUc4WpY2W0RWeQ08FthnSh9mstkTo
"Pengadaan ATK dan Komputer Supplies Kegiatan Koordinasi Keuangan, SDM, BMN dan Kemitraan Kolaborasi",COMPLETED,2026,"018b19b0-7e5a-4b33-be30-87fe7e349b48, e0dfcceb-ac3a-4d32-89dd-020c52ad2200, 1568cd7f-1429-47fb-b61c-1c8887afbd99, 3c2a580c-88ff-4bad-afc0-c8da2c3d8d66, 2a2dc143-0b50-43df-9477-bb8281802ff6, f3635543-c8e0-437c-ae1d-4b9d1c3f9a5a, f63e79f8-088a-4f3a-bcfe-7bcc114dbd47, d558a077-936c-4339-83d5-bd54a8ddf329, 5a6626f7-2b7e-4468-a34f-cd7800536df2, 2e554fbd-0875-47e0-abac-7fff3a1f6afe, 3715e522-c1b2-45f2-b243-93a59cc7fc8e, e49e19af-fff2-400a-9293-096e6e8b6db0, 2da74af7-6464-405d-bfab-6ea5e5366fde, 1d4ad553-6f0f-4797-9576-4ac54a9a3b92, a0948cd9-02cd-4872-8828-1174b5163537, b253511f-be1e-410c-a682-3816c1153196, af9b973b-92c6-47d1-acff-ca8952d571fc, ce345d5e-c3f6-40fa-b024-6ecaf54f1db2, 44622754-bd54-45e0-821a-4a02f2f5aeb7, 88feabf2-d5d1-428a-8f02-577a23c9bc62",250,0,COMPLETED,Tidak,K34,BALAI BESAR PERLUASAN KESEMPATAN KERJA,WA.6621.EBA.994.002.0L.521811,APBN,01KTNT2FYYQ190Q7Q3HQB5TYQP,9731370,67276192,20,01JHHPJNGZ65BVEZY2QRH28D0V,259322,36629011,2026-06-10T00:00:00Z,"Dukungan Manajemen Ditjen Pembinaan Penempatan Tenaga Kerja dan Perluasan Kesempatan Kerja, ",efbb911a-59d7-54a0-816c-d0c9fbaa93e6.mjJd6MuYzYL1lJk9.y9CTvN_vFTSenVhUc4WpY2W0RWeQ08FthnSh9mstkTo
Bahan Pelatihan Tailor Made Training 40 JP C,COMPLETED,2026,2e4fad7b-09d2-49f3-b1d3-d934b1ec6074,1,0,ON_PROCESS,Tidak,K34,BALAI PELATIHAN VOKASI DAN PRODUKTIVITAS SIDOARJO,DL.4057.SCO.003.053.0A.521211,APBN,01KYHB3QFSNY7YSYCS9KSGBC71,8968800,66473686,1,01JBANK0M75W3E7ZJ6P77ZAXDP,050302,0,2026-07-27T00:00:00Z,"Peningkatan Penyelenggaraan Pelatihan Vokasi dan Pemagangan Binalavotas, ",efbb911a-59d7-54a0-816c-d0c9fbaa93e6.mjJd6MuYzYL1lJk9.y9CTvN_vFTSenVhUc4WpY2W0RWeQ08FthnSh9mstkTo
Paket Fullboard Peserta dan Panitia,DRAFT,2026,006f2714-128c-4d04-be70-cfa5ea1f86ca,220,0,ON_PROCESS,Tidak,K34,DITJEN PHI DAN JAMSOS,DN.5586.BDC.001.053.0A.524119,APBN,01KVYYEGEWKJKN8H5BFJ5PMSQN,198000000,66262703,1,01JPH1ECGK8PQECNW6PPFX09NF,451310,0,2026-06-26T00:00:00Z,"Peningkatan Penerapan Jaminan Sosial Tenaga Kerja dan Fasilitasi Kesejahteraan Pekerja, ",efbb911a-59d7-54a0-816c-d0c9fbaa93e6.mjJd6MuYzYL1lJk9.y9CTvN_vFTSenVhUc4WpY2W0RWeQ08FthnSh9mstkTo
Belanja Bahan Pelatihan Vokasi Bidang Industri dan Jasa Reguler,COMPLETED,2026,"2d737d12-6d84-4076-9afd-4a5845269912, 8764476d-1ebe-41d0-b313-fe06ba84ff3c, 63d8fe42-fed7-49f5-96a9-bd0d6519b356, df70f92b-a822-4956-8af7-0bf9ef08fe35, 0eac604b-4f97-4856-80d7-26271724b9ee, 4a2dc68d-1df7-4884-b4a1-48ff26e894ac, 928808ea-2070-42fc-b6f9-5e957cf1dade, 772caa64-3602-4a14-a96a-9173c6fb3078, 10efdf35-0ba9-4aa9-a067-471a5e2e4878, 345eeecf-cf8c-46e2-b00c-ad153ed3edd5, 3b62dc34-d9b3-4faa-ad86-04ff2a14a471, 5aa6ee8f-23c2-4692-877c-a452bbe3e8b8, 8b91cc51-2dc5-406e-b39e-d26954062c9b, 431ce083-9b91-40a0-bdb6-01c21a1a0bf1, f1ede651-dd2a-4197-b264-d8b3095bfb25, 3854903e-e6d8-407e-8f8b-7e986d6f6307, 32f6e9f8-5abd-4e2d-a2e7-fcf9c1c7dea3, 7ac32eb5-5113-46bb-a3d9-98e912ffc1db, df86aff4-6f02-4249-93bd-eaa99fef980a, 152acd7e-7504-4afc-a107-a6f0df28e453, 67537211-03b0-4a59-9303-7fed2d816438, 58754c8d-9a8f-45da-9289-113a36286396, 356469b1-9462-4071-ab00-2019e3afe910, b452afed-28b7-47bd-8b69-9f14c6b9303d, 54dbabee-189e-4411-a8b1-db7b6316d781, b700f7d9-a733-4cd4-9ae8-c786e34edfcc, 00bb9593-2051-4cf6-97ac-13f9949a873b, aa01c336-5928-4325-8594-911dbb69e5d1, c2caf2a7-53d0-43ac-bef7-520514a582b4, 6348d7a2-10d5-4c79-8516-4ccb68ee4f9c, 6b69ea20-4e9d-498f-a673-b37c643cade3, 71bffe40-275b-4e18-9013-4b8af77a8122, 801da1ec-cd84-4a2f-91cf-69db65f233a4, 1df6d00f-6ab0-4765-9af9-a7e63b151e06, 4a6b5886-fe7c-4b27-8521-eaeeca6a0b35, 014e3e7a-b095-4423-a23e-411c8179eb07, c1445ded-8717-4e60-9199-2d3c5fd1e7e6, 94b049e0-a6f0-49de-908f-cf6a5fb167fa, 254ef68a-423a-4caa-b5bc-dff17099c9eb, 706aa3c4-4658-4c89-99e4-b8e096e450d1, ccfec9cb-f273-4095-b4da-12f166797bff, 267ea927-66a3-49b5-a320-25fa972e984c, 3c4cd238-7f23-48ff-a3bf-410756af6b27, 80b9e170-0c9e-43aa-bd2f-769aa451e680, f47e3f51-f91c-453c-877c-3f60acffb4f9, 658ed23a-482b-46a2-a96d-4af1257cb1fe, 6c587917-ef82-49ac-bd75-ccf466797164, d08dc900-cb3e-4f74-8a9b-52df04d4f599, c0235fa4-0211-4689-aa6b-63838738c39e, 032a532b-2803-466b-87bc-4cec03a9f828, cdc34b8a-7483-43a6-a69e-7f3b55a9d1c6, 36888866-22eb-48cf-aaf6-425ff95a9564, 83327303-be2b-493e-9d36-011c3e7f164b, c7ae8fef-4599-474c-b659-7c5c9ff95f0a, c02876cf-6b7d-4964-8adb-dd6e2b261191, f862b65d-b3d3-41b6-81a2-451d56bb89f9, e3ffe929-ef28-4c67-ad09-e2b53a41e5ce, 9808f794-0643-4358-84a5-dc0e2608c750, e21a1b41-3355-4f5a-b5cb-a67091bab8d8, 1ae0d84c-3dd5-411c-a761-efab87582bdf, 29abaee4-bde4-4c7f-98fe-9c827c1d8eb4, 41a1f02d-58b1-4142-bbdc-d82984fad2d6, c7a86e9e-96cf-4985-87de-46d44dc4158b, 8f8496cb-a9af-4cab-bdb1-f0c9d32aa8d2, f4fe7ba6-db4e-49e7-bd27-6d166cccc0d5, 1fd49a77-e8c7-4c2e-aaab-efd408823c38, c712becd-83f8-4984-8ada-99227c70203f, 94858765-5bc0-4044-a7d1-71bab6e6d238, 5af293fb-e453-49e1-92e3-58b3ea3aa86b, a9704d9b-45d3-4d07-972d-6d87c3fea9bb, 9210fde3-ae98-474d-9630-846fb485c767, 60a6fff4-1171-4938-b190-ef6c853cdcfc, 3827affa-1aa9-431e-b5be-c6f416cdb0fa, e7af30d0-bd2b-489f-b889-0aff3e8c6da7",1245,0,COMPLETED,Tidak,K34,BALAI BESAR PELATIHAN VOKASI DAN PRODUKTIVITAS SEMARANG,DL.4057.SCO.003.052.0A.521211,APBN,01KJY3E9CVH12CNE0SA6QRM5DX,30362885,65956099,74,01JYDESZTP0YA22FBCZT8CDSRE,452609,0,2026-03-05T00:00:00Z,"Peningkatan Penyelenggaraan Pelatihan Vokasi dan Pemagangan Binalavotas, ",efbb911a-59d7-54a0-816c-d0c9fbaa93e6.mjJd6MuYzYL1lJk9.y9CTvN_vFTSenVhUc4WpY2W0RWeQ08FthnSh9mstkTo
Pengadaan Pakaian Kerja dan Kaos Peserta Pelatihan (189 Paket),COMPLETED,2026,dbed8759-b7be-4c27-a876-fd30e16cfc2c,32,0,PAYMENT_OUTSIDE_SYSTEM,Tidak,K34,BALAI BESAR PELATIHAN VOKASI DAN PRODUKTIVITAS SERANG,"DL.4057.SCO.003.051.0A.521211, DL.4057.SCO.003.051.0B.521211, DL.4057.SCO.003.052.0A.521211, DL.4057.SCO.003.052.0C.521211, DL.4057.SCO.003.053.0A.521211, DL.4057.SCO.003.053.0B.521211, DL.4057.SCO.003.054.0A.521211, DL.4057.SCO.005.052.0A.521211, DL.4057.SCO.005.052.0C.521211, DL.4057.SCO.007.052.0A.521211, DL.4057.SCO.007.052.0C.521211, DL.4057.SCO.008.052.0A.521211, DL.4057.SCO.008.052.0B.521211, DL.4057.SCO.035.051.0B.521211, DL.4057.SCO.035.054.0B.521211, DL.4057.SCO.035.055.0B.521211, DL.4057.SCO.035.056.0B.521211",APBN,01KS4R10SGP5YXCQGV2AYY6WNF,3179040,63093792,2,01JBGDSJNXNZCRFFDHX1P49CE2,426531,16727127,2026-05-22T00:00:00Z,"Peningkatan Penyelenggaraan Pelatihan Vokasi dan Pemagangan Binalavotas, ",efbb911a-59d7-54a0-816c-d0c9fbaa93e6.mjJd6MuYzYL1lJk9.y9CTvN_vFTSenVhUc4WpY2W0RWeQ08FthnSh9mstkTo
Pengadaan ATK LISTRAF Komponen C,COMPLETED,2026,0f3b5daf-eb93-4c5a-bf3d-3d0368b14345,30,0,COMPLETED,Tidak,K34,BIRO PERENCANAAN,WA.2160.AEA.002.055.0O.521211,APBN,01KYQ3NCB7TK3V7RHV2SX57W9C,32700600,66188034,1,01JA6N6G8D12NH2WDN32Z0HKD5,450922,15309047,2026-07-30T00:00:00Z,"Peningkatan Perencanaan Program dan Anggaran, ",efbb911a-59d7-54a0-816c-d0c9fbaa93e6.mjJd6MuYzYL1lJk9.y9CTvN_vFTSenVhUc4WpY2W0RWeQ08FthnSh9mstkTo
Bahan Pelatihan Tailor Made Training 40 JP A,COMPLETED,2026,5b299bc6-9bb3-492e-82ce-8c3d45e4a5e0,2,0,PAYMENT_OUTSIDE_SYSTEM,Tidak,K34,BALAI PELATIHAN VOKASI DAN PRODUKTIVITAS SIDOARJO,DL.4057.SCO.003.053.0A.521211,APBN,01KMS7RX1EGY2XCKVRW6ES0VDW,16345860,66473957,1,01JHHRZPE4EYNR91T2A4YDH7JS,050302,203207,2026-03-30T00:00:00Z,"Peningkatan Penyelenggaraan Pelatihan Vokasi dan Pemagangan Binalavotas, ",efbb911a-59d7-54a0-816c-d0c9fbaa93e6.mjJd6MuYzYL1lJk9.y9CTvN_vFTSenVhUc4WpY2W0RWeQ08FthnSh9mstkTo
Belanja Barang Persediaan  Komsumsi Peserta ,DRAFT,2026,df73ad84-9d80-4c67-a598-795797b73390,416,0,ON_PROCESS,Tidak,K34,BALAI PELATIHAN VOKASI DAN PRODUKTIVITAS BANTAENG,DL.4057.SCO.027.055.02.613191,APBN,01KZAV6G3K8N32NJEFV3MX9144,10400000,67623484,1,01JAC8KSE1JRZHTAY35MHK486Y,191206,0,2026-08-06T00:00:00Z,"Peningkatan Penyelenggaraan Pelatihan Vokasi dan Pemagangan Binalavotas, ",efbb911a-59d7-54a0-816c-d0c9fbaa93e6.mjJd6MuYzYL1lJk9.y9CTvN_vFTSenVhUc4WpY2W0RWeQ08FthnSh9mstkTo
Belanja Bahan Fasilitasi Dan Pembinaan Calon Tenaga Kerja Di Pekerjaan Hijau,COMPLETED,2026,01535fb7-65e3-4a78-86c2-fac38c15215a,750,0,COMPLETED,Tidak,K34,DITJEN PEMBINAAN PENEMPATAN TENAGA KERJA DAN PERLUASAN KESEMPATAN KERJA,DN.2173.QDC.002.051.0A.521211,APBN,01KRTJFWEAGKT4G2VGBFHBCKFG,78255000,67084718,1,01K7RDQVNVA31X2VX8FG6BVB29,451139,0,2026-05-17T00:00:00Z,"Penempatan Tenaga Kerja, ",efbb911a-59d7-54a0-816c-d0c9fbaa93e6.mjJd6MuYzYL1lJk9.y9CTvN_vFTSenVhUc4WpY2W0RWeQ08FthnSh9mstkTo
Belanja Pengadaan Bahan Pelatihan UPTD Technopark Sragen,COMPLETED,2026,8ea20f6f-787e-4e9c-bfa3-04544b23dd74,1,0,PAYMENT_OUTSIDE_SYSTEM,Tidak,K34,BALAI PELATIHAN VOKASI DAN PRODUKTIVITAS SURAKARTA,DL.4057.SCO.011.057.0A.521211,APBN,01KNR8G6APDRQDGYRTM4MN1R41,13500000,66297464,1,01JY3D0PS32SBA0479ED0JQRBT,035636,0,2026-04-10T00:00:00Z,"Peningkatan Penyelenggaraan Pelatihan Vokasi dan Pemagangan Binalavotas, ",efbb911a-59d7-54a0-816c-d0c9fbaa93e6.mjJd6MuYzYL1lJk9.y9CTvN_vFTSenVhUc4WpY2W0RWeQ08FthnSh9mstkTo
Belanja Sewa,COMPLETED,2026,18e55624-3e85-4d9a-8dba-bcb4c7f68454,72,0,PAYMENT_OUTSIDE_SYSTEM,Tidak,K34,INSPEKTORAT JENDERAL,WA.2171.EBA.994.002.0D.522141,APBN,01KE94KKYSX5Q2B3C1MZY3ZY7G,377861760,62697960,1,01KARMRHCHNWAAQ3ZN8D96K34E,259031,0,2026-01-08T00:00:00Z,"Dukungan Manajemen dan Dukungan Teknis Lainnya Inspektorat Jenderal, ",efbb911a-59d7-54a0-816c-d0c9fbaa93e6.mjJd6MuYzYL1lJk9.y9CTvN_vFTSenVhUc4WpY2W0RWeQ08FthnSh9mstkTo
"Paket Fullboard Moderator, Peserta dan Penyelenggara Dialog Tripartit Dalam Pengembangan Kebijakan Ketenagakerjaan",DRAFT,2026,36b599ae-bf25-4140-8d7e-18372e3c5ace,114,,CANCELLED_ON_NEGOTIATION,Tidak,K34,DITJEN. PEMBINAAN HUBUNGAN INDUSTRIAL DAN JAMINAN SOSIAL TENAGA KERJA,DN.2179.BDB.001.051.0B.524119,APBN,01KN15NVRAGR025G63BKCDW8WW,108300000,63840283,1,01JTD57YZ8R69D4Z8CH4X55CSC,451270,0,,"Penguatan Kelembagaan dan Pencegahan Perselisihan Hubungan Industrial, ",efbb911a-59d7-54a0-816c-d0c9fbaa93e6.mjJd6MuYzYL1lJk9.y9CTvN_vFTSenVhUc4WpY2W0RWeQ08FthnSh9mstkTo
Tailor Made Training,COMPLETED,2026,"00fc22e1-c117-4e6c-a7aa-03fd8ee98078, 1ecea9f6-9f80-4569-931c-38512e09fcd4, 76c6080a-717c-4dbe-86d7-c741f3af53ee, 7bf5ba38-77b6-4ce4-b84e-6e4b8c7a3f3f, 4a24d535-3262-421b-a1d8-4fbf0bdd7c80, ece61dc8-3ae5-467b-bca5-10d740f4fef4, 4381133b-95a6-4dc0-a316-a5f7e4c8a5da, c75d6e11-dad7-48af-bbd8-97b192eb356c",11,0,ON_PROCESS,Tidak,K34,BALAI PELATIHAN VOKASI DAN PRODUKTIVITAS SURAKARTA,"DL.4057.SCO.003.053.0A.521211, DL.4057.SCO.003.053.0A.521219, DL.4057.SCO.003.053.0A.524111, DL.4057.SCO.003.053.0A.526312, DL.4057.SCO.003.053.0B.521211, DL.4057.SCO.003.053.0B.521219, DL.4057.SCO.003.053.0B.524111, DL.4057.SCO.003.053.0B.526312, DL.4057.SCO.003.053.0C.521211, DL.4057.SCO.003.053.0C.521219, DL.4057.SCO.003.053.0C.524111, DL.4057.SCO.003.053.0C.526312, DL.4057.SCO.003.053.0D.521211, DL.4057.SCO.003.053.0D.521219, DL.4057.SCO.003.053.0D.524111, DL.4057.SCO.003.053.0D.526312, DL.4057.SCO.003.053.0E.521211, DL.4057.SCO.003.053.0E.522191, DL.4057.SCO.003.053.0E.524111, DL.4057.SCO.003.053.0F.521211, DL.4057.SCO.003.053.0G.524111",APBN,01KV56GFXVDNH766N05WYNGHKC,58860577,62084505,8,01K5EFESEE0FAFSHMS5HT2D4DE,035636,0,2026-06-16T00:00:00Z,"Peningkatan Penyelenggaraan Pelatihan Vokasi dan Pemagangan Binalavotas, ",efbb911a-59d7-54a0-816c-d0c9fbaa93e6.mjJd6MuYzYL1lJk9.y9CTvN_vFTSenVhUc4WpY2W0RWeQ08FthnSh9mstkTo
Pengadaan Jasa Tenaga Alihdaya (Outsourcing) Pengawas / Leader Kebersihan Vokasi Kemnaker RI,DRAFT,2026,"335c56f2-e4b8-4ad0-b77d-e39bf28faaa8, e30fe6d6-b357-48f6-95ce-25b7bbfced50",2,0,ON_PROCESS,Tidak,K34,DITJEN PEMBINAAN PELATIHAN VOKASI DAN PRODUKTIVITAS,WA.6988.EBA.994.002.0G.522191,APBN,01KEXKQK8FXDXME9AFGZMHZQGT,285000000,63416890,2,01JB0W1YHSNPS4PMNKJVCPZAM2,451026,336190,2026-01-14T00:00:00Z,"Dukungan Manajemen Direktorat Jenderal Pembinaan Pelatihan Vokasi dan Produktivitas, ",efbb911a-59d7-54a0-816c-d0c9fbaa93e6.eOX7VHB0DaM2BJ-T.altEe-x5qQljh5FVI-pXWEvSe2x7YBErp94JTBROiN4
Belanja Keperluan Perkantoran Tenaga Alih Daya BPVP Banda Aceh,DRAFT,2026,"26ec5c7c-d46b-47df-b467-909ab5c6b9eb, 4208ccb2-bbb4-426c-a897-c651c11a03f2, 098d18d9-f8e6-4dea-a548-93104cee9298, 3e4a88ae-440f-4761-b7bc-fec89daab88b",150,0,ON_PROCESS,Tidak,K34,BALAI PELATIHAN VOKASI DAN PRODUKTIVITAS BANDA ACEH,WA.6988.EBA.994.002.0A.521111,APBN,01KFZ90R5CCG3D6QKQCQWPJ0RS,802612101,63604783,4,01JCG7WZ506JXNQ7WSK9J3WHSR,065106,4351020,2026-02-02T00:00:00Z,"Dukungan Manajemen Direktorat Jenderal Pembinaan Pelatihan Vokasi dan Produktivitas, ",efbb911a-59d7-54a0-816c-d0c9fbaa93e6.eOX7VHB0DaM2BJ-T.altEe-x5qQljh5FVI-pXWEvSe2x7YBErp94JTBROiN4
Belanja Bahan plate welder pengelasan ,DRAFT,2026,"c8c5b25e-0e54-4ee7-a411-6228a393d631, 2ea21458-3185-42f3-848b-fc61f4df9c66, a2d9cf86-bad9-4299-9b3d-0e4fc1f8871b, f3467222-0d58-4161-8249-8db1dd047b2c, 786ddc3d-347c-4a02-9ce7-e56491c5226c, 7fa0a638-bf5d-4ef1-a2aa-958155e99fad, 5688f7a9-c210-43d1-9583-a8d5869699fe, 1ae2eb6d-a661-4a94-8dbc-b0279a8ed585, f2ca5b64-caa8-41cc-bcc5-21466cae0300, 221612fb-915b-409e-b99a-3d2b12f2a5f2, 691b49da-d23f-4345-aec7-e23f9096dc14, 29e5d925-2ea4-4d51-8564-b8894e5d640d, 21bac208-9d34-46fb-a4fa-2da3052fc8ec",169,0,ON_PROCESS,Tidak,K34,BALAI PELATIHAN VOKASI DAN PRODUKTIVITAS BANTAENG,DL.4057.SCO.027.055.02.613191,APBN,01KYY4DNG8CHNTQVPQ0GKM63GF,16000000,67561153,13,01JGDCZGBWC05YQ7QD3SND17KF,191206,274290009,2026-08-03T00:00:00Z,"Peningkatan Penyelenggaraan Pelatihan Vokasi dan Pemagangan Binalavotas, ",efbb911a-59d7-54a0-816c-d0c9fbaa93e6.eOX7VHB0DaM2BJ-T.altEe-x5qQljh5FVI-pXWEvSe2x7YBErp94JTBROiN4
"Paket Fullboard Moderator, Penyelenggara, dan Peserta PEMASYARAKATAN HUBUNGAN INDUSTRIAL PANCASILA BAGI DUNIA USAHA  Luar Kota",COMPLETED,2026,115e4f43-f55c-4a12-b07b-d9ebbc90364a,110,0,PAYMENT_OUTSIDE_SYSTEM,Tidak,K34,DITJEN. PEMBINAAN HUBUNGAN INDUSTRIAL DAN JAMINAN SOSIAL TENAGA KERJA,DN.2179.BDC.004.051.0A.524119,APBN,01KJVWR55J4BRG655SS1JRD5GP,101200000,65992183,1,01JTJQC7F20QRKWH8EKSMSX41R,451270,0,2026-03-06T00:00:00Z,"Penguatan Kelembagaan dan Pencegahan Perselisihan Hubungan Industrial, ",efbb911a-59d7-54a0-816c-d0c9fbaa93e6.eOX7VHB0DaM2BJ-T.altEe-x5qQljh5FVI-pXWEvSe2x7YBErp94JTBROiN4
Konsumsi Peserta Pelatihan Batch 2 - BLK Sukoharjo,COMPLETED,2026,b485eb74-b5b9-423d-98ef-a55db3017bf5,1165,0,ON_PROCESS,Tidak,K34,BALAI PELATIHAN VOKASI DAN PRODUKTIVITAS SURAKARTA,DL.4057.SCO.011.075.0A.521211,APBN,01KVPHNBWT6YFBE10V0FC8P0N3,23300000,66617729,1,01JHT0X3TQXNRKKJSMGWSW14TT,035636,18352009,2026-06-22T00:00:00Z,"Peningkatan Penyelenggaraan Pelatihan Vokasi dan Pemagangan Binalavotas, ",efbb911a-59d7-54a0-816c-d0c9fbaa93e6.eOX7VHB0DaM2BJ-T.altEe-x5qQljh5FVI-pXWEvSe2x7YBErp94JTBROiN4
Pelatihan Vokasi Bidang Industri dan Jasa Reguler Non Boarding Bisnis Manajemen,DRAFT,2026,2445979a-8784-4653-b143-ce0fb7e5947a,224,0,ON_PROCESS,Tidak,K34,BALAI PELATIHAN VOKASI DAN PRODUKTIVITAS BANYUWANGI,DL.4057.SCO.003.052.0A.521211,APBN,01KZQBAD98CKZE4JCBEBQE0GVD,4435200,66371943,1,01JNFTWD5JCXQ5EH75X8VKEN21,051102,21443009,2026-08-11T00:00:00Z,"Peningkatan Penyelenggaraan Pelatihan Vokasi dan Pemagangan Binalavotas, ",efbb911a-59d7-54a0-816c-d0c9fbaa93e6.eOX7VHB0DaM2BJ-T.altEe-x5qQljh5FVI-pXWEvSe2x7YBErp94JTBROiN4
Pengadaan Tenaga Alih Daya,DRAFT,2026,"1a7a3c59-2271-427b-83ea-fed5b5bc5c3e, a6110d40-cae9-46f8-ad3d-950b3ba695d2, 28554d92-669f-46e0-89cb-025f51deef51, 8e880abe-cf29-4258-8819-fbe38969d567, ad6e3dcb-7d72-4b1b-90d1-dcd46358af92, 8b3d5431-b9ee-4789-ab4b-359d60760f78, 7d99167f-d3e9-4f6a-a757-4d5022508011",420,0,ON_PROCESS,Tidak,K34,PUSAT PENGEMBANGAN SUMBER DAYA MANUSIA KETENAGAKERJAAN,WA.2165.EBA.994.002.0A.522191,APBN,01KDSWGEMYXB1SE6GKW5X1Q9W6,3220252860,62529931,7,01JC8JCGTVBWCQFZ9RNBJGRW32,450990,15607127,2025-12-31T00:00:00Z,"Peningkatan Kualitas Sumber Daya Manusia (SDM) Aparatur, ",efbb911a-59d7-54a0-816c-d0c9fbaa93e6.eOX7VHB0DaM2BJ-T.altEe-x5qQljh5FVI-pXWEvSe2x7YBErp94JTBROiN4
Pakaian Kerja Kegiatan PBK Batch 2 di UPTD Pelatihan Kerja Disnaker Kab. Cirebon,COMPLETED,2026,3b955a67-1906-4873-bf12-32e2a27bcaa4,64,0,PAYMENT_OUTSIDE_SYSTEM,Tidak,K34,BALAI PELATIHAN VOKASI DAN PRODUKTIVITAS BANDUNG BARAT,DL.4057.SCO.010.066.0A.521211,APBN,01KT685MZA21X1F15Y6CVEPWYC,9564470,66502818,1,01JHN4YK6B6WKVQ4E5GZ4KVA1X,021212,11594014,2026-06-04T00:00:00Z,"Peningkatan Penyelenggaraan Pelatihan Vokasi dan Pemagangan Binalavotas, ",efbb911a-59d7-54a0-816c-d0c9fbaa93e6.eOX7VHB0DaM2BJ-T.altEe-x5qQljh5FVI-pXWEvSe2x7YBErp94JTBROiN4
"Belanja Jasa Lainnya, ALIHDAYA SATKER PUSAT DITJEN BINWASNAKER DAN K3		",DRAFT,2026,e558a339-3083-4487-829d-24653bd8cb89,8,0,ON_PROCESS,Tidak,K34,DITJEN. PEMBINAAN PENGAWASAN KETENAGAKERJAAN DAN K3,WA.6622.EBA.994.002.KP.522191,APBN,01KQ6EF9692AWVSYYEPZQF6JCD,64246928,66964257,1,01JW7TQ25P73P9SMNW3FYW7P6M,651870,0,2026-04-27T00:00:00Z,"Dukungan Manajemen Ditjen Pembinaan Pengawasan Ketenagakerjaan dan Keselamatan dan Kesehatan Kerja, ",efbb911a-59d7-54a0-816c-d0c9fbaa93e6.eOX7VHB0DaM2BJ-T.altEe-x5qQljh5FVI-pXWEvSe2x7YBErp94JTBROiN4
Pengadaan Peningkatan Kompetensi Tenaga Pelatihan dan Instruktur,COMPLETED,2026,"61d12894-65b1-447a-b860-9cee77ee845c, fdb52224-40e5-4833-9f35-09af5e43eae6, 05ab804d-f8a4-4a0e-9e4f-96d0be8215d3",72,0,ON_PROCESS,Tidak,K34,BALAI PELATIHAN VOKASI DAN PRODUKTIVITAS BELITUNG,DL.4057.SCO.003.074.0A.522191,APBN,01KYT1JBAST4DJXGB8CC2Y0WD5,101803650,67594345,3,01JKDH7WHJ5CYB3RVCBZ93W5QA,352631,76216009,2026-07-31T00:00:00Z,"Peningkatan Penyelenggaraan Pelatihan Vokasi dan Pemagangan Binalavotas, ",efbb911a-59d7-54a0-816c-d0c9fbaa93e6.eOX7VHB0DaM2BJ-T.altEe-x5qQljh5FVI-pXWEvSe2x7YBErp94JTBROiN4
Pengadaan Bahan Pelatihan Vokasi UPTP RM (60 Paket),COMPLETED,2026,"4e590546-3904-440f-9e8b-7c434ff0966e, bcca7bdc-562f-4f09-981b-72b490f139f8, f5fd747e-3045-45a6-9dd2-b8890172308b, 33637491-733f-47a0-8f5f-3aadba67cfc3, 2d1436e2-5342-4772-b961-bfa9a01eb533, 1ed21b79-19fe-4d83-ae63-aa4da458d771, ab5ad1f9-724a-4020-969e-a9c43e728713, 669e17ea-6e79-4da6-992a-0210b2dc05ad, 26a39868-99b6-4663-9445-0dd8791addd0, ee4fb738-9785-4a6e-85fd-d5aab93006ee, 21444ee2-74ed-44f3-9060-b9ded900d177, 704f8dc9-6858-4baf-b454-89cd992dcd5c, 811d11e7-a322-4ef6-8914-3763e6ef7d41, 275d0932-8398-49c3-ab3b-d294ae646f19, 1eb3f200-c362-426f-8f8c-e9b0ef8baa4d, 3c4908fc-1887-45c4-9581-5a7b5dbeb39b, 9caa512b-3143-48d5-80f0-dbcb838a72ba, fd54d993-18c4-4a48-b9a1-ab1e1089e15f, c7669dc7-9a9c-47a0-9e26-1b01809896a5, a3a1969e-9d05-4b08-bbe7-837fb387ad52, 0eedc9e5-0f5b-4d0a-8e66-c90ed7b847e5, 55eb755c-5b94-4822-baff-4220513c3f58, b2d072b2-d33a-4f0e-b4f8-49d3b9c0acca, 26e2cb42-4df4-4271-9187-2060e7339663, 8e7496d3-1744-45b2-b261-830ca2deb0bf, 5c0f94b6-93d2-4bcc-be82-f195c276fc0c, 0bceca1a-30da-413f-aa67-e764b61ec6ed, 2349508f-8c21-4ded-b466-196fe33c97e4, 0b491f97-f335-4ba0-85cf-9c86bce53cf9, 63e27dc7-8a48-40b7-8daa-fb215c03b5e8, 998c0458-dbfc-449e-9ed1-f87155d44f87, 72f19561-b2ce-4bcf-81d7-b1ddcb7b50b3, 7b047fa0-b940-4d9d-a7c0-1707c11fe788, 7f60fc28-060a-466a-9914-1ffd4d6bf228, 41746ef9-4577-4f29-ab89-78a8c9871396, 4ebdc6b4-a5c7-4358-b36d-94bd9be28817, e472fbce-c95d-4c4a-ad38-81e9710e19d6, 504403de-f2f3-439c-a553-4015ac0307b6, c8070e1f-5d64-4dac-bbfd-0ad8cc93c3cc, 74527a49-bfb8-4729-82f1-0ee8218d550f, be39e832-2314-4edb-8534-e3f3d6465a88, b2b487c0-1fc6-4d92-9ba5-ecc844f89ac8, 231b7930-46bc-451e-a009-f3ef38bf8861, 0cb93240-55e1-4657-a214-76054428632b, befedeca-cf49-46cc-a406-2686590bcd43, f53ae2e3-b60a-46c1-979f-16ca5cf181b3, b32113fe-9173-4f67-9a84-0b1dacf6a87e, ccfae6ba-52e2-42ec-8ba1-90e318e52700, ab493927-7ad8-4a25-b637-475a3667732f, cf58a2af-c9bb-4e61-b94d-838d78aa8235, 29e8533e-01cc-4ef7-9f11-55bab02ec5dc, 1e8788a7-b6f7-4041-889e-717d91c5bc64, b73a040e-8ab1-4fa9-88ee-90108b7ba4fb, fa3e76a0-a55e-4e28-b63b-226cbbf2c492, e64dacb9-30c5-4d54-8d3a-3978b1439f6f, 3f59e580-b457-4792-82fb-303cba3b6018, 87f6a325-81e7-42e3-933c-ba3673c66be3, d06e5ecc-0fcc-4456-bae3-ab2b1f7a9295, 80014b5f-5dc4-448b-9780-53cc0cf4575c, 5dfdac24-e5bc-4cda-9a23-060c169d0184, e1ef4685-f35e-4a65-b5a4-0e01c9d2bff9, 56bab1cb-3649-4527-a091-4895a403829f, b8840a40-2450-47c9-ad94-43ecbf3a8501, ece9a168-1a9a-4c62-9f1a-d88bcb6041ac, 8058b953-a32b-4616-a355-86243fe368b9, 20ea874b-31b5-482a-8af5-a64176f63823, 52c06a0a-1162-40be-869a-f86f94afaebf, fb6b52bc-551e-4f0d-a79c-677b653d4ede, 5bbdae4f-1230-4144-9035-7e1fa7c622fb, 22ca08b8-d333-480f-bc78-b9c0a66adff0, 9f72aa28-160c-4542-a798-229571c8c7fa, 99a8d3c8-94b9-4ce7-b533-80c789626e64, 0de6d5cc-66c3-4540-aeb4-f567c5197116, 457a3d3e-1834-4502-9b77-224c021c9baa, 85524b69-12b4-4b9d-bec9-f2cf1266a82a, 540ab342-283c-4b4a-ad42-06d661e7c6d4, 558800aa-a105-4ebf-88d1-b32b53ee7b57, 2a03db78-3bb0-4dc4-9c85-fdc68e5b0b24, 277e32b2-9ae7-4931-a71d-2c8c883222ce, bb383451-9d0b-40dd-b144-8c96f6acf58f, 92bf7051-6633-4c13-864d-e45b70e4006a, 71b2928d-a775-4f0a-8ed3-ac9eb0ff6644",1766,0,COMPLETED,Tidak,K34,BALAI BESAR PELATIHAN VOKASI DAN PRODUKTIVITAS SERANG,"DL.4057.SCO.003.051.0B.521211, DL.4057.SCO.003.052.0A.521211, DL.4057.SCO.003.052.0C.521211",APBN,01KX2HD505TV9EHFRQZEK28VNY,146376255,66342568,111,01JRS73EC81MM9JM6Z4608CME9,426531,26434127,2026-07-14T00:00:00Z,"Peningkatan Penyelenggaraan Pelatihan Vokasi dan Pemagangan Binalavotas, ",efbb911a-59d7-54a0-816c-d0c9fbaa93e6.eOX7VHB0DaM2BJ-T.altEe-x5qQljh5FVI-pXWEvSe2x7YBErp94JTBROiN4
Pengadaan Jasa Outsourcing (Alih Daya) ,DRAFT,2026,dcee9166-fa33-4a46-b527-4fe34d355b0d,78,0,ON_PROCESS,Tidak,K34,BALAI BESAR PELATIHAN VOKASI DAN PRODUKTIVITAS BANDUNG,WA.6988.EBA.994.002.0A.522191,APBN,01KWE4GAHY0J7JRC5QMX5PX7EM,418735980,66223357,1,01JFVY8NWER8851J0JN4YR6SXJ,452542,22726014,2026-07-01T00:00:00Z,"Dukungan Manajemen Direktorat Jenderal Pembinaan Pelatihan Vokasi dan Produktivitas, ",efbb911a-59d7-54a0-816c-d0c9fbaa93e6.eOX7VHB0DaM2BJ-T.altEe-x5qQljh5FVI-pXWEvSe2x7YBErp94JTBROiN4
Langganan Internet,DRAFT,2026,"c1e9ed31-c430-400c-939e-7f2756f89eac, a1effe71-c169-425c-a2c7-7bd2dc2dafc0, eac21b41-774c-43d4-bf31-5529034a3f45",36,0,ON_PROCESS,Tidak,K34,BALAI BESAR KESELAMATAN DAN KESEHATAN KERJA JAKARTA,WA.6622.EBA.994.002.0C.521111,APBN,01KDPD9MEY7YS1W54353T0CMT3,240000000,62291515,3,01J8J4FKD8ZV5XB8Y06S7JTZPH,350084,4802119,2025-12-30T00:00:00Z,"Dukungan Manajemen Ditjen Pembinaan Pengawasan Ketenagakerjaan dan Keselamatan dan Kesehatan Kerja, ",efbb911a-59d7-54a0-816c-d0c9fbaa93e6.eOX7VHB0DaM2BJ-T.altEe-x5qQljh5FVI-pXWEvSe2x7YBErp94JTBROiN4
Belanja Jasa Lainnya - Persiapan Pelaksanaan Program Perluasan Kesempatan Kerja Bidang Tenaga Kerja Mandiri,DRAFT,2026,7907e2ff-0cb3-4d2d-9a39-a2e0f7301fa3,80,,CANCELLED_ON_REVIEW,Tidak,K34,DIREKTORAT BINA PERLUASAN KESEMPATAN KERJA,DN.2175.BDC.003.051.0A.522191,APBN,01KRG3PZR5K3E48K5DPG8GTVQB,526621440,66117381,1,01JBY93PFF67PZKX4A22Z15V9M,626041,5757127,,"Perluasan Kesempatan Kerja, ",efbb911a-59d7-54a0-816c-d0c9fbaa93e6.eOX7VHB0DaM2BJ-T.altEe-x5qQljh5FVI-pXWEvSe2x7YBErp94JTBROiN4
Paket Fullboard Peserta dan Panitia,COMPLETED,2026,7be1dd33-811e-4c3e-92b6-2c60cdd91541,66,0,COMPLETED,Tidak,K34,DITJEN. PEMBINAAN HUBUNGAN INDUSTRIAL DAN JAMINAN SOSIAL TENAGA KERJA,DN.5586.PEF.001.051.0A.524114,APBN,01KKE01K8VY98WABEV9CCWED9W,64680000,66258191,1,01JWAJZTXQVFXNWBG5056R1EDF,451270,0,2026-03-11T00:00:00Z,"Peningkatan Penerapan Jaminan Sosial Tenaga Kerja dan Fasilitasi Kesejahteraan Pekerja, ",efbb911a-59d7-54a0-816c-d0c9fbaa93e6.eOX7VHB0DaM2BJ-T.altEe-x5qQljh5FVI-pXWEvSe2x7YBErp94JTBROiN4
"Paket Meeting Fullboard Peserta, Penyelenggara, dan Moderator",COMPLETED,2026,d54aa581-f74e-40d3-9ec8-e2bed907cff2,80,0,COMPLETED,Tidak,K34,DITJEN. PEMBINAAN HUBUNGAN INDUSTRIAL DAN JAMINAN SOSIAL TENAGA KERJA,DN.6587.BDC.001.051.0A.524119,APBN,01KS1SS1H0XG78C6E69XK39G2T,65600000,66123872,1,01J3WXFPCWM3N16SZW43665PWA,451270,1983218,2026-05-20T00:00:00Z,"Peningkatan Pembinaan Hubungan Kerja dan Penerapan Pengupahan, ",efbb911a-59d7-54a0-816c-d0c9fbaa93e6.eOX7VHB0DaM2BJ-T.altEe-x5qQljh5FVI-pXWEvSe2x7YBErp94JTBROiN4
Belanja Pengadaan Konsumsi Peserta Pelatihan UPTD BLK Disnaker Sragen,COMPLETED,2026,2bf4d0f0-b2b9-462f-a99d-db980ebeaad2,1328,0,ON_PROCESS,Tidak,K34,BALAI PELATIHAN VOKASI DAN PRODUKTIVITAS SURAKARTA,DL.4057.SCO.011.054.0A.521211,APBN,01KVCE3ZCAAHZS7XEBYHY6FBH9,26560000,66305539,1,01JEQEEJE65GZYS2CSFG39P481,035636,203228,2026-06-18T00:00:00Z,"Peningkatan Penyelenggaraan Pelatihan Vokasi dan Pemagangan Binalavotas, ",efbb911a-59d7-54a0-816c-d0c9fbaa93e6.eOX7VHB0DaM2BJ-T.altEe-x5qQljh5FVI-pXWEvSe2x7YBErp94JTBROiN4
Konsumsi Peserta Pelatihan 240 JP Reguler PNBP,BUYER_CONFIRMED,2026,ff6ecf37-0598-4d3b-805f-e8b6273f095c,384,0,ON_PROCESS,Tidak,K34,BALAI BESAR PELATIHAN VOKASI DAN PRODUKTIVITAS MEDAN,DL.4057.SCO.007.052.0A.521211,APBN,01KVM788ET3D6VBDGHT27HFN31,7296000,66121071,1,01K58D7JY1JYPTGJFWZ2X04A9N,451094,0,2026-06-22T00:00:00Z,"Peningkatan Penyelenggaraan Pelatihan Vokasi dan Pemagangan Binalavotas, ",efbb911a-59d7-54a0-816c-d0c9fbaa93e6.eOX7VHB0DaM2BJ-T.altEe-x5qQljh5FVI-pXWEvSe2x7YBErp94JTBROiN4
Pengemudi/Asisten Ahli/Tenaga Ahli Sub Profesional,DRAFT,2026,"3e3f4718-76fc-4949-b4ff-0e1d75692f0a, 9fa153ce-564d-450e-ac6d-6f116ff4383b",40,0,PAYMENT_OUTSIDE_SYSTEM,Tidak,K34,DIREKTORAT BINA KELEMBAGAAN PELATIHAN VOKASI,WA.6988.EBA.994.002.0A.522191,APBN,01KJ6R5Q76P8FX2ZABD6PRR43K,319720884,65017646,2,01JC8HPBWWT8NZ12ZXT6628CQG,626131,11240127,2026-02-26T00:00:00Z,"Dukungan Manajemen Direktorat Jenderal Pembinaan Pelatihan Vokasi dan Produktivitas, ",efbb911a-59d7-54a0-816c-d0c9fbaa93e6.eOX7VHB0DaM2BJ-T.altEe-x5qQljh5FVI-pXWEvSe2x7YBErp94JTBROiN4
Belanja Pengadaan Bahan Pelatihan UPTD Technopark Sragen,COMPLETED,2026,2ae2e5ac-92bb-48be-9007-f21007774b6d,1,0,PAYMENT_OUTSIDE_SYSTEM,Tidak,K34,BALAI PELATIHAN VOKASI DAN PRODUKTIVITAS SURAKARTA,DL.4057.SCO.011.057.0A.521211,APBN,01KVCS10KYTWSGNC64JSPY3WEP,49500000,66297464,1,01JR9NJ3E5JK5JKT4A18PYKCVK,035636,0,2026-06-19T00:00:00Z,"Peningkatan Penyelenggaraan Pelatihan Vokasi dan Pemagangan Binalavotas, ",efbb911a-59d7-54a0-816c-d0c9fbaa93e6.eOX7VHB0DaM2BJ-T.altEe-x5qQljh5FVI-pXWEvSe2x7YBErp94JTBROiN4
Perlengkapan Persuratan dan Kearsipan ,DRAFT,2026,f4c3957b-ba56-4135-9d3b-1f879f2330b9,50,,CANCELLED_ON_NEGOTIATION,Tidak,K34,DITJEN PEMBINAAN PENEMPATAN TENAGA KERJA DAN PERLUASAN KESEMPATAN KERJA,WA.6621.EBA.994.002.0B.521111,APBN,01KN1R0WNKC57FNPTRYCWHDNQD,17750010,66212426,1,01HS27R6Y1A4BMGXN9JJQ10AAS,451139,0,,"Dukungan Manajemen Ditjen Pembinaan Penempatan Tenaga Kerja dan Perluasan Kesempatan Kerja, ",efbb911a-59d7-54a0-816c-d0c9fbaa93e6.eOX7VHB0DaM2BJ-T.altEe-x5qQljh5FVI-pXWEvSe2x7YBErp94JTBROiN4
Pengadaan Sistem Manajemen Infrastruktur Pusat Data (DCIM),DRAFT,2026,0e4e911c-8d12-425b-a043-d6365cdd8a66,1,0,ON_PROCESS,Ya,K34,BADAN PERENCANAAN DAN PENGEMBANGAN KETENAGAKERJAAN,DN.6766.FAB.001.055.0A.532111,APBN,01KYKR76S5HREBYY7VDQA870P2,1143044700,67458375,1,01JVKN0BFQ2HSC0REJ31RSJ629,452677,0,2026-07-28T00:00:00Z,"Pengelolaan Data dan Teknologi Informasi Ketenagakerjaan, ",efbb911a-59d7-54a0-816c-d0c9fbaa93e6.eOX7VHB0DaM2BJ-T.altEe-x5qQljh5FVI-pXWEvSe2x7YBErp94JTBROiN4
Belanja Bahan  Peralatan otomotif ,COMPLETED,2026,"2fbff80e-b9bf-4be2-bcf8-1a84ee89be1e, ca3bfa21-c63c-41e2-91b3-6f0027887b24, 296034ca-7cbd-43a2-b049-9b9c5da68deb, 3034c477-1611-4da8-85b9-13f3df9deec3, 5e5ae991-1ca0-47d6-a989-4af38fa3a773, 88b99d86-85b9-47b0-b48a-87301a9d372c, 06d94ecc-0646-4b25-a3c2-7fc7184b5d98, ba49b6fa-ce07-4854-9b37-da6d0e28c2e4, 4ae14639-a2fa-450c-b36f-3dc89181cfd8, 10a6b8fb-0c11-4ffc-a454-9ffa380df6a0, 3b997b25-4c4c-439b-b33e-b46f7e160885, 5e3ce651-ce34-4f74-bb3d-9a1e89184c14, f3a15363-5d5c-4236-9231-37242f4f57f4, 32a38d18-f7d0-4fe5-8cd7-0c1e25372625, 58b4453b-16eb-4c52-96de-a45f98789c40, f19d9f75-9d9a-41f0-8178-73e848a1ea42, 60159143-bf10-4c82-8f5f-a89caf5e44d4, 215be9c3-893b-4cf5-996a-6dfec9ff2c0e, 672cfebc-457e-4d50-a29f-0291c07d4266, 782de5ec-2291-4de7-a4ee-83fd214fb864, f4a59a85-fe37-4da2-a815-ee7a3b9e85e4, bfd61eb7-6cc5-49f0-baa4-cb56b1fa436d, bd5e273b-de66-4306-8392-79657860c4fe, a6b110c3-8104-4ab1-babf-a612c17906de, 0f974000-2297-442c-8d5d-c1d055340017, d3cd1abf-8930-46d2-9357-035c5e8b14b1, e2f7228d-a88d-496e-bed9-35e7054793b4, 816d0d53-944a-42f6-a8b9-7e4066a463d1, e6234a42-9d44-442f-8bdf-49698db2fe72, ed28760c-0e78-4f99-83ec-c4d75e8305b2, e67c2faf-e853-4759-8bfc-299dbc8a99d4, a224d9a7-2c5f-44c8-b479-03ac79be65bc, 50303324-8671-4a60-bde8-7bd0b7f8963b, ed73a368-bea7-452c-b3dc-4b0ca89c3b32, 500edb41-c3bb-4b21-9c02-7852ed391d54, 1859027b-d6af-4455-bcdf-773c1cd6c565, 786b86fe-c638-4be6-92b3-30336397a1e2, 2c5fa807-939e-4a81-a366-d4420ffb1b3c, 4da55909-6364-465f-ad4e-73ae7ab60ba4, f86b12ec-81d3-44cd-9d65-fc59edf49470, 8eb64550-bd03-4c35-a93e-1b27748531bf, e5978e31-6b9d-4fa2-aef9-adbe22525e22, 78f5e40e-3593-43e1-b261-d3739c547dba, 30dacf1d-0b02-4a56-a09e-5008554d292a, 37e1c217-dc30-4006-b0ac-d9df9f71c41e, 4e88b2c8-e10d-4e7d-a421-ba9376646e65, 8bd07acb-e4d0-43af-9433-3344109fff3e, fcf461e1-9b33-4d44-9c78-cdaf49b9c25a, 58c67fb9-9392-44c4-8a18-4f545d43c121, a336bf24-035b-4346-bce6-6b141aa811c7, 26cf4b1d-84d4-40b6-8aea-7a47bc96849d",226,0,ON_PROCESS,Tidak,K34,BALAI PELATIHAN VOKASI DAN PRODUKTIVITAS BANTAENG,DL.4057.SCO.027.055.02.613191,APBN,01KZ7NY6MW1PHE635R0SQ7F10D,20000000,67561167,51,01JGDCZGBWC05YQ7QD3SND17KF,191206,274290009,2026-08-05T00:00:00Z,"Peningkatan Penyelenggaraan Pelatihan Vokasi dan Pemagangan Binalavotas, ",efbb911a-59d7-54a0-816c-d0c9fbaa93e6.eOX7VHB0DaM2BJ-T.altEe-x5qQljh5FVI-pXWEvSe2x7YBErp94JTBROiN4
Laptop,COMPLETED,2026,b817efe2-6594-40d6-aef1-3943c462e78e,2,0,PAYMENT_OUTSIDE_SYSTEM,Tidak,K34,BADAN PERENCANAAN DAN PENGEMBANGAN KETENAGAKERJAAN,WA.6624.EBB.951.052.0D.532111,APBN,01KJEGT6MS7Z4Q2H7Z2CT07MN5,49999950,62530961,1,01HR8ZBEBGWM8BPFSMB1GW4FJN,452677,0,2026-03-02T00:00:00Z,"Dukungan Manajemen Badan Perencanaan dan Pengembangan Ketenagakerjaan, ",efbb911a-59d7-54a0-816c-d0c9fbaa93e6.eOX7VHB0DaM2BJ-T.altEe-x5qQljh5FVI-pXWEvSe2x7YBErp94JTBROiN4
Pelatihan Vokasi Bidang Industri dan Jasa Program TMT,COMPLETED,2026,552f658e-b108-4b9f-b8f9-b312f94d49ef,480,0,PAYMENT_OUTSIDE_SYSTEM,Tidak,K34,BALAI PELATIHAN VOKASI DAN PRODUKTIVITAS BANYUWANGI,DL.4057.SCO.003.051.0A.521211,APBN,01KVQ702S6J7HWRARPHXT641VG,9600000,66371877,1,01JDRWX74CPTWJ23W13FEATP6W,051102,3504033,2026-06-22T00:00:00Z,"Peningkatan Penyelenggaraan Pelatihan Vokasi dan Pemagangan Binalavotas, ",efbb911a-59d7-54a0-816c-d0c9fbaa93e6.eOX7VHB0DaM2BJ-T.altEe-x5qQljh5FVI-pXWEvSe2x7YBErp94JTBROiN4
 Pengadaan Jasa Layanan Internet (periode April - Desember 2026),COMPLETED,2026,e44120eb-1aaf-4f5f-b817-d3b4fb2d638d,1,0,COMPLETED,Tidak,K34,BALAI BESAR PERLUASAN KESEMPATAN KERJA,WA.6621.EBA.994.002.0c.522119,APBN,01KR0R486Z7V66ZV1PH9G4ZE1H,28860000,66023615,1,01JD1AEPSHWYGXZ0JKGX3VSRPN,259322,12616047,2026-05-08T00:00:00Z,"Dukungan Manajemen Ditjen Pembinaan Penempatan Tenaga Kerja dan Perluasan Kesempatan Kerja, ",efbb911a-59d7-54a0-816c-d0c9fbaa93e6.eOX7VHB0DaM2BJ-T.altEe-x5qQljh5FVI-pXWEvSe2x7YBErp94JTBROiN4
Pakaian Kerja,COMPLETED,2026,17a9ad3b-36ad-4808-86b1-bc51bfbdc0a7,57,0,PAYMENT_OUTSIDE_SYSTEM,Tidak,K34,BALAI PELATIHAN VOKASI DAN PRODUKTIVITAS LOMBOK TIMUR,DL.4057.SCO.003.051.0A.521211,APBN,01KTJH1XZ0QF1KGFEVKZMGG68A,9490500,63368578,1,01JYGPS1FZS5WAVV2XF7DF1GQ7,230302,0,2026-06-09T00:00:00Z,"Peningkatan Penyelenggaraan Pelatihan Vokasi dan Pemagangan Binalavotas, ",efbb911a-59d7-54a0-816c-d0c9fbaa93e6.eOX7VHB0DaM2BJ-T.altEe-x5qQljh5FVI-pXWEvSe2x7YBErp94JTBROiN4
Pengadaan Konsumsi Pelatihan PBK,DRAFT,2026,93fb756e-7c5c-4604-a012-6882b8f6f817,982,0,ON_PROCESS,Tidak,K34,BALAI PELATIHAN VOKASI DAN PRODUKTIVITAS BANYUWANGI,DL.4057.SCO.030.053.0A.521211,APBN,01KZCYQC9V1ZH608K1AWC87VZR,29460000,67491092,1,01JNFTWD5JCXQ5EH75X8VKEN21,051102,21443009,2026-08-07T00:00:00Z,"Peningkatan Penyelenggaraan Pelatihan Vokasi dan Pemagangan Binalavotas, ",efbb911a-59d7-54a0-816c-d0c9fbaa93e6.eOX7VHB0DaM2BJ-T.altEe-x5qQljh5FVI-pXWEvSe2x7YBErp94JTBROiN4
Belanja Bahan TMT Klaster,COMPLETED,2026,"f873fea9-e88f-4b4d-bfce-24afc9a292a8, f9925f7c-9140-461f-bee9-dc496f2faf43, cb615fd6-b884-44e5-aa1d-1e86fdeeee18, 6a95397e-f212-45e5-a37c-bf5408f63273, 166fc230-6597-4e09-8ee8-d4f736f2cb63, 882f6bca-a433-467a-b601-9266d365d2d2, d5a40cea-449c-4c57-ac7e-66d55c6c641b, ae1538b1-e7bf-4cd5-b933-6d1b6323c99f, b67ea58b-516b-4b84-aee5-3fc66b073412, 3a63bb1b-4038-4b9a-a8ef-66ede4434d43, 20ea42cd-c2ad-43a9-8d67-eef4c5381682, d1c2a693-db36-4205-9a00-b0ed044aa20b, 2e6d4e6e-0b3a-4455-8e67-4b2355a9974e, c2560eda-18ad-4c4c-80f7-1f8abca53e62, 49781587-137e-46b9-8eff-2062997961ab, 0ef5a46c-ee60-4b22-9a25-2910cb08031a, aa34541d-7bc4-44f0-9ac1-9960a3d6976d, 0b24e404-b7e9-4187-b851-5342f52bb0a3, f6db191b-b25f-44a8-8391-9e603a07ffe3, efaa8c7b-b046-48c2-903f-e525294899de, 4f6fde3d-fa1b-4b92-8ebc-a20484c5422a, c3fce501-2577-4243-a492-484e87a8d683, 487af6c7-fcd6-4a90-87bc-141aca46d5c4, 0ccb0b10-5c6f-4465-b0fe-8642e036fe77",568,0,COMPLETED,Tidak,K34,BALAI BESAR PELATIHAN VOKASI DAN PRODUKTIVITAS SEMARANG,DL.4057.SCO.003.053.0A.521211,APBN,01KKX8XN1QXQ5FN61FW9CT2C63,20921280,66185950,24,01J81QPN27R0FDVY86ZEFZ77TW,452609,2502042,2026-03-17T00:00:00Z,"Peningkatan Penyelenggaraan Pelatihan Vokasi dan Pemagangan Binalavotas, ",efbb911a-59d7-54a0-816c-d0c9fbaa93e6.eOX7VHB0DaM2BJ-T.altEe-x5qQljh5FVI-pXWEvSe2x7YBErp94JTBROiN4
Pakaian Kerja,COMPLETED,2026,17a9ad3b-36ad-4808-86b1-bc51bfbdc0a7,500,0,PAYMENT_OUTSIDE_SYSTEM,Tidak,K34,BALAI PELATIHAN VOKASI DAN PRODUKTIVITAS LOMBOK TIMUR,DL.4057.SCO.005.052.0A.521211,APBN,01KW8BVEATY971S0VS1CBRRJN9,83250000,63392962,1,01JYGPS1FZS5WAVV2XF7DF1GQ7,230302,0,2026-07-01T00:00:00Z,"Peningkatan Penyelenggaraan Pelatihan Vokasi dan Pemagangan Binalavotas, ",efbb911a-59d7-54a0-816c-d0c9fbaa93e6.eOX7VHB0DaM2BJ-T.altEe-x5qQljh5FVI-pXWEvSe2x7YBErp94JTBROiN4
Pengadaan Pegawai Non Pemerintah,DRAFT,2026,bc133992-977c-4263-a308-39098e2e2bb8,9,0,ON_PROCESS,Tidak,K34,BADAN PERENCANAAN DAN PENGEMBANGAN KETENAGAKERJAAN,WA.6624.EBA.994.002.CB.522191,APBN,01KVJ3NXS89MBM4CVCPRFZW62W,71492724,67276552,1,01JC4WS8C5M2TXFXV3S7J26613,452677,1084190,2026-06-24T00:00:00Z,"Dukungan Manajemen Badan Perencanaan dan Pengembangan Ketenagakerjaan, ",efbb911a-59d7-54a0-816c-d0c9fbaa93e6.eOX7VHB0DaM2BJ-T.altEe-x5qQljh5FVI-pXWEvSe2x7YBErp94JTBROiN4
Paket Fullboard Meeting Panitia dan Peserta Fullboard (Peningkatan Kompetensi Teknis Mediator HI),COMPLETED,2026,7f8b2da3-a776-4ad9-bbd0-d0ec203b1d94,154,0,COMPLETED,Tidak,K34,DITJEN. PEMBINAAN HUBUNGAN INDUSTRIAL DAN JAMINAN SOSIAL TENAGA KERJA,DN.6586.UAC.001.051.0A.524119,APBN,01KMQ99XPX2P68M6W15TTVVZE3,138600000,65232671,1,01JTQ03B4HSSZPS2F1T8ACCP0J,451270,0,2026-03-30T00:00:00Z,"Peningkatan Kompetensi Mediator Hubungan Industrial, ",efbb911a-59d7-54a0-816c-d0c9fbaa93e6.eOX7VHB0DaM2BJ-T.altEe-x5qQljh5FVI-pXWEvSe2x7YBErp94JTBROiN4
Laptop,COMPLETED,2026,500db208-f107-4079-897a-f19a4bffb44d,2,0,PAYMENT_OUTSIDE_SYSTEM,Tidak,K34,BADAN PERENCANAAN DAN PENGEMBANGAN KETENAGAKERJAAN,WA.6624.EBB.951.052.0B.532111,APBN,01KJCBKJVM2DR732AM3GRMN6EY,45499999,62530960,1,01HRTQCTECTRJMNRWXZVFR9CNG,452677,0,2026-02-27T00:00:00Z,"Dukungan Manajemen Badan Perencanaan dan Pengembangan Ketenagakerjaan, ",efbb911a-59d7-54a0-816c-d0c9fbaa93e6.eOX7VHB0DaM2BJ-T.altEe-x5qQljh5FVI-pXWEvSe2x7YBErp94JTBROiN4
Bahan Pelatihan Pengoperasian Instalasi Kontrol Industri Berbasis Programmable Logic Controller (PLC),COMPLETED,2026,15bee18c-5c2f-4820-8b17-2ce39e7a250a,1,222000,COMPLETED,Tidak,K34,BALAI PELATIHAN VOKASI DAN PRODUKTIVITAS SIDOARJO,DL.4057.SCO.003.052.0A.521211,APBN,01KV4MHS9VHEQTJTHC2QDEZPS8,36479928,66471884,1,01JE38V96ANYX227NYM5BTBS56,050302,990057,2026-06-15T00:00:00Z,"Peningkatan Penyelenggaraan Pelatihan Vokasi dan Pemagangan Binalavotas, ",efbb911a-59d7-54a0-816c-d0c9fbaa93e6.eOX7VHB0DaM2BJ-T.altEe-x5qQljh5FVI-pXWEvSe2x7YBErp94JTBROiN4
Paket Meeting Fullboard Moderator Penyelenggara dan Peserta Rapat Koordinasi Penanganan Dampak Ketenagakerjaan dalam Perizinan Berusaha Pemanfaatan Hutan,COMPLETED,2026,05cd57df-d511-496e-9e0d-c361aacebc93,92,0,COMPLETED,Tidak,K34,DITJEN PHI DAN JAMSOS,DN.2181.BDC.001.057.0I.524119,APBN,01KWKCRMRCCRG6E77RX47AVCR5,75900000,67412883,1,01KWBJZJ0P4AFEQW08P1RGQYEH,451310,0,2026-07-03T00:00:00Z,"Penyelesaian Perselisihan Hubungan Industrial, ",efbb911a-59d7-54a0-816c-d0c9fbaa93e6.eOX7VHB0DaM2BJ-T.altEe-x5qQljh5FVI-pXWEvSe2x7YBErp94JTBROiN4
Bahan Pelatihan Tailor Made Training 40 JP B,COMPLETED,2026,678c8f61-38d6-4d10-aa11-230506c2c444,1,0,ON_PROCESS,Tidak,K34,BALAI PELATIHAN VOKASI DAN PRODUKTIVITAS SIDOARJO,DL.4057.SCO.003.053.0A.521211,APBN,01KY3WVSRYBZ3Q3CZY0GCNGVNQ,8260620,66473758,1,01JBANK0M75W3E7ZJ6P77ZAXDP,050302,0,2026-07-24T00:00:00Z,"Peningkatan Penyelenggaraan Pelatihan Vokasi dan Pemagangan Binalavotas, ",efbb911a-59d7-54a0-816c-d0c9fbaa93e6.eOX7VHB0DaM2BJ-T.altEe-x5qQljh5FVI-pXWEvSe2x7YBErp94JTBROiN4
Bahan Pelatihan Tailor Made Training 40 JP A,COMPLETED,2026,4f563aa2-55f1-485b-891d-c39451105a80,1,249750,COMPLETED,Tidak,K34,BALAI PELATIHAN VOKASI DAN PRODUKTIVITAS SIDOARJO,DL.4057.SCO.003.053.0A.521211,APBN,01KMZ51288QH9H316A6JW4BHGH,4841154,66473957,1,01JE38V96ANYX227NYM5BTBS56,050302,990057,2026-03-31T00:00:00Z,"Peningkatan Penyelenggaraan Pelatihan Vokasi dan Pemagangan Binalavotas, ",efbb911a-59d7-54a0-816c-d0c9fbaa93e6.eOX7VHB0DaM2BJ-T.altEe-x5qQljh5FVI-pXWEvSe2x7YBErp94JTBROiN4
Pelatihan Vokasi di Provinsi Jawa Timur UPT BLK Situbondo,COMPLETED,2026,"53a494da-2622-4793-bda5-e9d89fbb0393, ba3929cf-5ea7-4ac4-9467-63c2b84f8a64, 9b863ab2-21ff-4c14-be20-86868f2638c8, f166ad1b-7776-4da2-9fe9-26d92044d00d, 800adf01-3525-40e0-910b-8f3ebad68676, f134d847-7205-444f-a5fe-1d10c3c255d1, 4bf31d65-b504-48f2-bb4b-ae4a3dec3ce8, d71991ef-3893-4693-87a5-a775d596236a, 01180220-d8f1-4376-900c-8cb969a2220b, 628296e5-9f5d-4532-b2ba-722072c676fa, ff730a96-9cdb-4a30-b73a-43572a1366dd, e363a0db-a876-41c0-a708-31191657a408, db160e85-5bd3-4877-8086-b19667e4ef19",166,0,PAYMENT_OUTSIDE_SYSTEM,Tidak,K34,BALAI PELATIHAN VOKASI DAN PRODUKTIVITAS BANYUWANGI,DL.4057.SCO.013.058.OA.521211,APBN,01KW95JQ3N3CCQKJYXXTB9NXEJ,5914080,62259211,13,01JJB3B7KD87QC600BWWJEMTCR,051102,272246,2026-06-30T00:00:00Z,"Peningkatan Penyelenggaraan Pelatihan Vokasi dan Pemagangan Binalavotas, ",efbb911a-59d7-54a0-816c-d0c9fbaa93e6.eOX7VHB0DaM2BJ-T.altEe-x5qQljh5FVI-pXWEvSe2x7YBErp94JTBROiN4
Pengadaan Jasa Konsumsi Peserta Pelatihan (90 Paket),DRAFT,2026,50eb8260-428d-4825-b229-69cb68395bd7,2656,0,ON_PROCESS,Tidak,K34,BALAI BESAR PELATIHAN VOKASI DAN PRODUKTIVITAS SERANG,"DL.4057.SCO.003.051.0A.521211, DL.4057.SCO.003.051.0B.521211, DL.4057.SCO.003.052.0A.521211, DL.4057.SCO.003.053.0A.521211, DL.4057.SCO.003.053.0B.521211, DL.4057.SCO.003.054.0A.521211, DL.4057.SCO.005.052.0A.521211, DL.4057.SCO.007.052.0A.521211, DL.4057.SCO.008.052.0B.521211",APBN,01KZD537F2WSXB2HCF9F5Q3JWH,52588800,66344371,1,01K21GX3DP15DCB70SP29CC0RH,426531,0,2026-08-10T00:00:00Z,"Peningkatan Penyelenggaraan Pelatihan Vokasi dan Pemagangan Binalavotas, ",efbb911a-59d7-54a0-816c-d0c9fbaa93e6.eOX7VHB0DaM2BJ-T.altEe-x5qQljh5FVI-pXWEvSe2x7YBErp94JTBROiN4
Bahan Pelatihan Operator Forklift 280 JP,COMPLETED,2026,fc04b184-772b-482a-8b71-fe3ea27112ce,1,277500,COMPLETED,Tidak,K34,BALAI PELATIHAN VOKASI DAN PRODUKTIVITAS SIDOARJO,DL.4057.SCO.003.052.0A.521211,APBN,01KN1KGMWX99YF28YBCHBS26BG,17371500,66472410,1,01JTA68VBS06V6Y03MQYXWE6TD,050302,0,2026-04-02T00:00:00Z,"Peningkatan Penyelenggaraan Pelatihan Vokasi dan Pemagangan Binalavotas, ",efbb911a-59d7-54a0-816c-d0c9fbaa93e6.eOX7VHB0DaM2BJ-T.altEe-x5qQljh5FVI-pXWEvSe2x7YBErp94JTBROiN4
Belanja Pakaian Kerja ,COMPLETED,2026,af3b6c4e-af99-43e6-a14b-2c7094e9359d,16,0,ON_PROCESS,Tidak,K34,BALAI PELATIHAN VOKASI DAN PRODUKTIVITAS BANTAENG,DL.4057.SCO.027.055.02.613191,APBN,01KYR1ZVBXBQG3WK3C05P2Q0WG,2400000,67560892,1,01JH48DTV7CEWMCJHP1K0G2WNG,191206,72773009,2026-07-30T00:00:00Z,"Peningkatan Penyelenggaraan Pelatihan Vokasi dan Pemagangan Binalavotas, ",efbb911a-59d7-54a0-816c-d0c9fbaa93e6.eOX7VHB0DaM2BJ-T.altEe-x5qQljh5FVI-pXWEvSe2x7YBErp94JTBROiN4
Pengadaan Konsumsi Peserta dan Pengajar Kegiatan Pembekalan TKM Lanjutan,COMPLETED,2026,"1cc693e9-547d-4aa5-a65a-4c50cdaf0502, 124e4be2-6368-456d-bead-4474d0007b2f",10069,0,PAYMENT_OUTSIDE_SYSTEM,Tidak,K34,BALAI BESAR PERLUASAN KESEMPATAN KERJA,DN.2175.QDC.001.051.0B.521211,APBN,01KW1VCDPME9WEGTGN41P3VR0T,313485600,65564386,2,01KD55C0Y7GKVCJSSRP4SA30PQ,259322,0,2026-06-26T00:00:00Z,"Perluasan Kesempatan Kerja, ",efbb911a-59d7-54a0-816c-d0c9fbaa93e6.eOX7VHB0DaM2BJ-T.altEe-x5qQljh5FVI-pXWEvSe2x7YBErp94JTBROiN4
Pengadaan Jasa Tenaga Alihdaya (Outsourcing) Petugas Keamanan Gedung Vokasi Kemnaker RI,DRAFT,2026,e30fe6d6-b357-48f6-95ce-25b7bbfced50,11,0,ON_PROCESS,Tidak,K34,DITJEN PEMBINAAN PELATIHAN VOKASI DAN PRODUKTIVITAS,WA.6988.EBA.994.002.0G.522191,APBN,01KD76Z5DKJ0ACV2SACAS0NYKF,1394800000,62341641,1,01JB0W1YHSNPS4PMNKJVCPZAM2,451026,336190,2025-12-30T00:00:00Z,"Dukungan Manajemen Direktorat Jenderal Pembinaan Pelatihan Vokasi dan Produktivitas, ",efbb911a-59d7-54a0-816c-d0c9fbaa93e6.eOX7VHB0DaM2BJ-T.altEe-x5qQljh5FVI-pXWEvSe2x7YBErp94JTBROiN4
"Fullboard Moderator, Panitia Penyelenggara dan Peserta",DRAFT,2026,a10872b0-1a99-448d-933e-e11a29add6cc,71,,CANCELLED,Tidak,K34,DITJEN PHI DAN JAMSOS,DN.6587.QDH.002.052.0B.524119,APBN,01KNGXP49QWXR48TARCD8M01PZ,60350000,66124022,1,01JDVBBGAYT5BTYV9GACNMFGC3,451310,13184047,2026-04-06T00:00:00Z,"Peningkatan Pembinaan Hubungan Kerja dan Penerapan Pengupahan, ",efbb911a-59d7-54a0-816c-d0c9fbaa93e6.eOX7VHB0DaM2BJ-T.altEe-x5qQljh5FVI-pXWEvSe2x7YBErp94JTBROiN4
Belanja Jasa Lainnya,COMPLETED,2026,8889b1bf-b146-498f-9e2c-6af824b56c24,6,0,ON_PROCESS,Tidak,K34,INSPEKTORAT JENDERAL,WA.2171.EBA.994.002.0C.522191,APBN,01KVYYQSB2ZF1J97DBEHWW7Q66,46050948,63378368,1,01JC4WS8C5M2TXFXV3S7J26613,259031,1084190,2026-06-29T00:00:00Z,"Dukungan Manajemen dan Dukungan Teknis Lainnya Inspektorat Jenderal, ",efbb911a-59d7-54a0-816c-d0c9fbaa93e6.eOX7VHB0DaM2BJ-T.altEe-x5qQljh5FVI-pXWEvSe2x7YBErp94JTBROiN4
"Belanja Keperluan Perkantoran Perbaikan Peralatan Perkantoran, Pemeliharaan serta Perawatan Kendaraan, dan Operasional Kantor Ditjen Binapenta dan PKK",COMPLETED,2026,"f7b20cf6-e392-4c0b-83e8-f1e6686c5ee9, 5b4b3abd-8a1c-43c8-a84c-1925cad9f97d, e91c508e-520f-4b1e-bd04-f9b743a60bc5, 399aed04-cc5c-40d3-bfeb-ea098e4b519a, 195660dc-e2e4-42dc-8e97-c05d802572aa, 63b5716b-c66e-4bc9-8607-be03f91f75b4, 381a54f1-d867-418d-a83d-926a92e23bb4, eb10ee8c-4024-4b1b-acd3-4ba3ea756ec5, 79449f46-6733-4418-9313-eea4548257f4, 8c15440a-fa63-4bab-86d4-0b4ea545ecbf, 0339e6e6-3e64-41de-a8f6-df7d80fdf847",240,0,COMPLETED,Tidak,K34,DITJEN PEMBINAAN PENEMPATAN TENAGA KERJA DAN PERLUASAN KESEMPATAN KERJA,WA.6621.EBA.994.002.0B.521111,APBN,01KRMZDVCEF10VK30QZVPA2R3Z,17991990,63989776,11,01J8KYXPXAGC5QMWWT748704NE,451139,281425009,2026-05-18T00:00:00Z,"Dukungan Manajemen Ditjen Pembinaan Penempatan Tenaga Kerja dan Perluasan Kesempatan Kerja, ",efbb911a-59d7-54a0-816c-d0c9fbaa93e6.eOX7VHB0DaM2BJ-T.altEe-x5qQljh5FVI-pXWEvSe2x7YBErp94JTBROiN4
Paket Meeting Fullboard Peserta dan Panitia,COMPLETED,2026,86260256-8225-4a29-8aae-0483dd64a963,125,0,COMPLETED,Tidak,K34,DITJEN. PEMBINAAN HUBUNGAN INDUSTRIAL DAN JAMINAN SOSIAL TENAGA KERJA,DN.5586.QDB.001.051.0A.524119,APBN,01KMYJR28708SJFPKCSYBTJWTE,112500000,66267017,1,01K2GRAFWQBXZNZ39SG4FQ21DM,451270,0,2026-03-31T00:00:00Z,"Peningkatan Penerapan Jaminan Sosial Tenaga Kerja dan Fasilitasi Kesejahteraan Pekerja, ",efbb911a-59d7-54a0-816c-d0c9fbaa93e6.eOX7VHB0DaM2BJ-T.altEe-x5qQljh5FVI-pXWEvSe2x7YBErp94JTBROiN4
Konsumsi Peserta Pelatihan 1300 JP PBK Teknisi PNBP,DRAFT,2026,8c2b6024-3954-49d9-94a4-ad63660eb9e8,8320,,CANCELLED_ON_NEGOTIATION,Tidak,K34,BALAI BESAR PELATIHAN VOKASI DAN PRODUKTIVITAS MEDAN,DL.4057.SCO.003.054.0A.521211,APBN,01KW76H654EBD19B7T70G72NSQ,183040000,65763468,1,01K7P0067ZG2CA6RAJ5KWNE08H,451094,0,,"Peningkatan Penyelenggaraan Pelatihan Vokasi dan Pemagangan Binalavotas, ",efbb911a-59d7-54a0-816c-d0c9fbaa93e6.eOX7VHB0DaM2BJ-T.altEe-x5qQljh5FVI-pXWEvSe2x7YBErp94JTBROiN4
Biaya Konsumsi Klasikal - PELATIHAN DASAR CALON PEGAWAI NEGERI SIPIL,COMPLETED,2026,"9e9d576e-920d-4dea-b8a1-87f76b6980bc, 7a9f525c-01af-4fbe-8ab2-10feb98f014f",3065,0,COMPLETED,Tidak,K34,PUSAT PENGEMBANGAN SUMBER DAYA MANUSIA KETENAGAKERJAAN,WA.2165.EBC.996.052.0A.521211,APBN,01KPDAE7NASS0HQGACAGAR84W0,99860000,66942964,2,01JCZ4B40RAC58Y2DRVV7EJ7S8,450990,45893009,2026-04-17T00:00:00Z,"Peningkatan Kualitas Sumber Daya Manusia (SDM) Aparatur, ",efbb911a-59d7-54a0-816c-d0c9fbaa93e6.eOX7VHB0DaM2BJ-T.altEe-x5qQljh5FVI-pXWEvSe2x7YBErp94JTBROiN4
Jasa Outsourching Security,DRAFT,2026,6b092a38-8fce-4a21-81d0-e5e3575fc308,132,0,ON_PROCESS,Tidak,K34,BALAI BESAR PELATIHAN VOKASI DAN PRODUKTIVITAS BANDUNG,WA.6988.EBA.994.002.0A.522191,APBN,01KE74HJDQJ4E25SGXH0HGBDRB,743882568,62796402,1,01JG0N6D4AVTW6TEE17QE8KJ94,452542,2858009,2026-01-06T00:00:00Z,"Dukungan Manajemen Direktorat Jenderal Pembinaan Pelatihan Vokasi dan Produktivitas, ",efbb911a-59d7-54a0-816c-d0c9fbaa93e6.eOX7VHB0DaM2BJ-T.altEe-x5qQljh5FVI-pXWEvSe2x7YBErp94JTBROiN4
Bahan Pelatihan Tailor Made Training 40 JP,COMPLETED,2026,800650dc-6229-4041-8fa8-d6e427a995d6,2,0,COMPLETED,Tidak,K34,BALAI PELATIHAN VOKASI DAN PRODUKTIVITAS SIDOARJO,DL.4057.SCO.003.053.0B.521211,APBN,01KMPMFGG5QP5C4T8718ZGD1PQ,20572296,66474105,1,01JAYK7BA0MEZ4014EFKCTSSY8,050302,759449,2026-03-27T00:00:00Z,"Peningkatan Penyelenggaraan Pelatihan Vokasi dan Pemagangan Binalavotas, ",efbb911a-59d7-54a0-816c-d0c9fbaa93e6.eOX7VHB0DaM2BJ-T.altEe-x5qQljh5FVI-pXWEvSe2x7YBErp94JTBROiN4
Konsumsi Peserta Pelatihan 260 JP Reguler PBK RM,DRAFT,2026,58cb8ad5-86c7-46d2-b569-0dfe12df8fcb,1248,,CANCELLED_ON_NEGOTIATION,Tidak,K34,BALAI BESAR PELATIHAN VOKASI DAN PRODUKTIVITAS MEDAN,DL.4057.SCO.003.052.0A.521211,APBN,01KVM9RJVT3RSGP99ANP5SR37S,31200000,66121349,1,01JM72CXSQXYW7P7QXDF5DXAY3,451094,1790022,,"Peningkatan Penyelenggaraan Pelatihan Vokasi dan Pemagangan Binalavotas, ",efbb911a-59d7-54a0-816c-d0c9fbaa93e6.eOX7VHB0DaM2BJ-T.altEe-x5qQljh5FVI-pXWEvSe2x7YBErp94JTBROiN4
Pembelian Videotron dan Sound System Auditorium,COMPLETED,2026,"7290cd62-1689-4953-987d-5573d8161c49, eddd1bd5-3fc2-4194-90d4-c30fe2e7fc70",2,0,COMPLETED,Tidak,K34,POLITEKNIK KETENAGAKERJAAN,DL.2238.CAA.001.051.0A.532111,APBN,01KK913VB98AZ6JKRD7GFNPD6M,402056500,63952287,2,01HW7RKDS1CBYAW0S9TXAW1GAW,352632,0,2026-03-11T00:00:00Z,"Pelayanan Politeknik Ketenagakerjaan, ",efbb911a-59d7-54a0-816c-d0c9fbaa93e6.eOX7VHB0DaM2BJ-T.altEe-x5qQljh5FVI-pXWEvSe2x7YBErp94JTBROiN4
"Paket Pertemuan Fullboard Peserta, Moderator dan Penyelenggara Pendampingan Pencegahan Perselisihan Hubungan Industrial  ",COMPLETED,2026,845fb926-eb3d-4248-9578-8ab57e4fcb8f,158,0,PAYMENT_OUTSIDE_SYSTEM,Tidak,K34,DITJEN. PEMBINAAN HUBUNGAN INDUSTRIAL DAN JAMINAN SOSIAL TENAGA KERJA,DN.2179.BDD.001.051.0A.524119,APBN,01KHX0XSQCGJ9V3510PXCWPY75,120080000,63820643,1,01K03K0Z0XM34QMQ6C8FZT049B,451270,0,2026-02-24T00:00:00Z,"Penguatan Kelembagaan dan Pencegahan Perselisihan Hubungan Industrial, ",efbb911a-59d7-54a0-816c-d0c9fbaa93e6.eOX7VHB0DaM2BJ-T.altEe-x5qQljh5FVI-pXWEvSe2x7YBErp94JTBROiN4
Konsumsi Peserta Pelatihan 340 JP Reguler PBK RM,COMPLETED,2026,58cb8ad5-86c7-46d2-b569-0dfe12df8fcb,544,0,ON_PROCESS,Tidak,K34,BALAI BESAR PELATIHAN VOKASI DAN PRODUKTIVITAS MEDAN,DL.4057.SCO.003.052.0A.521211,APBN,01KVMAAWD5X7SMZ66CATFYH63Z,10880000,66121154,1,01JM72CXSQXYW7P7QXDF5DXAY3,451094,1790022,2026-06-21T00:00:00Z,"Peningkatan Penyelenggaraan Pelatihan Vokasi dan Pemagangan Binalavotas, ",efbb911a-59d7-54a0-816c-d0c9fbaa93e6.eOX7VHB0DaM2BJ-T.altEe-x5qQljh5FVI-pXWEvSe2x7YBErp94JTBROiN4
Bahan pengujian,BUYER_CONFIRMED,2026,"3c9edcb9-9f4d-4706-90c1-34c69718daae, 6616235b-2f45-41a3-8144-fde3727f223d, ff33fd7c-c4cf-46af-8680-11fb8d553192, ac5dc8f9-db0e-4cec-a0c4-a32279151be6, 2e9ba58a-6409-41ca-98d5-05a599ffc2d2, 38591565-0705-4f45-9674-05130103dbc9, 989b3610-c45d-4356-ac46-b9ea30bc425a, ae86ad70-451b-4570-9623-385c704b7113, a025c9fd-2379-4028-9054-763696972fe9, 84001aee-a8e1-4c11-b704-1fcb2c9b4baa, c33d7e4b-8f18-415e-afa4-adb30d6d153a, 05a69754-9474-4c60-83be-ad6403c3d0a5, d3c0b988-3cfa-45bc-8291-4e6b4a3d5ac1",94,0,ON_PROCESS,Tidak,K34,BALAI KESELAMATAN DAN KESEHATAN KERJA BANDUNG,DN.6592.QAC.001.051.0E.521811,APBN,01KXHA7KY8BY57NPA382YH3EW6,80133120,63147453,13,01JRYDSFP5H1B3JRX8TDT7NW32,350079,92458009,2026-07-16T00:00:00Z,"Pengujian Keselamatan dan Kesehatan Kerja, ",efbb911a-59d7-54a0-816c-d0c9fbaa93e6.eOX7VHB0DaM2BJ-T.altEe-x5qQljh5FVI-pXWEvSe2x7YBErp94JTBROiN4
"Paket Fullboard Moderator, Peserta dan Penyelenggara Dialog Tripartit Dalam Pengembangan Kebijakan Ketenagakerjaan",COMPLETED,2026,cd6b1f8f-1071-477d-8f50-c49096d7a852,114,0,PAYMENT_OUTSIDE_SYSTEM,Tidak,K34,DITJEN. PEMBINAAN HUBUNGAN INDUSTRIAL DAN JAMINAN SOSIAL TENAGA KERJA,DN.2179.BDB.001.051.0B.524119,APBN,01KN6KDWTJTV7TC377GHZJH85K,107160000,63840283,1,01JCCY4WPKMTDJHK3NQ3A6VX6G,451270,108697009,2026-04-07T00:00:00Z,"Penguatan Kelembagaan dan Pencegahan Perselisihan Hubungan Industrial, ",efbb911a-59d7-54a0-816c-d0c9fbaa93e6.eOX7VHB0DaM2BJ-T.altEe-x5qQljh5FVI-pXWEvSe2x7YBErp94JTBROiN4
Konsumsi Peserta Pelatihan 140 JP Reguler PNBP,COMPLETED,2026,14b04ca1-3e9f-4039-818b-7d7b916821c0,154,0,ON_PROCESS,Tidak,K34,BALAI BESAR PELATIHAN VOKASI DAN PRODUKTIVITAS MEDAN,DL.4057.SCO.006.052.0A.521211,APBN,01KVJPCYC7NPMGN7AYMXRSVZKW,3080000,66121266,1,01K10E7HHEM420DCD80BAM4TQS,451094,0,2026-06-21T00:00:00Z,"Peningkatan Penyelenggaraan Pelatihan Vokasi dan Pemagangan Binalavotas, ",efbb911a-59d7-54a0-816c-d0c9fbaa93e6.eOX7VHB0DaM2BJ-T.altEe-x5qQljh5FVI-pXWEvSe2x7YBErp94JTBROiN4
Paket Fullboard Peserta dan Panitia,DRAFT,2026,e5df2fa3-3e34-4bc1-9e04-3940a1b6ed5b,66,,CANCELLED_ON_REVIEW,Tidak,K34,DITJEN. PEMBINAAN HUBUNGAN INDUSTRIAL DAN JAMINAN SOSIAL TENAGA KERJA,DN.5586.PEF.001.051.0A.524114,APBN,01KN47GD78C88E3X8G2NZS697S,59400000,66258191,1,01JRVP1MD5MR99ZJ6GMRH31K8V,451270,0,,"Peningkatan Penerapan Jaminan Sosial Tenaga Kerja dan Fasilitasi Kesejahteraan Pekerja, ",efbb911a-59d7-54a0-816c-d0c9fbaa93e6.eOX7VHB0DaM2BJ-T.altEe-x5qQljh5FVI-pXWEvSe2x7YBErp94JTBROiN4
Pegawai Non Aparatur Sipil Negara TW IV [1 PKT x 1 KL],DRAFT,2026,"8889b1bf-b146-498f-9e2c-6af824b56c24, af781b8c-f22b-4557-8e58-e8f458da3665, bc133992-977c-4263-a308-39098e2e2bb8",112,,CANCELLED_ON_NEGOTIATION,Tidak,K34,BADAN PERENCANAAN DAN PENGEMBANGAN KETENAGAKERJAAN,WA.6624.EBA.994.002.CB.522191,APBN,01KMHFWTMJ9KT47S0RMRGSFH66,953600000,66129398,3,01JC4WS8C5M2TXFXV3S7J26613,452677,1084190,,"Dukungan Manajemen Badan Perencanaan dan Pengembangan Ketenagakerjaan, ",efbb911a-59d7-54a0-816c-d0c9fbaa93e6.eOX7VHB0DaM2BJ-T.altEe-x5qQljh5FVI-pXWEvSe2x7YBErp94JTBROiN4
Belanja Pemeliharaan Peralatan dan Mesin,BUYER_CONFIRMED,2026,"c576f5b0-bfce-42f2-8ac3-3aae53640467, d0709829-f060-492d-8424-6ec3fb49526e, 21a5bad7-8ea9-4948-a66e-7e3c66f5186b, d84dc51c-9ba8-45ad-98e4-1c94c9696102, c487258f-2b5f-41d3-b533-4cbabc4a113e",10,0,PAYMENT_OUTSIDE_SYSTEM,Tidak,K34,BALAI KESELAMATAN DAN KESEHATAN KERJA BANDUNG,WA.6622.EBA.994.002.0D.523121,APBN,01KN6N7JCASJWH0FDTSZ1J929W,49839000,66812896,5,01J40YT5XD7W126RBMKNCXQ4F1,350079,1239191,2026-04-06T00:00:00Z,"Dukungan Manajemen Ditjen Pembinaan Pengawasan Ketenagakerjaan dan Keselamatan dan Kesehatan Kerja, ",efbb911a-59d7-54a0-816c-d0c9fbaa93e6.eOX7VHB0DaM2BJ-T.altEe-x5qQljh5FVI-pXWEvSe2x7YBErp94JTBROiN4
"Fullboard Moderator, Panitia Penyelenggara dan Peserta",DRAFT,2026,2989c988-5c13-4634-8ae0-48282ee99324,69,,CANCELLED_ON_NEGOTIATION,Tidak,K34,DITJEN. PEMBINAAN HUBUNGAN INDUSTRIAL DAN JAMINAN SOSIAL TENAGA KERJA,DN.6587.AEG.001.051.0D.524119,APBN,01KV9Q1W2DZNAJJE2S44PPSK7A,69000000,66135360,1,01K973CVV2QZSRZA5KEBYB3S42,451270,0,,"Peningkatan Pembinaan Hubungan Kerja dan Penerapan Pengupahan, ",efbb911a-59d7-54a0-816c-d0c9fbaa93e6.eOX7VHB0DaM2BJ-T.altEe-x5qQljh5FVI-pXWEvSe2x7YBErp94JTBROiN4
Konsumsi Peserta Pelatihan 280 JP Reguler PBK RM,DRAFT,2026,ff6ecf37-0598-4d3b-805f-e8b6273f095c,425,0,ON_PROCESS,Tidak,K34,BALAI BESAR PELATIHAN VOKASI DAN PRODUKTIVITAS MEDAN,DL.4057.SCO.003.052.0A.521211,APBN,01KVM6XG72XECBR3GKHZ6ZXGK1,8075000,66121223,1,01K58D7JY1JYPTGJFWZ2X04A9N,451094,0,2026-06-22T00:00:00Z,"Peningkatan Penyelenggaraan Pelatihan Vokasi dan Pemagangan Binalavotas, ",efbb911a-59d7-54a0-816c-d0c9fbaa93e6.eOX7VHB0DaM2BJ-T.altEe-x5qQljh5FVI-pXWEvSe2x7YBErp94JTBROiN4
Pelatihan Vokasi di Provinsi Jawa Timur UPT BLK Bondowoso,DRAFT,2026,88f1e5a7-c629-4374-b160-fe7ee7adacee,48,,CANCELLED_ON_NEGOTIATION,Tidak,K34,BALAI PELATIHAN VOKASI DAN PRODUKTIVITAS BANYUWANGI,DL.4057.SCO.013.071.OA.521211,APBN,01KWE0B33RECHEHB5FV2BJMJJ0,12520800,62259252,1,01JKA2D2DVG0R44ENMDXZXQQ38,051102,440472,,"Peningkatan Penyelenggaraan Pelatihan Vokasi dan Pemagangan Binalavotas, ",efbb911a-59d7-54a0-816c-d0c9fbaa93e6.eOX7VHB0DaM2BJ-T.altEe-x5qQljh5FVI-pXWEvSe2x7YBErp94JTBROiN4
Paket Meeting Fullboard Peserta dan Panitia,COMPLETED,2026,c4247e80-9c36-4221-8640-ad1b8c1651ee,108,0,COMPLETED,Tidak,K34,DITJEN PHI DAN JAMSOS,DN.5586.BDC.001.051.0A.524119,APBN,01KVA2B6GMQ36H4P72CHW7QQX1,86940000,66262516,1,01JV95GHVXM80PADVD2PACR489,451310,0,2026-06-17T00:00:00Z,"Peningkatan Penerapan Jaminan Sosial Tenaga Kerja dan Fasilitasi Kesejahteraan Pekerja, ",efbb911a-59d7-54a0-816c-d0c9fbaa93e6.eOX7VHB0DaM2BJ-T.altEe-x5qQljh5FVI-pXWEvSe2x7YBErp94JTBROiN4
Konsumsi Peserta Pelatihan (RM),DRAFT,2026,9d079815-bd96-43c1-b471-9f536452af11,4612,0,ON_PROCESS,Tidak,K34,BALAI PELATIHAN VOKASI DAN PRODUKTIVITAS SAMARINDA,"DL.4057.SCO.003.051.0B.521211, DL.4057.SCO.003.052.0A.521211",APBN,01KXN0QKJM6QM8ZJHP4QWMB2YE,114838800,66626893,1,01K5G0BRX7C57HJSJGGD0B0AS8,451108,0,2026-07-20T00:00:00Z,,efbb911a-59d7-54a0-816c-d0c9fbaa93e6.eOX7VHB0DaM2BJ-T.altEe-x5qQljh5FVI-pXWEvSe2x7YBErp94JTBROiN4
Sewa Mobil Kendaraan Dinas Pimpinan,DRAFT,2026,3dff61a5-6a6d-4967-9548-45a6f5a590ac,8,0,ON_PROCESS,Tidak,K34,BALAI BESAR KESELAMATAN DAN KESEHATAN KERJA JAKARTA,WA.6622.EBA.994.002.0G.522141,APBN,01KQ9PBZTEZAZGZZE7WHHPHRZY,103200003,66989035,1,01JD6VHRGBDVGB2X409VKAPJVB,350084,1012276,2026-04-29T00:00:00Z,"Dukungan Manajemen Ditjen Pembinaan Pengawasan Ketenagakerjaan dan Keselamatan dan Kesehatan Kerja, ",efbb911a-59d7-54a0-816c-d0c9fbaa93e6.eOX7VHB0DaM2BJ-T.altEe-x5qQljh5FVI-pXWEvSe2x7YBErp94JTBROiN4
Belanja Pemeliharaan Peralatan dan Mesin,DRAFT,2026,4b3bcc1e-13ea-4dff-a00c-52d74a8d6302,1,0,ON_PROCESS,Tidak,K34,BALAI KESELAMATAN DAN KESEHATAN KERJA BANDUNG,WA.6622.EBA.994.002.0D.523121,APBN,01KXHADVWTHTZJPXCRP54AVG5R,21256500,66812896,1,01JFBXNKRXQ55PW1XAWAPD58W8,350079,1534191,2026-07-16T00:00:00Z,"Dukungan Manajemen Ditjen Pembinaan Pengawasan Ketenagakerjaan dan Keselamatan dan Kesehatan Kerja, ",efbb911a-59d7-54a0-816c-d0c9fbaa93e6.eOX7VHB0DaM2BJ-T.altEe-x5qQljh5FVI-pXWEvSe2x7YBErp94JTBROiN4
6988.EBA.994.002.J.522191.001057 Jasa Alih Daya Satpel Jambi,DRAFT,2026,bc0f8bb8-0a70-4ab6-a3cb-cf5608e4959a,10,0,ON_PROCESS,Tidak,K34,BALAI PELATIHAN VOKASI DAN PRODUKTIVITAS PADANG,WA.6988.EBA.994.002.0J.522191,APBN,01KR0B4MDDK08E98G141Z9WQ25,54647990,65868426,1,01KCT9QZYDTNAMGMAHS5W5EH38,089378,0,2026-05-11T00:00:00Z,"Dukungan Manajemen Direktorat Jenderal Pembinaan Pelatihan Vokasi dan Produktivitas, ",efbb911a-59d7-54a0-816c-d0c9fbaa93e6.eOX7VHB0DaM2BJ-T.altEe-x5qQljh5FVI-pXWEvSe2x7YBErp94JTBROiN4
Belanja Pengadaan Bahan Pelatihan UPTD BLK Disnaker Sragen,COMPLETED,2026,ce47f066-16f5-49b7-ae09-17dd6c9b201a,1,0,ON_PROCESS,Tidak,K34,BALAI PELATIHAN VOKASI DAN PRODUKTIVITAS SURAKARTA,DL.4057.SCO.011.054.0A.521211,APBN,01KXFS40YDRR3VRCMN7AR1WHV2,17249000,66305314,1,01JY3D0PS32SBA0479ED0JQRBT,035636,0,2026-07-16T00:00:00Z,"Peningkatan Penyelenggaraan Pelatihan Vokasi dan Pemagangan Binalavotas, ",efbb911a-59d7-54a0-816c-d0c9fbaa93e6.eOX7VHB0DaM2BJ-T.altEe-x5qQljh5FVI-pXWEvSe2x7YBErp94JTBROiN4
PENGADAAN BAHAN PELATIHAN,COMPLETED,2026,"9215799f-1e4c-468b-94fa-ad6ae885b37c, 39f58f2c-22c4-44be-b809-87102b363adc",38194,0,ON_PROCESS,Tidak,K34,BALAI PELATIHAN VOKASI DAN PRODUKTIVITAS SURAKARTA,DL.4059.SCO.001.051.DL.521211,APBN,01KVS4B71ZY5VRF2EWGWTG08RH,24118000,66351379,2,01JJ1ARRF06SG36TNKRH4DBQ0N,035636,266520009,2026-06-23T00:00:00Z,"Pengembangan dan Peningkatan Produktivitas Tenaga Kerja Binalavotas, ",efbb911a-59d7-54a0-816c-d0c9fbaa93e6.eOX7VHB0DaM2BJ-T.altEe-x5qQljh5FVI-pXWEvSe2x7YBErp94JTBROiN4
Pengadaan Jasa Layanan Internet (periode Februari 2026),COMPLETED,2026,e44120eb-1aaf-4f5f-b817-d3b4fb2d638d,1,0,COMPLETED,Tidak,K34,BALAI BESAR PERLUASAN KESEMPATAN KERJA,WA.6621.EBA.994.002.0c.522119,APBN,01KGE8JA2C3KKFYE95KGJAWPAT,28860000,64812272,1,01JD1AEPSHWYGXZ0JKGX3VSRPN,259322,12616047,2026-02-02T00:00:00Z,"Dukungan Manajemen Ditjen Pembinaan Penempatan Tenaga Kerja dan Perluasan Kesempatan Kerja, ",efbb911a-59d7-54a0-816c-d0c9fbaa93e6.eOX7VHB0DaM2BJ-T.altEe-x5qQljh5FVI-pXWEvSe2x7YBErp94JTBROiN4
Paket Meeting Fullboard Peserta dan Panitia,COMPLETED,2026,a934bfc3-64f2-4793-82de-eee337e9cfda,108,0,COMPLETED,Tidak,K34,DITJEN. PEMBINAAN HUBUNGAN INDUSTRIAL DAN JAMINAN SOSIAL TENAGA KERJA,DN.5586.BDC.001.051.0A.524114,APBN,01KNB717YRHHYBSAWWQCJWRE0S,102600000,66262515,1,01JCPWDFWP59QYWQCWXXN479AZ,451270,1803121,2026-04-06T00:00:00Z,"Peningkatan Penerapan Jaminan Sosial Tenaga Kerja dan Fasilitasi Kesejahteraan Pekerja, ",efbb911a-59d7-54a0-816c-d0c9fbaa93e6.eOX7VHB0DaM2BJ-T.altEe-x5qQljh5FVI-pXWEvSe2x7YBErp94JTBROiN4
Laptop,COMPLETED,2026,61f6962e-5e22-40cb-b4bf-9efee3511ee7,1,0,PAYMENT_OUTSIDE_SYSTEM,Tidak,K34,BADAN PERENCANAAN DAN PENGEMBANGAN KETENAGAKERJAAN,WA.6624.EBB.951.052.0D.532111,APBN,01KN6FN3KSQN9H2X9MQWGYN199,32420000,62532439,1,01JN30P309DS3H1TATVTBKJ0QN,452677,350653009,2026-04-02T00:00:00Z,"Dukungan Manajemen Badan Perencanaan dan Pengembangan Ketenagakerjaan, ",efbb911a-59d7-54a0-816c-d0c9fbaa93e6.eOX7VHB0DaM2BJ-T.altEe-x5qQljh5FVI-pXWEvSe2x7YBErp94JTBROiN4
"Belanja Pakaian Kerja, Bahan dan Konsumsi Pelatihan - BLK Purworejo",COMPLETED,2026,"7d29b0b5-9f7a-4abc-a83e-f5836c6d9e73, 19c7cc9a-f38c-4ef9-a7c9-e3e40ac699e5, 1ae1f159-589e-4769-b0a9-dae0930f11df, 7a1e50e3-80a7-466b-8684-91831bdd1835, e2319ba4-e600-4c96-aabf-a1999cb55738, 69972db6-8eb0-4546-af7f-bc6226e2adff, 3ca80670-050c-4b38-9f79-1c6897320db4, e7ca0269-8d76-4f3b-ba13-e8896eb45b3a, 09e54efe-f6b2-43f4-a43f-a755007bf9c9, 405bdbe3-e9bc-4aa1-9e8a-9c0789404c4b, becb1f28-fe1f-4c36-8683-d485feb698b1, a70051b0-3ba4-44b4-8b5f-e2a2eff8f6a0, 07bd0f2c-32cd-458a-bc18-c9f83f12a632, a06f2887-df08-4ac7-a6eb-5b0a6b828b82, 05a8a385-0b2c-4e3c-94f8-3977b0e8b196, 8c0eb666-8e35-4a94-84da-15fdbffad2a6, 64c2f495-d9d8-4936-b83b-10b08b126693, c53a8adf-e153-4f53-ad46-cfcad67768f8, c4aaf88a-eb97-4d5b-9fab-94854f3e5752, 0854ec45-b95b-4f5f-9e9a-b4027be0abe0, 96501810-5c5a-46c6-ae93-c3c211588a6e, 266bf4c6-989d-449f-9d71-b94ef3d63a09, 0cbe1c2b-5f8b-41f4-8dcb-a9b4f113626d, bc5c30aa-226c-435f-9c50-e88afde94513, bc2330d4-24b9-47bd-9e1b-d01c1d30bd9c, 65206a29-d85a-43ab-971d-c37d6494c3d4, a009d7a2-48f5-4216-8b13-183cf57bf0d5, 4f0a8d05-07d1-4126-825d-488d99ae651e, 5fa6f207-60de-4908-b52b-deca47e502b1, e59c40ad-2556-4e13-8a9a-185e6c0e71e6, 35036c15-3460-4890-bd91-921aee11e895, 3d2b78a4-4be4-4378-96a7-c086f9e00afd, 2b83ba56-66fd-4aa9-86bf-e04a7dfb823c, 23e92b02-1785-41e5-836b-28d9c706ce48, 6479a96f-e542-49bc-b994-084c22c7fe9f, 7aaff101-ee02-47e9-ba79-589928f50dcb, 44e7b674-5dd4-4adb-8a60-092168f6f8ac, 96d804d9-8699-4bc1-9b85-f223a1321552, e6b373e9-72d2-434b-ada2-91583a2c07fe, 3c16cf6c-fdc0-4409-9f27-5484f7b1e368, 3959be04-2d4f-468d-80d5-2bffe6526d48, d3897ff5-0d99-4356-ae46-f29f6d2b4903, f74bab2b-3dfa-4387-acf9-eb12e0763b83, e65acf29-51fe-4488-b435-d36b1f73121f, bca78594-e424-4f8f-ae24-6fed63423cea",1883,0,PAYMENT_OUTSIDE_SYSTEM,Tidak,K34,BALAI PELATIHAN VOKASI DAN PRODUKTIVITAS SURAKARTA,DL.4057.SCO.011.052.0A.521211,APBN,01KMHFHT4CZ5AM6JFKEHJGN2JK,21323919,66399315,45,01KDYZZC347HPP0PGG8HJQ4QWB,035636,0,2026-03-26T00:00:00Z,"Peningkatan Penyelenggaraan Pelatihan Vokasi dan Pemagangan Binalavotas, ",efbb911a-59d7-54a0-816c-d0c9fbaa93e6.eOX7VHB0DaM2BJ-T.altEe-x5qQljh5FVI-pXWEvSe2x7YBErp94JTBROiN4
Pelatihan Vokasi di Provinsi Jawa Timur UPT BLK Situbondo,DRAFT,2026,ee6613ea-00b5-4c15-be43-ecaf5d81fbd8,80,0,ON_PROCESS,Tidak,K34,BALAI PELATIHAN VOKASI DAN PRODUKTIVITAS BANYUWANGI,DL.4057.SCO.013.058.OA.521211,APBN,01KZT58NBZVRWDMZP4S92JCM5A,7992000,62259211,1,01JJB3B7KD87QC600BWWJEMTCR,051102,272246,2026-08-12T00:00:00Z,"Peningkatan Penyelenggaraan Pelatihan Vokasi dan Pemagangan Binalavotas, ",efbb911a-59d7-54a0-816c-d0c9fbaa93e6.eOX7VHB0DaM2BJ-T.altEe-x5qQljh5FVI-pXWEvSe2x7YBErp94JTBROiN4
Jasa Outsourcing,DRAFT,2026,a49c8644-dcee-40dd-a15a-0f8b0ac4ee2c,18,0,ON_PROCESS,Tidak,K34,BALAI PELATIHAN VOKASI DAN PRODUKTIVITAS LOMBOK TIMUR,WA.6988.EBA.994.002.0B.522151,APBN,01KKJJ1AD23EN1KGKF3CBGS0CE,76581090,66339509,1,01JETC9Q1AK4WAT72ME95AJFVF,230302,70174,2026-03-19T00:00:00Z,"Dukungan Manajemen Direktorat Jenderal Pembinaan Pelatihan Vokasi dan Produktivitas, ",efbb911a-59d7-54a0-816c-d0c9fbaa93e6.eOX7VHB0DaM2BJ-T.altEe-x5qQljh5FVI-pXWEvSe2x7YBErp94JTBROiN4
Perlengkapan Persuratan dan Kearsipan ,DRAFT,2026,8494c305-1b11-4e52-8483-31855bcd7c01,500,,CANCELLED_ON_REVIEW,Tidak,K34,DITJEN PEMBINAAN PENEMPATAN TENAGA KERJA DAN PERLUASAN KESEMPATAN KERJA,WA.6621.EBA.994.002.0B.521111,APBN,01KN1K6BT642QGXZKNVR7Q4YGE,12987000,66212426,1,01HS27R6Y1A4BMGXN9JJQ10AAS,451139,0,,"Dukungan Manajemen Ditjen Pembinaan Penempatan Tenaga Kerja dan Perluasan Kesempatan Kerja, ",efbb911a-59d7-54a0-816c-d0c9fbaa93e6.eOX7VHB0DaM2BJ-T.altEe-x5qQljh5FVI-pXWEvSe2x7YBErp94JTBROiN4
Pembelian Pakan Ternak Kambing dan Kelinci,COMPLETED,2026,"ea0b3d2d-ea88-45b7-b32c-3a0102d4cc5c, e5dac1ab-5de7-4a5e-99f1-6a7106fbc30e, db3b8fe9-3522-465c-8170-2e6d574d5a9e, fa51daef-c17d-41a4-b16e-dc858b148b90, 3a654682-21e1-4ff1-820c-f899a274d34a, 5f090c25-ec5b-43e8-bb78-958afc27405d",106,0,PAYMENT_OUTSIDE_SYSTEM,Tidak,K34,BALAI PELATIHAN VOKASI DAN PRODUKTIVITAS BANDUNG BARAT,WA.6988.EBA.994.002.OA.521832,APBN,01KJ9SHX0BJENHMSEXKZ0NQ7X8,16375275,65457152,6,01JCSZ03BAP00QR78174E09B7R,021212,26740014,2026-02-25T00:00:00Z,"Dukungan Manajemen Direktorat Jenderal Pembinaan Pelatihan Vokasi dan Produktivitas, ",efbb911a-59d7-54a0-816c-d0c9fbaa93e6.eOX7VHB0DaM2BJ-T.altEe-x5qQljh5FVI-pXWEvSe2x7YBErp94JTBROiN4
"Belanja Modal Peralatan dan Mesin, Sarana dan Prasarana Ditjen Binwasnaker dan K3 Printer ",COMPLETED,2026,a2d31356-2e26-4a45-a748-430b79b1596c,5,0,COMPLETED,Tidak,K34,DITJEN. PEMBINAAN PENGAWASAN KETENAGAKERJAAN DAN K3,DN.6589.FAC.003.052.SP.532111,APBN,01KWTM9QKD36H9RHHB5JHXYPEP,23400004,67332023,1,01J8KYXPXAGC5QMWWT748704NE,651870,281425009,2026-07-06T00:00:00Z,"Peningkatan Kompetensi Pengawas Ketenagakerjaan dan Penguji K3, ",efbb911a-59d7-54a0-816c-d0c9fbaa93e6.eOX7VHB0DaM2BJ-T.altEe-x5qQljh5FVI-pXWEvSe2x7YBErp94JTBROiN4
Bahan Pelatihan Tailor Made Training 40 JP A,COMPLETED,2026,870b76f7-a8f0-4f0f-8416-016a9b5bab97,1,0,PAYMENT_OUTSIDE_SYSTEM,Tidak,K34,BALAI PELATIHAN VOKASI DAN PRODUKTIVITAS SIDOARJO,DL.4057.SCO.003.053.0A.521211,APBN,01KMYVEJDZRGB307YFV9CCDZH7,9712500,66473957,1,01JHHRZPE4EYNR91T2A4YDH7JS,050302,203207,2026-03-30T00:00:00Z,"Peningkatan Penyelenggaraan Pelatihan Vokasi dan Pemagangan Binalavotas, ",efbb911a-59d7-54a0-816c-d0c9fbaa93e6.eOX7VHB0DaM2BJ-T.altEe-x5qQljh5FVI-pXWEvSe2x7YBErp94JTBROiN4
"Paket Pertemuan Fullboard Peserta, Moderator, dan Penyelenggara Dalam Kota Peningkatan Kemampuan Early Warning System Potensi Perselisihan HI bagi Pelaku Hubungan Industrial",COMPLETED,2026,66cca019-a866-43b3-8503-888b47121e97,156,0,COMPLETED,Tidak,K34,DITJEN. PEMBINAAN HUBUNGAN INDUSTRIAL DAN JAMINAN SOSIAL TENAGA KERJA,DN.2179.BDC.005.051.0A.524114,APBN,01KPWY8NWNG776RQN624KGAW0D,140400000,65992200,1,01JWZ2S3PW7XC98M0430MKPBZQ,451270,0,2026-04-24T00:00:00Z,"Penguatan Kelembagaan dan Pencegahan Perselisihan Hubungan Industrial, ",efbb911a-59d7-54a0-816c-d0c9fbaa93e6.eOX7VHB0DaM2BJ-T.altEe-x5qQljh5FVI-pXWEvSe2x7YBErp94JTBROiN4
Paket Fullboard Meeting Panitia dan Peserta Fullboard (Peningkatan Kompetensi Teknis Mediator HI),COMPLETED,2026,c4247e80-9c36-4221-8640-ad1b8c1651ee,154,0,COMPLETED,Tidak,K34,DITJEN. PEMBINAAN HUBUNGAN INDUSTRIAL DAN JAMINAN SOSIAL TENAGA KERJA,DN.6586.UAC.001.051.0A.524119,APBN,01KMQ8PKKQSZ14R8ZVMYHJGGJF,120120000,65232671,1,01JV95GHVXM80PADVD2PACR489,451270,0,2026-03-30T00:00:00Z,"Peningkatan Kompetensi Mediator Hubungan Industrial, ",efbb911a-59d7-54a0-816c-d0c9fbaa93e6.eOX7VHB0DaM2BJ-T.altEe-x5qQljh5FVI-pXWEvSe2x7YBErp94JTBROiN4
ATK dan Komputer Supplies,SHIPPING,2026,"304fda66-4f82-4e81-b6c4-ac4e427ba4ad, 84a3ed2f-3b4e-4061-9c20-3e5561849e23, d25871ca-0473-4c9e-88b3-37155488ebea, 4b4333b3-23ac-4671-8a82-538d8e74bef3, ed46df86-cb33-401a-bf89-ad10fdaaea97, 8dd979e6-1fa3-42d2-9af8-15c308c49a5f, 834b2275-5981-41a7-8be3-1696fc2a495e, 80a49ea8-6f34-4e69-a157-13e4c2e652c2, a71b75f2-f7d2-44b7-b5bd-1df653a9be09, 1e544741-f863-4b76-bd18-9467c051bc9a, 7fb0ad8d-6e7b-4d86-b338-c60a6b2b57e4, 3583767f-ff16-47f6-a015-17bf01610c1a, 15fd5500-65a2-4de4-999e-8ddacc1cbe03, 404f41f0-01db-4047-83ba-293e6a440fa9, cad3cc27-ea95-4163-b09f-32e55ed008d2, f2723561-5d9a-4f3b-823c-e46af74f2d15, 726144f9-3f24-48b8-8e5f-ce41f021fab8, c716b56d-2971-405a-9955-22a12b028e0c, cdd51f2b-8bab-4fef-9bf7-3c008e4f11d9, 90a78826-f8fb-4346-b22b-16ea79e3da6a, c96e0f76-2bb1-4d9a-bb58-768db84e514f, 14dbb59a-2373-4b0c-a432-a30346ac6e05, f7dc1f78-e1de-4cc2-8cbc-83b900dd47c2, a1f72ccf-26cc-4c4c-a1a6-a6a2d37aaf45, f115e213-22c5-49ce-adb7-e41cb3d3e67c, 1badd6bd-ccae-43e9-9368-2798623536a2",189,0,PAYMENT_OUTSIDE_SYSTEM,Tidak,K34,BALAI KESELAMATAN DAN KESEHATAN KERJA BANDUNG,DN.6592.QAC.001.051.0E.521811,APBN,01KQXT3VYC6GZ1TS09V4C5D6V4,9468633,67078956,26,01KMYG52QRNDS5M8GSPXG5Y2JX,350079,0,2026-05-06T00:00:00Z,"Pengujian Keselamatan dan Kesehatan Kerja, ",efbb911a-59d7-54a0-816c-d0c9fbaa93e6.eOX7VHB0DaM2BJ-T.altEe-x5qQljh5FVI-pXWEvSe2x7YBErp94JTBROiN4
Pelatihan Vokasi di Provinsi Jawa Timur UPT BLK Kota Probolinggo,COMPLETED,2026,"d555fd30-b0cc-4dda-9f75-e65b43c27cc8, a345654d-47fb-4e5a-8994-e991d7d17162",129,0,PAYMENT_OUTSIDE_SYSTEM,Tidak,K34,BALAI PELATIHAN VOKASI DAN PRODUKTIVITAS BANYUWANGI,DL.4057.SCO.013.066.OA.521211,APBN,01KXHQESNNZ1SCBRY4G9ZZWCR4,2967030,62259233,2,01JBKH492JYBJ6CW40PRGBN2BK,051102,298250009,2026-07-16T00:00:00Z,"Peningkatan Penyelenggaraan Pelatihan Vokasi dan Pemagangan Binalavotas, ",efbb911a-59d7-54a0-816c-d0c9fbaa93e6.eOX7VHB0DaM2BJ-T.altEe-x5qQljh5FVI-pXWEvSe2x7YBErp94JTBROiN4
Belanja Jasa Lainnya,DRAFT,2026,"ddd8d823-da66-4445-9879-472ff6c1fcaf, a17f4698-4a84-41dc-b5fb-86efb013b01f",88,0,ON_PROCESS,Tidak,K34,BALAI BESAR PELATIHAN VOKASI DAN PRODUKTIVITAS MEDAN,WA.6988.EBA.994.002.0A.522191,APBN,01KHBBCW0WWS72QR09Z5720T7V,544596976,65403994,2,01J8KN4QB8AKDWJ43RPBJF6WCA,451094,339443009,2026-02-19T00:00:00Z,"Dukungan Manajemen Direktorat Jenderal Pembinaan Pelatihan Vokasi dan Produktivitas, ",efbb911a-59d7-54a0-816c-d0c9fbaa93e6.eOX7VHB0DaM2BJ-T.altEe-x5qQljh5FVI-pXWEvSe2x7YBErp94JTBROiN4
Jasa Alih Daya Kebersihan/Helpdesk/Call Center/Sekretaris/Teknisi/Driver/Pramu Taman/Resepsionis dll,DRAFT,2026,"ce908246-505f-4868-bdeb-db118a392901, 6825b675-bfea-4ca9-b351-173e3a983c1c",132,0,ON_PROCESS,Tidak,K34,POLITEKNIK KETENAGAKERJAAN,WA.6625.EBA.994.002.0D.522191,APBN,01KFW2NMHMT2QGBBG84563B03Y,1005534816,63965013,2,01JE5PEYSK3HRZ3JKQHTTNDN9Q,352632,1527225,2026-01-28T00:00:00Z,"Dukungan Manajemen Politeknik Ketenagakerjaan, ",efbb911a-59d7-54a0-816c-d0c9fbaa93e6.eOX7VHB0DaM2BJ-T.altEe-x5qQljh5FVI-pXWEvSe2x7YBErp94JTBROiN4
"Belanja Jasa Lainnya, ALIHDAYA BALAI HIPERKES SURABAYA				",DRAFT,2026,"ec18de67-c1f9-4ef1-bc2c-d3883cdba0bc, 534bfd29-719e-4207-ba87-c6b5c285856b, e558a339-3083-4487-829d-24653bd8cb89",120,0,ON_PROCESS,Tidak,K34,DITJEN. PEMBINAAN PENGAWASAN KETENAGAKERJAAN DAN K3,WA.6622.EBA.994.002.KQ.522191,APBN,01KKK2C8QY7MPGWK93G9B3W3YW,889519080,66386530,3,01JW7TQ25P73P9SMNW3FYW7P6M,651870,0,2026-03-17T00:00:00Z,"Dukungan Manajemen Ditjen Pembinaan Pengawasan Ketenagakerjaan dan Keselamatan dan Kesehatan Kerja, ",efbb911a-59d7-54a0-816c-d0c9fbaa93e6.eOX7VHB0DaM2BJ-T.altEe-x5qQljh5FVI-pXWEvSe2x7YBErp94JTBROiN4
Reguler,DELIVERED,2026,"31027545-0b6a-463d-ab96-eea7b3904fd2, bb83b92c-68ba-4021-9f9d-e0bf333646aa, 0e25e4e3-3f58-47d7-8ae4-4a842b69ed7d, 5c4f8567-77da-4783-b84a-8254668d0033, 4644cd11-68fe-4a5d-81dc-bcb49745c3f6, e98ac9c0-5249-45c3-804d-f282a28307d1, 00b41097-237e-43b9-8fdf-57fe3cd1f343, e7762c70-b6f4-4a94-ab0a-035a9235afa0, 2be6fc9b-8245-41b7-a0ab-5e86a38bee2b, 704d50dd-d187-4965-9096-477ab9b419b2, e454b4c8-86ef-4aad-b1be-1f7697caf1c7",11,0,ON_PROCESS,Tidak,K34,BALAI PELATIHAN VOKASI DAN PRODUKTIVITAS SURAKARTA,"DL.4057.SCO.003.052.0A.521211, DL.4057.SCO.003.052.0A.521213, DL.4057.SCO.003.052.0A.521219, DL.4057.SCO.003.052.0A.521811, DL.4057.SCO.003.052.0A.522151, DL.4057.SCO.003.052.0A.526312, DL.4057.SCO.003.052.0B.521211, DL.4057.SCO.003.052.0B.521213, DL.4057.SCO.003.052.0B.521219, DL.4057.SCO.003.052.0B.521811, DL.4057.SCO.003.052.0B.522151, DL.4057.SCO.003.052.0B.526312, DL.4057.SCO.003.052.0C.521211, DL.4057.SCO.003.052.0C.521213, DL.4057.SCO.003.052.0C.521219, DL.4057.SCO.003.052.0C.522151, DL.4057.SCO.003.052.0C.526312, DL.4057.SCO.003.052.0D.521213",APBN,01KXFXRXZY9Q6630CSBQBAW7HQ,208902000,62084464,11,01KKXG26XSW86B5G69MGDFZVY1,035636,0,2026-07-16T00:00:00Z,"Peningkatan Penyelenggaraan Pelatihan Vokasi dan Pemagangan Binalavotas, ",efbb911a-59d7-54a0-816c-d0c9fbaa93e6.eOX7VHB0DaM2BJ-T.altEe-x5qQljh5FVI-pXWEvSe2x7YBErp94JTBROiN4
Belanja Bahan Pelaksanaan Sertifikasi Lulusan Pelatihan ,COMPLETED,2026,"a9704d9b-45d3-4d07-972d-6d87c3fea9bb, 2d24818e-62c6-400c-ac39-4b65326667c7, c712becd-83f8-4984-8ada-99227c70203f, 552109db-f78f-4b1d-ab4d-c73f7cbfc7b9, 8f98a452-89ae-445c-ab8a-8afc866df28b, 94858765-5bc0-4044-a7d1-71bab6e6d238, 9e615c89-5811-4c89-83d7-c86f3ffff1f0, 9bd9774e-54c6-4316-b6ab-64fc2f6214cc, f1699f33-3739-4de5-a1c7-303e27527340, 01eacc70-a49f-4aaf-9582-50f3fd9926c8, 5af293fb-e453-49e1-92e3-58b3ea3aa86b, 801da1ec-cd84-4a2f-91cf-69db65f233a4, 686227f6-8a4c-42fa-876f-d0ee2bfd1889",808,899100,COMPLETED,Tidak,K34,BALAI BESAR PELATIHAN VOKASI DAN PRODUKTIVITAS SEMARANG,DL.4053.PDI.002.051.0B.521211,APBN,01KXZBVJ97K7PSG9ZAG2N5ZB72,23346852,62801553,13,01JYDESZTP0YA22FBCZT8CDSRE,452609,0,2026-07-21T00:00:00Z,"Pengembangan Sistem dan Pelaksanaan Sertifikasi Kompetensi Profesi Binalavotas, ",efbb911a-59d7-54a0-816c-d0c9fbaa93e6.eOX7VHB0DaM2BJ-T.altEe-x5qQljh5FVI-pXWEvSe2x7YBErp94JTBROiN4
Belanja Jasa Lainnya Tenaga Alih Daya,DRAFT,2026,ebeac572-bbca-4e86-8780-1f14d83f185b,168,0,ON_PROCESS,Tidak,K34,Sekretariat Badan Nasional Sertifikasi Profesi,WA.6988.EBA.994.002.0A.522191,APBN,01KF0DF6JHTK96VT3DKEYQGKBR,1464487584,63554509,1,01JCF7KZC856GBJ27DTAKDJR7Q,452533,695260,2026-01-16T00:00:00Z,"Dukungan Manajemen Direktorat Jenderal Pembinaan Pelatihan Vokasi dan Produktivitas, ",efbb911a-59d7-54a0-816c-d0c9fbaa93e6.eOX7VHB0DaM2BJ-T.altEe-x5qQljh5FVI-pXWEvSe2x7YBErp94JTBROiN4
Belanja Bahan TMT Kerjasama Hinode,COMPLETED,2026,"750553ed-2f3c-4a88-9c17-ab8cfb8c17cd, 4b0252aa-6da5-4c56-a6c2-37c0de42976f, 35148497-0457-4823-8d87-cb70b8a9839f, bc13221f-91bf-4c6e-a24a-caf69e3f799e, b311c0f0-0809-40a0-b88b-3544a95d3ee0, 9f1c9031-5f1c-4c61-b055-861e3898c8a8, 8617b5a9-5a0a-4193-b08a-dce84ce2aa15, e3a89f6d-2268-499c-8031-62b8cd875328, 9936feee-a316-47ca-baa8-bb9706f9e5b1, 0068107a-c6f3-42d6-8993-6937d51f1a0c, 5496a856-1892-4eef-ba86-292b2ba4521a, 58fa5e89-3685-4389-b4fe-46f5564efede, 04e249d1-533d-4bff-8ecc-df0aa339b9fc, 4b73cfcc-a768-4076-8e00-c9ab86f02199, cccb7dda-fd30-4684-b674-988bfc932ac7, e0a278e8-f8f9-4b23-9c71-d1855f9089ac, 4e6aa91d-9426-4612-bd83-355196374b7f, 4132782b-de82-4cb1-8536-074ba0fc3672, a69f86af-1477-4857-84fc-a8dfef504b39, 6024f2b2-ee0c-4f44-8b1b-e12bac9beb28, 3d5f232f-6788-4090-bc5f-e80e34c18aa0, 34019292-ec59-4450-b883-8bb030e174f4, 3660c7ee-7297-4813-9e22-5e4d7f14b67e, fa9d0ebd-4411-4edc-83c2-36871a0f126d, 982b9b8d-29eb-46a1-90c6-631fb128081c, 8de89cff-0f67-41e7-9b91-b7460bc317a1, 77b628ae-b8bb-42be-969f-94dc9d393efa, 18f13cc7-9205-410b-8fff-331bce6d52d3, 794ff206-c049-46ac-80df-e68bd280edd9, c0d55457-c71c-43d1-ac88-437131b6fe0f, 0fc7270a-f208-4073-ab2c-661ba16497e5, 060b9a2a-79db-4d33-a499-553877a382ab, 231cf994-c248-494b-a7cf-74f292717300, ce908422-17b8-4eba-ad28-9fdc85e192ad, 07f56715-2999-4b65-affd-7755edb12b02, 68c71a29-5099-44d3-a5e5-45d8313fe89e, 13d5ff75-ec8b-445f-a419-98aa0ca881ba, 9c7ab859-17a5-48e3-a813-33381e9e5ea4, 4ba5cbf6-f67a-4174-9b57-30237fb1c217, 7c7bd57f-e53c-4063-8abc-30428d16ac13, 97a2ea8a-1b13-4719-8947-0ef4dbcfe5ad, bf7effdb-0a98-4de3-957b-0650be8a70a1",1308,0,COMPLETED,Tidak,K34,BALAI BESAR PELATIHAN VOKASI DAN PRODUKTIVITAS SEMARANG,DL.4057.SCO.003.053.0C.521211,APBN,01KFN43AFZZJZMHTN1C0J32RH8,31383585,63643601,42,01J81QPN27R0FDVY86ZEFZ77TW,452609,2502042,2026-01-26T00:00:00Z,"Peningkatan Penyelenggaraan Pelatihan Vokasi dan Pemagangan Binalavotas, ",efbb911a-59d7-54a0-816c-d0c9fbaa93e6.eOX7VHB0DaM2BJ-T.altEe-x5qQljh5FVI-pXWEvSe2x7YBErp94JTBROiN4
Pengadaan Bahan Sertifikasi Lulusan (231 Paket),COMPLETED,2026,"733d47f2-dbda-4320-ae0d-c3540623ff8d, 48acbbcf-2ace-4c9f-8e31-3a15da1099a8, 4e5e8ab2-9f69-43a0-b6b0-f2d3fd5d671a",57,0,COMPLETED,Tidak,K34,BALAI BESAR PELATIHAN VOKASI DAN PRODUKTIVITAS SERANG,"DL.4053.PDI.002.051.0A.521211, DL.4053.PDI.002.051.0B.521211, DL.4053.PDI.003.051.0A.521211",APBN,01KQBJHG6WPP9KYEMW3H62NYEB,5231985,63091859,3,01JPHT8R3TKWRTQ8663M9DRT2Q,426531,43475011,2026-04-29T00:00:00Z,"Pengembangan Sistem dan Pelaksanaan Sertifikasi Kompetensi Profesi Binalavotas, ",efbb911a-59d7-54a0-816c-d0c9fbaa93e6.eOX7VHB0DaM2BJ-T.altEe-x5qQljh5FVI-pXWEvSe2x7YBErp94JTBROiN4
Pengadaan Jasa Konsumsi Peserta Pelatihan (90 Paket),COMPLETED,2026,bf650ec5-4e3b-4d22-8282-f426540aa3e1,8192,0,PAYMENT_OUTSIDE_SYSTEM,Tidak,K34,BALAI BESAR PELATIHAN VOKASI DAN PRODUKTIVITAS SERANG,"DL.4057.SCO.003.051.0A.521211, DL.4057.SCO.003.051.0B.521211, DL.4057.SCO.003.052.0A.521211, DL.4057.SCO.003.053.0A.521211, DL.4057.SCO.003.053.0B.521211, DL.4057.SCO.003.054.0A.521211, DL.4057.SCO.005.052.0A.521211, DL.4057.SCO.007.052.0A.521211, DL.4057.SCO.008.052.0B.521211",APBN,01KMS820K4J8GK37ZE0GB0RVA8,162201600,66344371,1,01JY10RH71H8NY6AVVH40AA14A,426531,0,2026-03-30T00:00:00Z,"Peningkatan Penyelenggaraan Pelatihan Vokasi dan Pemagangan Binalavotas, ",efbb911a-59d7-54a0-816c-d0c9fbaa93e6.eOX7VHB0DaM2BJ-T.altEe-x5qQljh5FVI-pXWEvSe2x7YBErp94JTBROiN4
Pengadaan Jasa Konsumsi Peserta Pelatihan (90 Paket),COMPLETED,2026,bf650ec5-4e3b-4d22-8282-f426540aa3e1,2752,0,PAYMENT_OUTSIDE_SYSTEM,Tidak,K34,BALAI BESAR PELATIHAN VOKASI DAN PRODUKTIVITAS SERANG,"DL.4057.SCO.003.051.0A.521211, DL.4057.SCO.003.051.0B.521211, DL.4057.SCO.003.052.0A.521211, DL.4057.SCO.003.053.0A.521211, DL.4057.SCO.003.053.0B.521211, DL.4057.SCO.003.054.0A.521211, DL.4057.SCO.005.052.0A.521211, DL.4057.SCO.007.052.0A.521211, DL.4057.SCO.008.052.0B.521211",APBN,01KMS60X2D0MBGVQASJJ6H9BND,54489600,66344371,1,01JY10RH71H8NY6AVVH40AA14A,426531,0,2026-03-30T00:00:00Z,"Peningkatan Penyelenggaraan Pelatihan Vokasi dan Pemagangan Binalavotas, ",efbb911a-59d7-54a0-816c-d0c9fbaa93e6.eOX7VHB0DaM2BJ-T.altEe-x5qQljh5FVI-pXWEvSe2x7YBErp94JTBROiN4
Pengadaan Bahan Sertifikasi Lulusan (231 Paket),COMPLETED,2026,"725ea78b-03d5-40fb-92e0-5a080d03649b, 26a39868-99b6-4663-9445-0dd8791addd0, ed9c53ec-fda8-40c6-9acb-21d985574a76, c679bf36-d219-4424-b0a3-b08ae90b99d7, 87f6a325-81e7-42e3-933c-ba3673c66be3, 9caa512b-3143-48d5-80f0-dbcb838a72ba, 3ec29421-1b00-47ae-a239-10daab0ff529, 067d59a5-b089-47fe-8e81-0388d0cbbe3c, 7b047fa0-b940-4d9d-a7c0-1707c11fe788",27,0,COMPLETED,Tidak,K34,BALAI BESAR PELATIHAN VOKASI DAN PRODUKTIVITAS SERANG,"DL.4053.PDI.002.051.0A.521211, DL.4053.PDI.002.051.0B.521211, DL.4053.PDI.003.051.0A.521211",APBN,01KPQCE1X7QG9MR4F0BW5H66EK,4078140,63091859,12,01JRS73EC81MM9JM6Z4608CME9,426531,26434127,2026-04-23T00:00:00Z,"Pengembangan Sistem dan Pelaksanaan Sertifikasi Kompetensi Profesi Binalavotas, ",efbb911a-59d7-54a0-816c-d0c9fbaa93e6.eOX7VHB0DaM2BJ-T.altEe-x5qQljh5FVI-pXWEvSe2x7YBErp94JTBROiN4
"Paket Meeting Fullboard Peserta, Penyelenggara, dan Moderator",COMPLETED,2026,15985907-c8be-4e37-907f-916c1a12151e,80,0,PAYMENT_OUTSIDE_SYSTEM,Tidak,K34,DITJEN PHI DAN JAMSOS,DN.6587.BDC.001.051.0B.524119,APBN,01KN154X8G1YRK4ERB42S75JRR,72000000,66123873,1,01K03D586NSY8VH40D1CDB3457,451310,0,2026-03-31T00:00:00Z,"Peningkatan Pembinaan Hubungan Kerja dan Penerapan Pengupahan, ",efbb911a-59d7-54a0-816c-d0c9fbaa93e6.eOX7VHB0DaM2BJ-T.altEe-x5qQljh5FVI-pXWEvSe2x7YBErp94JTBROiN4
Belanja Jasa Lainnya atas Tenaga Alih Daya Biro Hukum,DRAFT,2026,"6041a9e7-7393-4333-a420-f0467782e0ae, 1ed04bff-6342-41fa-9cf8-ff9adba859c9, 010dac7d-5e20-4b33-8b1b-78c25938a88c",3,0,ON_PROCESS,Tidak,K34,SEKRETARIAT JENDERAL KEMNAKER,WA.2158.EBA.994.002.0G.522191,APBN,01KGEPGFWSES7X3SV81D59J1DP,274021381,63650044,3,01JET10AAPJGW6SSP1CK73MJCH,450938,7915047,2026-02-02T00:00:00Z,"Peningkatan Pengelolaan dan Pelaporan Keuangan, ",efbb911a-59d7-54a0-816c-d0c9fbaa93e6.eOX7VHB0DaM2BJ-T.altEe-x5qQljh5FVI-pXWEvSe2x7YBErp94JTBROiN4
Konsumsi Peserta Pelatihan 260 JP Reguler PNBP,DRAFT,2026,ff6ecf37-0598-4d3b-805f-e8b6273f095c,512,0,ON_PROCESS,Tidak,K34,BALAI BESAR PELATIHAN VOKASI DAN PRODUKTIVITAS MEDAN,DL.4057.SCO.007.052.0A.521211,APBN,01KYA6A1TGDXTBCN3VYGM8FJKY,10240000,66121276,1,01K58D7JY1JYPTGJFWZ2X04A9N,451094,0,2026-07-25T00:00:00Z,"Peningkatan Penyelenggaraan Pelatihan Vokasi dan Pemagangan Binalavotas, ",efbb911a-59d7-54a0-816c-d0c9fbaa93e6.eOX7VHB0DaM2BJ-T.altEe-x5qQljh5FVI-pXWEvSe2x7YBErp94JTBROiN4
Pengadaan Jasa Outsourcing (Alih Daya) ,DRAFT,2026,dcee9166-fa33-4a46-b527-4fe34d355b0d,5,0,ON_PROCESS,Tidak,K34,BALAI BESAR PELATIHAN VOKASI DAN PRODUKTIVITAS BANDUNG,WA.6988.EBA.994.002.0A.522191,APBN,01KZD7AAZP34SS1QCKH76FPVYC,26842050,66223357,1,01JFVY8NWER8851J0JN4YR6SXJ,452542,22726014,2026-08-07T00:00:00Z,"Dukungan Manajemen Direktorat Jenderal Pembinaan Pelatihan Vokasi dan Produktivitas, ",efbb911a-59d7-54a0-816c-d0c9fbaa93e6.eOX7VHB0DaM2BJ-T.altEe-x5qQljh5FVI-pXWEvSe2x7YBErp94JTBROiN4
Belanja Bahan Pelaksanaan Sertifikasi Lulusan Pelatihan Vokasi (PNP),COMPLETED,2026,"c712becd-83f8-4984-8ada-99227c70203f, 7f4645f3-1659-420c-be85-c5a859904870, 35d82d18-7eae-47ed-a44c-278e102e0531, 8f98a452-89ae-445c-ab8a-8afc866df28b, 5dbecf76-1bc7-4863-9349-c11725c2013d, 51d2c2de-3a54-47f5-bf87-e22f11ce8104, d88cbba5-cae9-43c1-8bd9-e415c4b5293d, 42690485-1b59-4061-8492-232d9375d550, bd71b4db-03aa-4109-b983-203426bb9fae",1586,0,COMPLETED,Tidak,K34,BALAI BESAR PELATIHAN VOKASI DAN PRODUKTIVITAS SEMARANG,DL.4053.PDI.002.051.0A.521211,APBN,01KNKF40A7K3DEN3KEGPNZ9KCB,34695492,66185662,9,01JYDESZTP0YA22FBCZT8CDSRE,452609,0,2026-04-07T00:00:00Z,"Pengembangan Sistem dan Pelaksanaan Sertifikasi Kompetensi Profesi Binalavotas, ",efbb911a-59d7-54a0-816c-d0c9fbaa93e6.p5yMOuelbiIVrKyF.rS5afRQJpvXnTjQ5BH1InX4W4AuNQguN3qAxIjYxU4s
Pengadaan Tenaga Alih daya untuk keperluan Kantor BPVP Ternate dan Satpel Sofifi,DRAFT,2026,"c5ea8f77-c272-423d-af5d-058bfc61d4fc, fc7da96b-3dd6-4dd3-a779-515506240388, cb93e97a-5783-42ad-8c88-dcc05d38adac, 516f6628-5d7c-4744-9bbf-d99581aa942e",420,0,ON_PROCESS,Tidak,K34,BALAI PELATIHAN VOKASI DAN PRODUKTIVITAS TERNATE,WA.6988.EBA.994.002.WA.521111,APBN,01KFFQWVCP6F2K1NC3GW1K70FQ,2040120600,64062978,4,01J9QMMBYE9D5DCFNMMGBYAJ48,452595,4048114,2026-01-21T00:00:00Z,"Dukungan Manajemen Direktorat Jenderal Pembinaan Pelatihan Vokasi dan Produktivitas, ",efbb911a-59d7-54a0-816c-d0c9fbaa93e6.p5yMOuelbiIVrKyF.rS5afRQJpvXnTjQ5BH1InX4W4AuNQguN3qAxIjYxU4s
Belanja Jasa Lainnya - Persiapan Pelaksanaan Program Perluasan Kesempatan Kerja Bidang Tenaga Kerja Mandiri,BUYER_CONFIRMED,2026,7907e2ff-0cb3-4d2d-9a39-a2e0f7301fa3,80,0,ON_PROCESS,Tidak,K34,DIREKTORAT BINA PERLUASAN KESEMPATAN KERJA,DN.2175.BDC.003.051.0A.522191,APBN,01KRGHBAN0D4TQ11G2GM50T7DD,526621440,66117381,1,01JBY93PFF67PZKX4A22Z15V9M,626041,5757127,2026-05-13T00:00:00Z,"Perluasan Kesempatan Kerja, ",efbb911a-59d7-54a0-816c-d0c9fbaa93e6.p5yMOuelbiIVrKyF.rS5afRQJpvXnTjQ5BH1InX4W4AuNQguN3qAxIjYxU4s
Fullboard Peserta,DRAFT,2026,e2af0e01-934c-4461-abbd-9eef8fabd33a,50,0,ON_PROCESS,Tidak,K34,DITJEN PEMBINAAN PENEMPATAN TENAGA KERJA DAN PERLUASAN KESEMPATAN KERJA,DN.6593.DCI.001.051.0A.524119,APBN,01KRWD502EG905JH32DZRX72FH,43000000,63877520,1,01JW8QVRZRQWFCXWD3TZ2YKX86,451139,0,2026-05-18T00:00:00Z,"Peningkatan Kompetensi Pengantar Kerja, ",efbb911a-59d7-54a0-816c-d0c9fbaa93e6.p5yMOuelbiIVrKyF.rS5afRQJpvXnTjQ5BH1InX4W4AuNQguN3qAxIjYxU4s
Belanja Bahan Pelatihan Vokasi Bidang Industri dan Jasa Reguler,COMPLETED,2026,"5da694ff-cedf-47ba-9f7c-c4569157cd25, 7a5441fa-29a1-4e81-a1e0-3a87709289b5, e0984422-855f-40a6-ae53-b5d5e0819d9b, de3a2fe4-dc5c-4a48-8cb5-4ec49a8f3579, c4cf45d9-7290-4a4b-b59e-4db1d414793c, b1c85f15-2aec-4f10-89dc-472df8f0a260, 460ae3e9-ac74-44b2-82ea-1c98ab19f068, 3697c630-ec07-4206-9997-cd7fd83267d7, 290f25ed-370d-4bbf-8098-a65722530d53, 3d606762-8010-45a8-9742-099b6cd8d1c4, 0213cf15-7868-40af-990b-45a465daece8, 8a195c34-fec4-4635-a741-10dcb857a6af, 5b7d8495-bad6-4c55-91ee-d8af57115271, 39a337aa-2c1e-422f-be90-e47926c892e5, e0afdbc5-efff-4570-abf9-178468247a64, 3b2c8374-724a-4843-9bae-c3d5508bab20, 5b827715-a331-45ea-98ff-2e45e8600af0, f31ac036-379c-44e1-9991-0d63b0181c24, 4103a27e-f90e-4c76-8548-05ace9ca40d5, 5553ff90-b3f8-4358-8439-f721bc86b2a5, 4dcaa821-00e1-4e43-9079-e8675afa6ebc, c84547be-109b-4d71-97a8-2fafe43eda0d, 95caf173-eaab-4689-902a-1a1656934cc3, d9e5da72-d60f-4ade-9a65-99ae25632bce",621,0,COMPLETED,Tidak,K34,BALAI BESAR PELATIHAN VOKASI DAN PRODUKTIVITAS SEMARANG,DL.4057.SCO.003.052.0A.521211,APBN,01KJYAS1W8CCDTJ678GR8N5EV6,39775185,65956099,24,01JCF5TRQVKW157PX3JC6JFJ1Y,452609,2705108,2026-03-06T00:00:00Z,"Peningkatan Penyelenggaraan Pelatihan Vokasi dan Pemagangan Binalavotas, ",efbb911a-59d7-54a0-816c-d0c9fbaa93e6.p5yMOuelbiIVrKyF.rS5afRQJpvXnTjQ5BH1InX4W4AuNQguN3qAxIjYxU4s
Belanja Pengadaan Konsumsi Peserta Pelatihan UPTD Technopark Sragen,DRAFT,2026,2bf4d0f0-b2b9-462f-a99d-db980ebeaad2,1088,0,ON_PROCESS,Tidak,K34,BALAI PELATIHAN VOKASI DAN PRODUKTIVITAS SURAKARTA,DL.4057.SCO.011.057.0A.521211,APBN,01KXG3R4KNRENNNW4NTR9WK9RN,21760000,66297988,1,01JEQEEJE65GZYS2CSFG39P481,035636,203228,2026-07-16T00:00:00Z,"Peningkatan Penyelenggaraan Pelatihan Vokasi dan Pemagangan Binalavotas, ",efbb911a-59d7-54a0-816c-d0c9fbaa93e6.p5yMOuelbiIVrKyF.rS5afRQJpvXnTjQ5BH1InX4W4AuNQguN3qAxIjYxU4s
Pakaian Kerja,COMPLETED,2026,17a9ad3b-36ad-4808-86b1-bc51bfbdc0a7,81,0,COMPLETED,Tidak,K34,BALAI PELATIHAN VOKASI DAN PRODUKTIVITAS LOMBOK TIMUR,DL.4057.SCO.007.052.0A.521211,APBN,01KN1B185BYYN7B5JFQ2946W0H,13486500,63364611,1,01JYGPS1FZS5WAVV2XF7DF1GQ7,230302,0,2026-04-01T00:00:00Z,"Peningkatan Penyelenggaraan Pelatihan Vokasi dan Pemagangan Binalavotas, ",efbb911a-59d7-54a0-816c-d0c9fbaa93e6.p5yMOuelbiIVrKyF.rS5afRQJpvXnTjQ5BH1InX4W4AuNQguN3qAxIjYxU4s
Pengadaan Jasa Konsumsi Peserta Pelatihan (90 Paket),DRAFT,2026,50eb8260-428d-4825-b229-69cb68395bd7,3648,0,ON_PROCESS,Tidak,K34,BALAI BESAR PELATIHAN VOKASI DAN PRODUKTIVITAS SERANG,"DL.4057.SCO.003.051.0A.521211, DL.4057.SCO.003.051.0B.521211, DL.4057.SCO.003.052.0A.521211, DL.4057.SCO.003.053.0A.521211, DL.4057.SCO.003.053.0B.521211, DL.4057.SCO.003.054.0A.521211, DL.4057.SCO.005.052.0A.521211, DL.4057.SCO.007.052.0A.521211, DL.4057.SCO.008.052.0B.521211",APBN,01KVC7NDBSA8H8M0KR0NZ781P0,72230400,66344371,1,01K21GX3DP15DCB70SP29CC0RH,426531,0,2026-06-19T00:00:00Z,"Peningkatan Penyelenggaraan Pelatihan Vokasi dan Pemagangan Binalavotas, ",efbb911a-59d7-54a0-816c-d0c9fbaa93e6.p5yMOuelbiIVrKyF.rS5afRQJpvXnTjQ5BH1InX4W4AuNQguN3qAxIjYxU4s
Sewa Kendaraan Operasional Eselon II,COMPLETED,2026,343f38e2-04f3-4bb0-a0b9-009b8920d1b1,24,0,COMPLETED,Tidak,K34,BADAN PERENCANAAN DAN PENGEMBANGAN KETENAGAKERJAAN,WA.6624.EBA.994.002.CF.522141,APBN,01KDTHE1VC64DC0PVQQC6A4752,317016000,62540495,1,01JBE5A6AKHXKKPTG6YD75P12Q,452677,269796009,2025-12-31T00:00:00Z,"Dukungan Manajemen Badan Perencanaan dan Pengembangan Ketenagakerjaan, ",efbb911a-59d7-54a0-816c-d0c9fbaa93e6.p5yMOuelbiIVrKyF.rS5afRQJpvXnTjQ5BH1InX4W4AuNQguN3qAxIjYxU4s
Bahan Pelatihan Tailor Made Training 40 JP B,COMPLETED,2026,abbcda2e-cc69-4a05-ac3b-329455d96c8b,1,83250,ON_PROCESS,Tidak,K34,BALAI PELATIHAN VOKASI DAN PRODUKTIVITAS SIDOARJO,DL.4057.SCO.003.053.0A.521211,APBN,01KYGXJ3S16NZQ7BDF5N73YFAK,9368178,66473758,1,01JAYK7BA0MEZ4014EFKCTSSY8,050302,759449,2026-07-27T00:00:00Z,"Peningkatan Penyelenggaraan Pelatihan Vokasi dan Pemagangan Binalavotas, ",efbb911a-59d7-54a0-816c-d0c9fbaa93e6.p5yMOuelbiIVrKyF.rS5afRQJpvXnTjQ5BH1InX4W4AuNQguN3qAxIjYxU4s
Belanja Bahan TMT Klaster,COMPLETED,2026,bba19caa-2e5f-4fe3-8566-cad5eb6ff7c1,899,0,COMPLETED,Tidak,K34,BALAI BESAR PELATIHAN VOKASI DAN PRODUKTIVITAS SEMARANG,DL.4057.SCO.003.053.0A.521211,APBN,01KHAN4M1KAB0Y555PPJ3V5ZAC,107772120,66185950,1,01JE807JKC4M4B83DQ1RGSEQW5,452609,2413108,2026-02-19T00:00:00Z,"Peningkatan Penyelenggaraan Pelatihan Vokasi dan Pemagangan Binalavotas, ",efbb911a-59d7-54a0-816c-d0c9fbaa93e6.p5yMOuelbiIVrKyF.rS5afRQJpvXnTjQ5BH1InX4W4AuNQguN3qAxIjYxU4s
Pengadaan Jasa Sewa dan Dekorasi Mobil Hias (Karnaval),DRAFT,2026,a5b8cae7-7672-4649-8730-157125945015,1,0,ON_PROCESS,Tidak,K34,DITJEN PEMBINAAN PELATIHAN VOKASI DAN PRODUKTIVITAS,WA.6988.EBA.994.002.0G.522191,APBN,01KZWJ2PA1HX3YQF5QGMCT1JSW,195915000,67661702,1,01JHHE3CRNHK3NZG76G3T65V71,451026,83587619009,2026-08-13T00:00:00Z,"Dukungan Manajemen Direktorat Jenderal Pembinaan Pelatihan Vokasi dan Produktivitas, ",efbb911a-59d7-54a0-816c-d0c9fbaa93e6.p5yMOuelbiIVrKyF.rS5afRQJpvXnTjQ5BH1InX4W4AuNQguN3qAxIjYxU4s
Reguler,DRAFT,2026,"137fa529-343b-4b18-8fe5-588ea4cadddf, cb442e1c-943d-4322-8415-d088d9269d21, fe660e38-049b-4a29-b84d-cb1fb28b99aa, 44739747-2629-42d4-b48f-aad0b736b486, 465fed2e-957d-495e-8441-4480ed7b1de2, 830e73c8-f475-473d-82e4-0b94fa7d31e3, 2e31dc28-5aa4-4ee0-926e-132dc1b77882, fa5c7e14-0a3c-423c-b250-c065bee26808, edf0dc0f-fd6e-4192-b798-a057cfb91c89, d1177f72-5b48-4030-97b8-113414123428, 6581e67c-1cb9-4b88-a228-8b7cb5c7cdb9, 983b5c7c-b2a1-4d20-81ea-615444e0656d",14,,CANCELLED_ON_NEGOTIATION,Tidak,K34,BALAI PELATIHAN VOKASI DAN PRODUKTIVITAS SURAKARTA,"DL.4057.SCO.003.052.0A.521211, DL.4057.SCO.003.052.0A.521213, DL.4057.SCO.003.052.0A.521219, DL.4057.SCO.003.052.0A.521811, DL.4057.SCO.003.052.0A.522151, DL.4057.SCO.003.052.0A.526312, DL.4057.SCO.003.052.0B.521211, DL.4057.SCO.003.052.0B.521213, DL.4057.SCO.003.052.0B.521219, DL.4057.SCO.003.052.0B.521811, DL.4057.SCO.003.052.0B.522151, DL.4057.SCO.003.052.0B.526312, DL.4057.SCO.003.052.0C.521211, DL.4057.SCO.003.052.0C.521213, DL.4057.SCO.003.052.0C.521219, DL.4057.SCO.003.052.0C.522151, DL.4057.SCO.003.052.0C.526312, DL.4057.SCO.003.052.0D.521213",APBN,01KJ4MARTQCTHJCPM7W0T782KX,327655792,62084464,12,01K5DF5BGXKHFFXM49JDTCQ98T,035636,0,,"Peningkatan Penyelenggaraan Pelatihan Vokasi dan Pemagangan Binalavotas, ",efbb911a-59d7-54a0-816c-d0c9fbaa93e6.p5yMOuelbiIVrKyF.rS5afRQJpvXnTjQ5BH1InX4W4AuNQguN3qAxIjYxU4s
Paket Meeting Fullboard Peserta dan Panitia,COMPLETED,2026,7f2a1595-c1e7-440a-9745-539d4963478a,80,0,COMPLETED,Tidak,K34,DITJEN PHI DAN JAMSOS,DN.5586.BDC.001.051.0A.524119,APBN,01KNN2B9ZXC11R58KCQ61G4JNC,80000000,66262516,1,01JSXPCZTVG2D74N6DM2Q0P991,451310,0,2026-04-08T00:00:00Z,"Peningkatan Penerapan Jaminan Sosial Tenaga Kerja dan Fasilitasi Kesejahteraan Pekerja, ",efbb911a-59d7-54a0-816c-d0c9fbaa93e6.p5yMOuelbiIVrKyF.rS5afRQJpvXnTjQ5BH1InX4W4AuNQguN3qAxIjYxU4s
Safety Shoes - BLK Sukoharjo,COMPLETED,2026,50412282-ae85-43b6-ba9e-ff72d7399430,13,15540,ON_PROCESS,Tidak,K34,BALAI PELATIHAN VOKASI DAN PRODUKTIVITAS SURAKARTA,DL.4057.SCO.011.075.0A.521811,APBN,01KW3SS2Y97GVB3PTZKQHGKVQB,4565535,66616583,4,01KV5CXB245J3J84B8K3T71M7N,035636,0,2026-06-27T00:00:00Z,"Peningkatan Penyelenggaraan Pelatihan Vokasi dan Pemagangan Binalavotas, ",efbb911a-59d7-54a0-816c-d0c9fbaa93e6.p5yMOuelbiIVrKyF.rS5afRQJpvXnTjQ5BH1InX4W4AuNQguN3qAxIjYxU4s
Konsumsi Peserta Pelatihan 920 JP Teknisi PNBP,DRAFT,2026,8c2b6024-3954-49d9-94a4-ad63660eb9e8,1196,0,ON_PROCESS,Tidak,K34,BALAI BESAR PELATIHAN VOKASI DAN PRODUKTIVITAS MEDAN,DL.4057.SCO.005.054.0A.521211,APBN,01KNPD1QVREFJP5JBF52Y2JNKX,23920000,66126198,1,01K7P0067ZG2CA6RAJ5KWNE08H,451094,0,2026-04-08T00:00:00Z,"Peningkatan Penyelenggaraan Pelatihan Vokasi dan Pemagangan Binalavotas, ",efbb911a-59d7-54a0-816c-d0c9fbaa93e6.p5yMOuelbiIVrKyF.rS5afRQJpvXnTjQ5BH1InX4W4AuNQguN3qAxIjYxU4s
Belanja Bahan Fasilitasi Dan Pembinaan Calon Tenaga Kerja Di Pekerjaan Hijau,COMPLETED,2026,5a26c0f5-e2d1-4656-bba1-abab63942a75,100,0,COMPLETED,Tidak,K34,DITJEN PEMBINAAN PENEMPATAN TENAGA KERJA DAN PERLUASAN KESEMPATAN KERJA,DN.2173.QDC.002.051.0A.521211,APBN,01KQVCGKVPWK5CHBHX9EF94W1Y,10323000,67084718,1,01K0H6A0GCEZ79CYP40PP930DE,451139,0,2026-05-05T00:00:00Z,"Penempatan Tenaga Kerja, ",efbb911a-59d7-54a0-816c-d0c9fbaa93e6.p5yMOuelbiIVrKyF.rS5afRQJpvXnTjQ5BH1InX4W4AuNQguN3qAxIjYxU4s
Belanja Pengadaan Pakaian Kerja Peserta UPTD Technopark Sragen,COMPLETED,2026,f2c36222-cc6d-4c2b-b33c-69c51e04c7a1,64,0,PAYMENT_OUTSIDE_SYSTEM,Tidak,K34,BALAI PELATIHAN VOKASI DAN PRODUKTIVITAS SURAKARTA,DL.4057.SCO.011.057.0A.521211,APBN,01KVCRWKMAGC5128GMVC57AW1X,9341760,66296592,1,01JR9NJ3E5JK5JKT4A18PYKCVK,035636,0,2026-06-19T00:00:00Z,"Peningkatan Penyelenggaraan Pelatihan Vokasi dan Pemagangan Binalavotas, ",efbb911a-59d7-54a0-816c-d0c9fbaa93e6.p5yMOuelbiIVrKyF.rS5afRQJpvXnTjQ5BH1InX4W4AuNQguN3qAxIjYxU4s
Belanja Bahan Pelatihan Teknisi Reguler,COMPLETED,2026,"89e8a01f-6f66-46ff-9b41-0ebd2a7b2e62, 3697c630-ec07-4206-9997-cd7fd83267d7, 3d975132-93cf-43db-a691-ffe46af57f57, 95caf173-eaab-4689-902a-1a1656934cc3, 16846b77-2651-40db-8ae3-b8e484d42318, c4cf45d9-7290-4a4b-b59e-4db1d414793c, f31ac036-379c-44e1-9991-0d63b0181c24, 3d606762-8010-45a8-9742-099b6cd8d1c4, e0984422-855f-40a6-ae53-b5d5e0819d9b, 5b7d8495-bad6-4c55-91ee-d8af57115271, 5dc0b7a0-d7ac-4aed-bcce-39512aa32dbb, 7a5441fa-29a1-4e81-a1e0-3a87709289b5, 5da694ff-cedf-47ba-9f7c-c4569157cd25, c84547be-109b-4d71-97a8-2fafe43eda0d, b226f510-b7b7-46e8-8404-a92e97e4f9bc, e0afdbc5-efff-4570-abf9-178468247a64, 30996770-6572-435f-b704-bb23f6b08d5a, d57fb8d5-4f92-49aa-8e23-e1a31c38f6b2, 39a337aa-2c1e-422f-be90-e47926c892e5, 0059c546-f6fb-4bb7-bb6c-85897d3de64f, d9e5da72-d60f-4ade-9a65-99ae25632bce, de3a2fe4-dc5c-4a48-8cb5-4ec49a8f3579, b1c85f15-2aec-4f10-89dc-472df8f0a260, a360bbee-0e29-4814-989a-44aed055b119, 290f25ed-370d-4bbf-8098-a65722530d53, b73e2548-7140-4629-be49-40318119e792, 460ae3e9-ac74-44b2-82ea-1c98ab19f068, 4103a27e-f90e-4c76-8548-05ace9ca40d5, 4f1eceeb-c8ca-4b55-8f32-b8259467d106, 5553ff90-b3f8-4358-8439-f721bc86b2a5, 37b0da26-ba64-4df1-a6fe-32908088ae00, 6664db26-4852-4737-a46a-0eda1eb3e288, 4dcaa821-00e1-4e43-9079-e8675afa6ebc, 8f23c5a8-02c5-43b5-8c19-ce867ff9cecd, 0213cf15-7868-40af-990b-45a465daece8",365,0,COMPLETED,Tidak,K34,BALAI BESAR PELATIHAN VOKASI DAN PRODUKTIVITAS SEMARANG,DL.4057.SCO.003.054.0A.521211,APBN,01KK8WR0ZJWAGVM096HXD71ZR9,27972666,66185971,35,01JCF5TRQVKW157PX3JC6JFJ1Y,452609,2705108,2026-03-10T00:00:00Z,"Peningkatan Penyelenggaraan Pelatihan Vokasi dan Pemagangan Binalavotas, ",efbb911a-59d7-54a0-816c-d0c9fbaa93e6.p5yMOuelbiIVrKyF.rS5afRQJpvXnTjQ5BH1InX4W4AuNQguN3qAxIjYxU4s
Belanja Bahan Pelatihan Vokasi Bidang Industri dan Jasa Reguler,COMPLETED,2026,"d2174cb1-01e7-4d13-8256-29f3191bde07, 8147f9f8-ae26-413f-bfdf-f30b01f6a3a2, 1b8c8332-de27-42f4-83bc-e3c8600165b8, 4c83ff23-a80f-4923-94f2-b47bba42cb6b, 1aa9cbc7-4d1e-4703-a990-c47d4a1c9b97, e95cd575-837f-4f37-9f79-e0f0b2e7b9c5, 22da6e27-4e7c-4d02-8a5a-4e5a67f1daa4, 6941a3c1-42d3-4e52-8da0-afab05104e99, 0d7525fb-9b17-4e3e-ae7e-10cf788c9e46, ed85ced9-da8e-4a21-983c-9de337b294ac, 4e8ae13f-7e9b-4538-a454-899ef2793843",27,0,COMPLETED,Tidak,K34,BALAI BESAR PELATIHAN VOKASI DAN PRODUKTIVITAS SEMARANG,DL.4057.SCO.003.052.0A.521211,APBN,01KYHADJABR0RVBZ8SZN68E5XX,1097790,65956099,11,01JY61XM4G13MY1MYNDAVFQ9B1,452609,0,2026-07-27T00:00:00Z,"Peningkatan Penyelenggaraan Pelatihan Vokasi dan Pemagangan Binalavotas, ",efbb911a-59d7-54a0-816c-d0c9fbaa93e6.p5yMOuelbiIVrKyF.rS5afRQJpvXnTjQ5BH1InX4W4AuNQguN3qAxIjYxU4s
Pelatihan Vokasi Bidang Pertanian dan Perikanan Reguler PNBP,DRAFT,2026,e8c6e651-7095-40fd-b3b6-71b522467e4d,6011,0,PAYMENT_OUTSIDE_SYSTEM,Tidak,K34,BALAI PELATIHAN VOKASI DAN PRODUKTIVITAS BANYUWANGI,DL.4057.SCO.006.052.OA.521211,APBN,01KVQT4XE4NBJFPK1G1V818W2X,120220000,62258996,1,01JE5AQH3WV1RNVK9JKD5R3VHN,051102,2520072,2026-06-22T00:00:00Z,"Peningkatan Penyelenggaraan Pelatihan Vokasi dan Pemagangan Binalavotas, ",efbb911a-59d7-54a0-816c-d0c9fbaa93e6.p5yMOuelbiIVrKyF.rS5afRQJpvXnTjQ5BH1InX4W4AuNQguN3qAxIjYxU4s
"Paket Meeting Fullboard Peserta, Penyelenggara, dan Moderator",COMPLETED,2026,1a87264f-7fd0-4042-9ce8-2ad8bfdf31be,80,0,PAYMENT_OUTSIDE_SYSTEM,Tidak,K34,DITJEN PHI DAN JAMSOS,DN.6587.BDC.001.051.0B.524119,APBN,01KNNW3108D4A3H31H9BGSTXYG,76000000,66123873,1,01JJX9ANHG1ZN9WZAY4Y34EHD8,451310,0,2026-04-08T00:00:00Z,"Peningkatan Pembinaan Hubungan Kerja dan Penerapan Pengupahan, ",efbb911a-59d7-54a0-816c-d0c9fbaa93e6.p5yMOuelbiIVrKyF.rS5afRQJpvXnTjQ5BH1InX4W4AuNQguN3qAxIjYxU4s
Biaya Operasional Tenaga Alih Daya (Outsourcing) Gatsu 51,DRAFT,2026,"ff45da07-5c38-4856-9e1a-7e6a4c463899, 7907e2ff-0cb3-4d2d-9a39-a2e0f7301fa3",900,0,ON_PROCESS,Tidak,K34,SEKRETARIAT JENDERAL KEMNAKER,WA.2158.EBA.994.002.0T.521111,APBN,01KDQ8P9BP60NZGTER8JKPV851,7208228000,62329323,2,01JBY93PFF67PZKX4A22Z15V9M,450938,5757127,2026-01-02T00:00:00Z,"Peningkatan Pengelolaan dan Pelaporan Keuangan, ",efbb911a-59d7-54a0-816c-d0c9fbaa93e6.p5yMOuelbiIVrKyF.rS5afRQJpvXnTjQ5BH1InX4W4AuNQguN3qAxIjYxU4s
Pengadaan Safety Shoes Peserta Pelatihan (72 Paket),COMPLETED,2026,607d1a88-612d-4fde-9a40-40143af9ef21,240,0,COMPLETED,Tidak,K34,BALAI BESAR PELATIHAN VOKASI DAN PRODUKTIVITAS SERANG,"DL.4057.SCO.003.051.0A.521211, DL.4057.SCO.003.051.0B.521211, DL.4057.SCO.003.052.0A.521211, DL.4057.SCO.003.054.0A.521211, DL.4057.SCO.008.052.0B.521211",APBN,01KV52J0K0CTZ7S2BKJF4JVFSQ,76723200,63094681,9,01JRAYK2HX1ZX9Y4MZ6TJA70XX,426531,0,2026-06-17T00:00:00Z,"Peningkatan Penyelenggaraan Pelatihan Vokasi dan Pemagangan Binalavotas, ",efbb911a-59d7-54a0-816c-d0c9fbaa93e6.p5yMOuelbiIVrKyF.rS5afRQJpvXnTjQ5BH1InX4W4AuNQguN3qAxIjYxU4s
Konsumsi Peserta Pelatihan 800 JP Teknisi PNBP,DRAFT,2026,ff6ecf37-0598-4d3b-805f-e8b6273f095c,1584,0,ON_PROCESS,Tidak,K34,BALAI BESAR PELATIHAN VOKASI DAN PRODUKTIVITAS MEDAN,DL.4057.SCO.005.054.0A.521211,APBN,01KNP640FM7NN6G7RAZYXP48HK,31680000,66126176,1,01K58D7JY1JYPTGJFWZ2X04A9N,451094,0,2026-04-08T00:00:00Z,"Peningkatan Penyelenggaraan Pelatihan Vokasi dan Pemagangan Binalavotas, ",efbb911a-59d7-54a0-816c-d0c9fbaa93e6.p5yMOuelbiIVrKyF.rS5afRQJpvXnTjQ5BH1InX4W4AuNQguN3qAxIjYxU4s
Pegawai Non Aparatur Sipil Negara TW IV [1 PKT x 1 KL],DRAFT,2026,"8889b1bf-b146-498f-9e2c-6af824b56c24, bc133992-977c-4263-a308-39098e2e2bb8, af781b8c-f22b-4557-8e58-e8f458da3665",112,0,ON_PROCESS,Tidak,K34,BADAN PERENCANAAN DAN PENGEMBANGAN KETENAGAKERJAAN,WA.6624.EBA.994.002.CB.522191,APBN,01KMHGGJCBCZQXJZJPES9SVBC0,878578032,66129398,3,01JC4WS8C5M2TXFXV3S7J26613,452677,1084190,2026-03-25T00:00:00Z,"Dukungan Manajemen Badan Perencanaan dan Pengembangan Ketenagakerjaan, ",efbb911a-59d7-54a0-816c-d0c9fbaa93e6.p5yMOuelbiIVrKyF.rS5afRQJpvXnTjQ5BH1InX4W4AuNQguN3qAxIjYxU4s
Belanja Bahan Project Based Learning A,COMPLETED,2026,"cf153a15-e520-493e-af4a-de6853214916, 587e79a6-3114-49ad-9cb8-2994b7e8af89, 2f1914b2-ad29-470b-b716-3a3eb3177087, 4fb95ac1-b775-48ae-9698-5030f037f8bd, 97a778b6-dd4f-48f6-aea1-aa5de4134a79, c4cf9533-ae03-4b25-b047-c111390836e5, 307c3680-f829-4cab-85e4-69a83e727218, e7104339-04d1-4a14-acac-02624eaa9979, 68afb1fe-e4ab-4471-8d99-9997625a3563, b98213ee-4390-4d86-8417-312f5e324fab, b33a7ab7-af2b-45df-9833-39668dbaab1a, 4d974123-c37d-4c11-bc44-c684500557e0, f244347d-5d2f-4b18-96c9-5b1a5bfc8eb6, e9f2ff47-b99a-4ae9-a3f9-fb814a3fa831, e4977dc7-4c55-46c9-a783-fe46d4afb8e6, c31e8b05-1520-43c8-91e8-71232a119ebf, 528671f8-538a-4bd6-8c98-4af4e381325e, ade8c48c-74ec-4d1f-90a2-c0aabbcd50df, be862a2e-4539-4ce0-8e4c-d8974dc960df, 4565bb22-1577-41d8-a5c6-c980e878493d, 5d1f06a6-748c-43cb-8013-dd64f733e8d3, e28918f5-81b0-4521-aa4f-c9d2bdd397cd, db3a53f7-5e8e-404d-ad10-33fabb0f8eba, 2e8f01a1-d177-45e7-9bc4-8c5064334a85, ee4fab0c-6a7f-4797-bfab-86970402cca7, 847a78e8-7102-44fa-a995-62ee95ee1548, e745d6a1-b536-47f0-a9eb-45548a44f12b, 70d0e831-eaf6-4eac-b30f-1bda10bc795c, aae32df7-c2ec-4f0b-aa46-27981777b98a, 56df6f1a-9d03-4763-bcd5-eb4bfcde1790, 7a3dc399-492d-4a40-9f1b-aef1001d6c71, f355eb75-2c09-4c24-a22d-0009b6e9227e, 93abd2d3-cf40-4f73-9e5c-09555005b923, 53a9ab45-cc08-4f64-850a-a5d46df76007, 0842626b-debd-4c0e-986a-30370a74c8c6, 0cf07e6c-7368-4fd4-bc4d-f75b841349d8, 55d6f229-9eaa-49ef-8c72-8dc249b5d4bd",1146,0,COMPLETED,Tidak,K34,BALAI BESAR PELATIHAN VOKASI DAN PRODUKTIVITAS SEMARANG,DL.4057.SCO.003.051.0A.521211,APBN,01KJS3T03FHW8QH5RJ1YTSG39R,66192075,66185882,37,01J81QPN27R0FDVY86ZEFZ77TW,452609,2502042,2026-03-04T00:00:00Z,"Peningkatan Penyelenggaraan Pelatihan Vokasi dan Pemagangan Binalavotas, ",efbb911a-59d7-54a0-816c-d0c9fbaa93e6.p5yMOuelbiIVrKyF.rS5afRQJpvXnTjQ5BH1InX4W4AuNQguN3qAxIjYxU4s
Belanja Bahan Pelaksanaan Sertifikasi Lulusan Pelatihan Vokasi (PNP),COMPLETED,2026,"a86adcf8-d899-4270-a967-c31c6efa2c51, 8844cb3e-4df7-4b97-9fc8-a84ac5475fec, 4a08a393-b104-4109-8e90-120a8168895f, f7b5bc64-1390-480e-921f-60ee83301d57, 166c236d-8c61-4ee1-8ee5-53658064e749, a6604d31-831b-4800-8f0c-1143f37aff96, 9a67cd03-e273-402c-b6f4-fbe1ccf76bfb, a5245bb5-1ac9-4e08-acc2-7b979d93391c, 69be835f-53a5-4c61-8231-63c927630070, 58984344-6f9f-487f-b21e-06d1a66e1baa, 0f721eca-9935-4db1-ab62-ceb183f0adb1, eb0c8d5c-e273-49e4-94c3-dddf9bbd3159, 5609c5fd-f8d5-4eac-959c-90c47fd320aa, 5b486211-b847-43f0-97ad-3d48a2b63feb, 37ed8f18-651e-494f-bd4c-ac83443df8ed, 8a6c4d10-0c4a-4773-9f53-0884590132c8, e4e76222-51a0-4637-98f3-d74425ceeec5, b2970dc0-a18d-4f80-92e8-656c497863dc, 1b31dada-4db0-4a33-bf7c-74a42818ea75, 047da1ff-3edc-4855-9942-1d16ec6b2874, 5ebcd157-93b5-4559-bf49-fd277934e86b, 4ea4bda6-27ad-4cc2-8256-c5418a0801b1, 215eb937-1339-42a7-b978-4e8831af4a09, 8acf4d47-97d7-45bb-95f3-f5e9cc8e254a, c34932ff-8ff9-4cdd-a6ba-c2da28315481, d3cd8347-1dd6-474c-9575-60166129ba74",101,222000,COMPLETED,Tidak,K34,BALAI BESAR PELATIHAN VOKASI DAN PRODUKTIVITAS SEMARANG,DL.4053.PDI.002.051.0A.521211,APBN,01KNK1C5NMZNEXSA43Y2EZK3BY,3064155,66185662,26,01K2KX48KE5DQHRAJ0REG26EE5,452609,0,2026-04-07T00:00:00Z,"Pengembangan Sistem dan Pelaksanaan Sertifikasi Kompetensi Profesi Binalavotas, ",efbb911a-59d7-54a0-816c-d0c9fbaa93e6.p5yMOuelbiIVrKyF.rS5afRQJpvXnTjQ5BH1InX4W4AuNQguN3qAxIjYxU4s
Pengadaan Jasa Tenaga Kerja Alih Daya,DRAFT,2026,"fc7da96b-3dd6-4dd3-a779-515506240388, 516f6628-5d7c-4744-9bbf-d99581aa942e, c5ea8f77-c272-423d-af5d-058bfc61d4fc, cb93e97a-5783-42ad-8c88-dcc05d38adac",420,,CANCELLED,Tidak,K34,BALAI PELATIHAN VOKASI DAN PRODUKTIVITAS TERNATE,WA.6988.EBA.994.002.DL.521111,APBN,01KETSVTJT4W4XT64HB2X93ESX,2040120600,63001930,4,01J9QMMBYE9D5DCFNMMGBYAJ48,452595,4048114,2026-01-14T00:00:00Z,"Dukungan Manajemen Direktorat Jenderal Pembinaan Pelatihan Vokasi dan Produktivitas, ",efbb911a-59d7-54a0-816c-d0c9fbaa93e6.p5yMOuelbiIVrKyF.rS5afRQJpvXnTjQ5BH1InX4W4AuNQguN3qAxIjYxU4s
Belanja Bahan Teknisi Reguler,DRAFT,2026,44ffcca1-045b-45e8-9c6a-e0bbafb0a26c,2384,0,ON_PROCESS,Tidak,K34,BALAI BESAR PELATIHAN VOKASI DAN PRODUKTIVITAS SEMARANG,DL.4057.SCO.005.054.0A.521211,APBN,01KN3J0F2NN4QQXY332F0DCAKK,47084000,66186105,1,01JD1DPS3DQ3D3DJDAWYB2WY5Z,452609,306766009,2026-04-01T00:00:00Z,"Peningkatan Penyelenggaraan Pelatihan Vokasi dan Pemagangan Binalavotas, ",efbb911a-59d7-54a0-816c-d0c9fbaa93e6.p5yMOuelbiIVrKyF.rS5afRQJpvXnTjQ5BH1InX4W4AuNQguN3qAxIjYxU4s
Belanja Bahan TMT Klaster,COMPLETED,2026,"ed5db028-208f-4e08-9a5e-1aedc894e716, 04194ff8-6c08-41d8-8fb4-8ef058be4b3c, 489a57ab-727e-48b2-b3fb-9355d5ed53f6, abc6010c-a3f8-4669-8309-7d692c048327, 06149b56-f14a-4578-baea-4801cc8e261d, 3c56cd22-cba4-48ce-bdcd-bd690937b3f7, 7bd25159-f942-4916-aa71-a99b1970b138, 6ff64a9d-1dc0-49c6-8149-166da72ba3a6, c9e71334-0dcb-4be0-bd3e-6bfdb2ecb243, 95e0dff3-d248-46ee-b8e5-efc458a96ed3, 78cb7b4e-0022-43a5-a35f-c910096f1a6b, 2bb0e0b7-c2ab-46ba-9f19-1d2a99f099bc, c6eac2e5-9174-4c53-b57e-89a76214648a, 9858422a-1371-4d80-a799-5fb61d51af6d, f094d94c-d9ff-4487-b27b-6e2153774b9a, 499bc96c-921e-4178-90d2-9481d4d6f1fb, 29bb9e0e-82e3-483f-866a-5e335bb62697, bb567e8c-a04d-4b7b-ab82-f12cbd1fd8c2, 329f74ce-9135-4d1e-b01b-7762515964e8, 6e65e851-0ba5-4aa0-a698-5901431268b3, 3ca111f7-41e9-401f-97c3-6cd450d86869, 1bc977c5-fd63-4692-ad3f-e7d782c192ba, 5b486211-b847-43f0-97ad-3d48a2b63feb, c33b88ff-d2ff-4ae9-9dcd-b5a18111b2ad, 215eb937-1339-42a7-b978-4e8831af4a09, 50a5a12d-58eb-4c94-9687-b6d42a1336be, e570b590-53c4-4392-b497-3866a48e717b, d422dcd5-84e4-47d2-b069-183344b8de8e, d780b726-62be-40f3-ae83-005f7f9ab850, c34932ff-8ff9-4cdd-a6ba-c2da28315481, f1fdd6aa-c03e-42b8-bd0e-aa8f55509b4b, 27c54a56-fa8f-455c-92b6-6ab60d40499c, 09ef9f90-433d-4aab-b1df-7f9e8b31846c, ef68cfad-17c6-4994-afd1-c22c2bd8bf1d, 508d3ebd-ab99-41a7-8bc4-91e4b13f334a, f3028d9d-90fb-407c-a1e0-18400d0853af, 237de430-839f-418f-b1d1-b294ee999269, 3fa96319-d629-4f32-b05e-97fa460ee7f3, 8e17960d-a724-4aaf-951b-6ec2eb7f8f1f, c421dcd0-8c12-41d1-8054-eb286cd7e573, b5a57f2f-c954-4a69-86f8-c27c76acbe0b, 22d7384c-2486-4a14-bf97-3b706b071458, eb0c8d5c-e273-49e4-94c3-dddf9bbd3159, 959839a2-9dd7-49ba-880a-cc0d7db9857e, bdbcd08f-5575-4883-a263-e4643029870c, ed186da5-4d8e-4af6-bb64-aa78e478b1ea, 871a30ea-a9e3-4833-ae89-76d8278cc11c, 64edf956-3cec-490d-b61c-a774b686185a, 4615043f-d8e2-4f85-bc34-63ab586b21f4, 077870e8-3103-4fae-a489-95bb8e028818, 1f36c6a9-ddde-4fd3-ad1e-a130b8026fdc, db705257-c6c2-45a1-ba85-5a5137edeb30, 4a08a393-b104-4109-8e90-120a8168895f, 2d3ef848-eb6e-4dc6-b3c4-633593fd93f5, 1c2bab09-a56d-4bbd-8a63-95d683a6edde, b2970dc0-a18d-4f80-92e8-656c497863dc, e0849b80-de10-4c42-9f70-af6f34604fe2, cbab659d-334c-48f7-97f5-62b561f2dac9, ade857db-1e7f-4b55-80eb-1e38e0c20eda, de095f00-46a2-497f-b439-9455c4a7aad8, 381941ef-7453-4c80-904c-22ba9b12e87f, 09176f9b-e90b-4fd4-a2e5-ee97d1d6964e, 4e910c56-25f9-49ee-ba5d-c761937ba2be, f64d06ac-195e-4b08-a323-29613dc60f56, f3b82a67-6d92-4ef6-9a7d-158e49259012, 102bca49-3a53-483c-a54f-a96190b4d059, 0b5e9c1a-adc8-4e62-84ec-2c9f09aeff01, 42f91f58-f602-46fe-a1df-4b65470fd6e3, b35e92c9-e2cf-4a9b-a230-7efaa4512f8a, 38b1c6df-438e-45e9-b4f2-a25366809395, 446f164d-a51b-4242-9a62-5d876dae87cd, 61cd206f-825d-4970-ab51-f3cc21c864a3",801,305250,COMPLETED,Tidak,K34,BALAI BESAR PELATIHAN VOKASI DAN PRODUKTIVITAS SEMARANG,DL.4057.SCO.003.053.0A.521211,APBN,01KKXBEBW8PWQ036QC21XY38DX,24147495,66185950,72,01K2KX48KE5DQHRAJ0REG26EE5,452609,0,2026-03-18T00:00:00Z,"Peningkatan Penyelenggaraan Pelatihan Vokasi dan Pemagangan Binalavotas, ",efbb911a-59d7-54a0-816c-d0c9fbaa93e6.p5yMOuelbiIVrKyF.rS5afRQJpvXnTjQ5BH1InX4W4AuNQguN3qAxIjYxU4s
Konsumsi Peserta Pelatihan 140 JP Reguler PNBP,COMPLETED,2026,14b04ca1-3e9f-4039-818b-7d7b916821c0,198,0,PAYMENT_OUTSIDE_SYSTEM,Tidak,K34,BALAI BESAR PELATIHAN VOKASI DAN PRODUKTIVITAS MEDAN,DL.4057.SCO.006.052.0A.521211,APBN,01KN1Q53A23EHTCHY69VC10BJW,3861000,66121266,1,01K10E7HHEM420DCD80BAM4TQS,451094,0,2026-03-31T00:00:00Z,"Peningkatan Penyelenggaraan Pelatihan Vokasi dan Pemagangan Binalavotas, ",efbb911a-59d7-54a0-816c-d0c9fbaa93e6.p5yMOuelbiIVrKyF.rS5afRQJpvXnTjQ5BH1InX4W4AuNQguN3qAxIjYxU4s
Dispenser,COMPLETED,2026,7d9a40f9-66e7-4603-a80f-3a35986fd831,2,0,PAYMENT_OUTSIDE_SYSTEM,Tidak,K34,BADAN PERENCANAAN DAN PENGEMBANGAN KETENAGAKERJAAN,WA.6624.EBB.951.053.0A.532111,APBN,01KMJW02QAM2H4R0D8CSSAMKTX,7000000,62530959,1,01J8KYXPXAGC5QMWWT748704NE,452677,281425009,2026-03-26T00:00:00Z,"Dukungan Manajemen Badan Perencanaan dan Pengembangan Ketenagakerjaan, ",efbb911a-59d7-54a0-816c-d0c9fbaa93e6.p5yMOuelbiIVrKyF.rS5afRQJpvXnTjQ5BH1InX4W4AuNQguN3qAxIjYxU4s
Pakaian Kerja ,COMPLETED,2026,da487e7c-8f6e-4111-8463-ed7d2a8e2cfd,80,0,PAYMENT_OUTSIDE_SYSTEM,Tidak,K34,BALAI PELATIHAN VOKASI DAN PRODUKTIVITAS BANDUNG BARAT,DL.4057.SCO.003.052.OD.521211,APBN,01KXYQDR2DVEGFS2C800MKS01S,11960028,67524492,1,01JH227NAA2C5VTDTVW81RNZRN,021212,22169014,2026-07-21T00:00:00Z,"Peningkatan Penyelenggaraan Pelatihan Vokasi dan Pemagangan Binalavotas, ",efbb911a-59d7-54a0-816c-d0c9fbaa93e6.p5yMOuelbiIVrKyF.rS5afRQJpvXnTjQ5BH1InX4W4AuNQguN3qAxIjYxU4s
Pakaian Kerja 186 Paket PNBP,BUYER_CONFIRMED,2026,e7f98b8c-c978-4b80-a760-56e016f2fda0,2544,0,ON_PROCESS,Tidak,K34,BALAI BESAR PELATIHAN VOKASI DAN PRODUKTIVITAS MEDAN,"DL.4057.SCO.003.051.0A.521211, DL.4057.SCO.003.053.0A.521211, DL.4057.SCO.003.054.0A.521211, DL.4057.SCO.004.052.0A.521211, DL.4057.SCO.004.054.0A.521211, DL.4057.SCO.005.052.0A.521211, DL.4057.SCO.005.054.0A.521211, DL.4057.SCO.006.052.0A.521211, DL.4057.SCO.007.052.0A.521211, DL.4057.SCO.008.052.0A.521211",APBN,01KJW127YXGZ8PMPCT5BDEHSX5,374723568,66161334,1,01JNSVF8WS0A8QV2VWYK2V7KAK,451094,2058308,2026-03-05T00:00:00Z,,efbb911a-59d7-54a0-816c-d0c9fbaa93e6.p5yMOuelbiIVrKyF.rS5afRQJpvXnTjQ5BH1InX4W4AuNQguN3qAxIjYxU4s
Bahan Pelatihan Tailor Made Training 40 JP B,COMPLETED,2026,abbcda2e-cc69-4a05-ac3b-329455d96c8b,3,249750,ON_PROCESS,Tidak,K34,BALAI PELATIHAN VOKASI DAN PRODUKTIVITAS SIDOARJO,DL.4057.SCO.003.053.0A.521211,APBN,01KVYTSP30CY3SYBH2MFGSVHQH,28104534,66473758,1,01JAYK7BA0MEZ4014EFKCTSSY8,050302,759449,2026-06-26T00:00:00Z,"Peningkatan Penyelenggaraan Pelatihan Vokasi dan Pemagangan Binalavotas, ",efbb911a-59d7-54a0-816c-d0c9fbaa93e6.p5yMOuelbiIVrKyF.rS5afRQJpvXnTjQ5BH1InX4W4AuNQguN3qAxIjYxU4s
Paket Meeting Fullboard Dialog Penanganan (Luar Kota),COMPLETED,2026,15704d21-1e51-443b-ad04-8289066c1df9,182,0,PAYMENT_OUTSIDE_SYSTEM,Tidak,K34,DITJEN PHI DAN JAMSOS,DN.2181.BDC.001.051.0C.524119,APBN,01KRWVARWK54CEXYPBXE703WT0,172900000,65857439,1,01KNV355F822X5NZ48FP02WCZM,451310,0,2026-05-18T00:00:00Z,"Penyelesaian Perselisihan Hubungan Industrial, ",efbb911a-59d7-54a0-816c-d0c9fbaa93e6.p5yMOuelbiIVrKyF.rS5afRQJpvXnTjQ5BH1InX4W4AuNQguN3qAxIjYxU4s
Belanja Pengadaan Bahan Pelatihan UPTD BLK Disnaker Sragen,COMPLETED,2026,6b97530d-c53f-434b-a98b-832b98c6ee36,1,0,PAYMENT_OUTSIDE_SYSTEM,Tidak,K34,BALAI PELATIHAN VOKASI DAN PRODUKTIVITAS SURAKARTA,DL.4057.SCO.011.054.0A.521211,APBN,01KNRAFHSRWWTNM1HDS0GWBR6J,20800000,66305314,1,01JR9NJ3E5JK5JKT4A18PYKCVK,035636,0,2026-04-10T00:00:00Z,"Peningkatan Penyelenggaraan Pelatihan Vokasi dan Pemagangan Binalavotas, ",efbb911a-59d7-54a0-816c-d0c9fbaa93e6.p5yMOuelbiIVrKyF.rS5afRQJpvXnTjQ5BH1InX4W4AuNQguN3qAxIjYxU4s
Konsumsi Peserta Pelatihan (PNBP),COMPLETED,2026,9d079815-bd96-43c1-b471-9f536452af11,314,0,PAYMENT_OUTSIDE_SYSTEM,Tidak,K34,BALAI PELATIHAN VOKASI DAN PRODUKTIVITAS SAMARINDA,"DL.4057.SCO.003.051.0A.521211, DL.4057.SCO.004.052.0A.521211, DL.4057.SCO.005.052.0A.521211, DL.4057.SCO.006.052.0A.521211, DL.4057.SCO.007.052.0A.521211, DL.4057.SCO.008.052.0A.521211",APBN,01KMQAHNG7ZCK02RGFJWA9PRQ7,7818600,66622887,1,01K5G0BRX7C57HJSJGGD0B0AS8,451108,0,2026-03-30T00:00:00Z,,efbb911a-59d7-54a0-816c-d0c9fbaa93e6.p5yMOuelbiIVrKyF.rS5afRQJpvXnTjQ5BH1InX4W4AuNQguN3qAxIjYxU4s
"Pengadaan Jasa Tenaga Alih Daya Satpam, Petugas Kebersihan dan Pramubakti Satpel Dumai (periode Januari s.d Mei 2026)",DRAFT,2026,fde638c4-f696-47c0-bb74-0ed67b21363c,10,,CANCELLED,Tidak,K34,BALAI BESAR PERLUASAN KESEMPATAN KERJA,WA.6621.EBA.994.002.0f.521111,APBN,01KFA2JFEW8FDMGEEZV8FJ0Z5R,315733890,63513640,1,01JNJ4XRTYSV2PM9D20T1ZP5JW,259322,0,2026-01-19T00:00:00Z,"Dukungan Manajemen Ditjen Pembinaan Penempatan Tenaga Kerja dan Perluasan Kesempatan Kerja, ",efbb911a-59d7-54a0-816c-d0c9fbaa93e6.p5yMOuelbiIVrKyF.rS5afRQJpvXnTjQ5BH1InX4W4AuNQguN3qAxIjYxU4s
"Paket Meeting Fullboard Peserta, Penyelenggara, dan Moderator",COMPLETED,2026,68f454a6-c11a-4000-adf5-6977bf46753f,80,0,COMPLETED,Tidak,K34,DITJEN. PEMBINAAN HUBUNGAN INDUSTRIAL DAN JAMINAN SOSIAL TENAGA KERJA,DN.6587.BDC.001.051.0C.524114,APBN,01KRB8KRCKN8X0HA112CBWHQ3P,72000000,66123883,1,01JGZS2FHM2PW1808A9FTBQ43J,451270,2760234,2026-05-11T00:00:00Z,"Peningkatan Pembinaan Hubungan Kerja dan Penerapan Pengupahan, ",efbb911a-59d7-54a0-816c-d0c9fbaa93e6.p5yMOuelbiIVrKyF.rS5afRQJpvXnTjQ5BH1InX4W4AuNQguN3qAxIjYxU4s
Tenaga Alih Daya,DRAFT,2026,9dea9280-98ce-4dce-9552-84b0f78d7009,35,0,PAYMENT_OUTSIDE_SYSTEM,Tidak,K34,BALAI KESELAMATAN DAN KESEHATAN KERJA SAMARINDA,WA.6622.EBA.994.002.0B.521111,APBN,01KRD5Z6VJJP91E6SG5QXQR134,185075019,62680800,1,01JFEDC9TD1X2SA0KF7VG7FC61,350083,6871035,2026-05-13T00:00:00Z,"Dukungan Manajemen Ditjen Pembinaan Pengawasan Ketenagakerjaan dan Keselamatan dan Kesehatan Kerja, ",efbb911a-59d7-54a0-816c-d0c9fbaa93e6.p5yMOuelbiIVrKyF.rS5afRQJpvXnTjQ5BH1InX4W4AuNQguN3qAxIjYxU4s
Honorarium Tenaga Alih Daya Biro Humas,DRAFT,2026,64503e5f-b31c-4789-8734-3c4a57f531ee,10,0,ON_PROCESS,Tidak,K34,SEKRETARIAT JENDERAL KEMNAKER,WA.2163.EBA.958.051.0D.522191,APBN,01KJF6REFXGG846E1B4HQ4RKE8,75231450,63607998,1,01JH09RBP00Z8CEV82EEMR6N7Q,450938,1100130,2026-02-27T00:00:00Z,"Peningkatan dan Pengelolaan Hubungan Masyarakat, ",efbb911a-59d7-54a0-816c-d0c9fbaa93e6.p5yMOuelbiIVrKyF.rS5afRQJpvXnTjQ5BH1InX4W4AuNQguN3qAxIjYxU4s
Konsumsi Peserta Pelatihan 180 JP Reguler PNBP,DRAFT,2026,8c2b6024-3954-49d9-94a4-ad63660eb9e8,288,0,ON_PROCESS,Tidak,K34,BALAI BESAR PELATIHAN VOKASI DAN PRODUKTIVITAS MEDAN,DL.4057.SCO.005.052.0A.521211,APBN,01KSC1ZF9DTS4VF5GB62QH78X4,5760000,66121303,1,01K7P0067ZG2CA6RAJ5KWNE08H,451094,0,2026-05-25T00:00:00Z,"Peningkatan Penyelenggaraan Pelatihan Vokasi dan Pemagangan Binalavotas, ",efbb911a-59d7-54a0-816c-d0c9fbaa93e6.p5yMOuelbiIVrKyF.rS5afRQJpvXnTjQ5BH1InX4W4AuNQguN3qAxIjYxU4s
Langganan Bandwidth Jaringan Komunikasi Data ISP 1 dan VPN IP,DRAFT,2026,6d4d72b5-143c-44b8-b1c1-27b331abbdd4,12,,CANCELLED_ON_NEGOTIATION,Tidak,K34,BADAN PERENCANAAN DAN PENGEMBANGAN KETENAGAKERJAAN,WA.6624.EBA.994.002.BC.522119,APBN,01KDD10XVAPGVSP3FQ5V93HJN6,1975982040,62243581,1,01J7073CEET2NWM8MBT7ZHZHRR,452677,0,,"Dukungan Manajemen Badan Perencanaan dan Pengembangan Ketenagakerjaan, ",efbb911a-59d7-54a0-816c-d0c9fbaa93e6.p5yMOuelbiIVrKyF.rS5afRQJpvXnTjQ5BH1InX4W4AuNQguN3qAxIjYxU4s
6988.EBA.994.002.AS.522191.001117 Jasa Alih Daya Satpel Sawahlunto,DRAFT,2026,"983be45c-b4a9-4ed0-b13c-4a13f73f72a6, a34bd7bd-bdeb-4c19-9e2f-439f5cd519a6",77,,CANCELLED_ON_NEGOTIATION,Tidak,K34,BALAI PELATIHAN VOKASI DAN PRODUKTIVITAS PADANG,WA.6988.EBA.994.002.AS.522191,APBN,01KJ82HPJX08R4W8B2B4SC7VP6,384884874,65868304,2,01J9QMMBYE9D5DCFNMMGBYAJ48,089378,4048114,,"Dukungan Manajemen Direktorat Jenderal Pembinaan Pelatihan Vokasi dan Produktivitas, ",efbb911a-59d7-54a0-816c-d0c9fbaa93e6.p5yMOuelbiIVrKyF.rS5afRQJpvXnTjQ5BH1InX4W4AuNQguN3qAxIjYxU4s
"Paket Fullboard Meeting Moderator, Penyelenggara dan Peserta Dialog Penguatan Pembentukan LKS Bipartit di Perusahaan  ",COMPLETED,2026,10780f4a-fbb7-44ae-a4aa-57dd78672f4c,114,0,COMPLETED,Tidak,K34,DITJEN. PEMBINAAN HUBUNGAN INDUSTRIAL DAN JAMINAN SOSIAL TENAGA KERJA,DN.2179.QDC.001.051.0A.524119,APBN,01KP7HMMH9QEQGHQEAJSP4YXS3,106590000,65990428,1,01K9EGZFBT33Q88G2QA7HN9AV4,451270,0,2026-04-15T00:00:00Z,"Penguatan Kelembagaan dan Pencegahan Perselisihan Hubungan Industrial, ",efbb911a-59d7-54a0-816c-d0c9fbaa93e6.p5yMOuelbiIVrKyF.rS5afRQJpvXnTjQ5BH1InX4W4AuNQguN3qAxIjYxU4s
Belanja Bahan Pelaksanaan Sertifikasi Lulusan Pelatihan Vokasi (PNP),COMPLETED,2026,"9227cdf2-75e7-4d2a-aaaa-5c4d9b60cf6d, d7f7b1ad-4eb7-470f-b6a2-22e1b7cbe9e1, a86b73ec-4953-40bf-b634-879b74b896fc, c2560eda-18ad-4c4c-80f7-1f8abca53e62, 28178281-1cc0-46f5-8c3e-b9e8404f2b2f, 3a63bb1b-4038-4b9a-a8ef-66ede4434d43, 55ea06e8-046f-4646-a97f-16c14a575b7e, 999480c9-5ed3-48bf-9e51-aa1c54f0ac47, f873fea9-e88f-4b4d-bfce-24afc9a292a8, ae8ce8a0-0d45-4dee-8e28-2dd557b27794, 0370f81e-2fd4-4a7b-b72f-80bd73c13521, a5e2cc3f-cbc5-47d6-a7f4-4db28b8d8f34, f18817dd-df37-4456-aba6-31f391a958ba, 25f1aa9f-c970-49fc-ad39-eba494917291, e3a89f6d-2268-499c-8031-62b8cd875328, 93e6ce00-c38f-4c7c-bde7-12836e19eca4, ece7f23b-fb94-4de8-af20-6cd0ab1ac3a8, 505d7364-a43c-4b3f-987f-ed00e2fbe104, 20ea42cd-c2ad-43a9-8d67-eef4c5381682, 829d8b2e-912e-4dac-82f3-a770f75fc146",59,83250,COMPLETED,Tidak,K34,BALAI BESAR PELATIHAN VOKASI DAN PRODUKTIVITAS SEMARANG,DL.4053.PDI.002.051.0A.521211,APBN,01KN45WCX014ZBVATETHB390RF,3559437,66185662,20,01J81QPN27R0FDVY86ZEFZ77TW,452609,2502042,2026-04-01T00:00:00Z,"Pengembangan Sistem dan Pelaksanaan Sertifikasi Kompetensi Profesi Binalavotas, ",efbb911a-59d7-54a0-816c-d0c9fbaa93e6.p5yMOuelbiIVrKyF.rS5afRQJpvXnTjQ5BH1InX4W4AuNQguN3qAxIjYxU4s
Bahan Pelatihan Tailor Made Training 40 JP B,COMPLETED,2026,b8a915a2-5df9-4b43-85f8-573a16bdacb9,1,222000,COMPLETED,Tidak,K34,BALAI PELATIHAN VOKASI DAN PRODUKTIVITAS SIDOARJO,DL.4057.SCO.003.053.0A.521211,APBN,01KN8ZQ2VV3RVS5T52XVR96NZ9,8394930,66473758,1,01JKB1JG8N0H77FGGM62DRPEGB,050302,0,2026-04-06T00:00:00Z,"Peningkatan Penyelenggaraan Pelatihan Vokasi dan Pemagangan Binalavotas, ",efbb911a-59d7-54a0-816c-d0c9fbaa93e6.p5yMOuelbiIVrKyF.rS5afRQJpvXnTjQ5BH1InX4W4AuNQguN3qAxIjYxU4s
Pembuatan ISO Layanan,DRAFT,2026,b0faff6c-2268-4f8e-a2ac-00e9cad159b9,1,0,ON_PROCESS,Tidak,K34,SEKRETARIAT JENDERAL KEMNAKER,WA.2163.EBA.958.053.0A.522191,APBN,01KS2HHX7P3V6HMDQP793J2RWN,80530500,67154093,1,01JP6SCHW4M4KK73AZN25T7GSS,450938,2283119,2026-05-25T00:00:00Z,"Peningkatan dan Pengelolaan Hubungan Masyarakat, ",efbb911a-59d7-54a0-816c-d0c9fbaa93e6.p5yMOuelbiIVrKyF.rS5afRQJpvXnTjQ5BH1InX4W4AuNQguN3qAxIjYxU4s
Belanja Bahan Pelaksanaan Sertifikasi Lulusan Pelatihan ,COMPLETED,2026,"41355477-a4d0-4a27-8bcc-8c02ec9af4bf, 4aaf9534-40ee-4b5b-92e6-e2e21f5af757, 6c2e1459-de37-4029-96a1-80cb707b5eac, 054461b3-7c95-45a3-afe4-03a7198cd27c, 5af293fb-e453-49e1-92e3-58b3ea3aa86b, 431388c6-b03f-4b02-9c38-a7d7f4f269df, 0a74cbf6-9534-4c13-ab2b-c69f2bacc4c1, b700f7d9-a733-4cd4-9ae8-c786e34edfcc, 04bcfa0b-8fab-4b7d-a32f-fcb2f7f55eff, a9704d9b-45d3-4d07-972d-6d87c3fea9bb, 032a532b-2803-466b-87bc-4cec03a9f828, fa10a8a1-cd44-4277-86ea-86ef2659ba0e, f1699f33-3739-4de5-a1c7-303e27527340",82,0,COMPLETED,Tidak,K34,BALAI BESAR PELATIHAN VOKASI DAN PRODUKTIVITAS SEMARANG,DL.4053.PDI.002.051.0B.521211,APBN,01KSEW4CRCCZH3EH01EYHQYXH3,3466530,62801553,13,01JYDESZTP0YA22FBCZT8CDSRE,452609,0,2026-05-25T00:00:00Z,"Pengembangan Sistem dan Pelaksanaan Sertifikasi Kompetensi Profesi Binalavotas, ",efbb911a-59d7-54a0-816c-d0c9fbaa93e6.p5yMOuelbiIVrKyF.rS5afRQJpvXnTjQ5BH1InX4W4AuNQguN3qAxIjYxU4s
Pengadaan Safety Shoes Peserta Pelatihan UPTD Binaan BBPVP Bandung,SHIPPING,2026,4f760a74-84ae-4a1d-8cec-59f7e8293f61,272,0,ON_PROCESS,Tidak,K34,BALAI BESAR PELATIHAN VOKASI DAN PRODUKTIVITAS BANDUNG,"DL.4057.SCO.010.055.0A.521211, DL.4057.SCO.010.056.0A.521211, DL.4057.SCO.010.058.0A.521211, DL.4057.SCO.010.061.0A.521211, DL.4057.SCO.010.062.0A.521211, DL.4057.SCO.010.063.0A.521211, DL.4057.SCO.010.064.0A.521211, DL.4057.SCO.010.068.0A.521211",APBN,01KYVG5XNZM0QG3DFY1QCRZ7R7,95145559,67521316,1,01JJ60PW5XQT9D735C4V5K2XBN,452542,10244014,2026-08-03T00:00:00Z,"Peningkatan Penyelenggaraan Pelatihan Vokasi dan Pemagangan Binalavotas, ",efbb911a-59d7-54a0-816c-d0c9fbaa93e6.p5yMOuelbiIVrKyF.rS5afRQJpvXnTjQ5BH1InX4W4AuNQguN3qAxIjYxU4s
"Belanja Jasa Lainnya, ALIHDAYA SATKER PUSAT DITJEN BINWASNAKER DAN K3		",DRAFT,2026,"63dd9583-3d4e-4753-92a9-cdc0822f3147, afa5f98b-c12a-4d81-8039-4207efa5fa3e, 6de61469-c172-45e4-b37d-620c959b7cc7",264,0,ON_PROCESS,Tidak,K34,DITJEN. PEMBINAAN PENGAWASAN KETENAGAKERJAAN DAN K3,WA.6622.EBA.994.002.KP.522191,APBN,01KH0PM9D8CX1SV0TASVNN9TAD,2167669559,65293401,3,01JW7TQ25P73P9SMNW3FYW7P6M,651870,0,2026-02-10T00:00:00Z,"Dukungan Manajemen Ditjen Pembinaan Pengawasan Ketenagakerjaan dan Keselamatan dan Kesehatan Kerja, ",efbb911a-59d7-54a0-816c-d0c9fbaa93e6.p5yMOuelbiIVrKyF.rS5afRQJpvXnTjQ5BH1InX4W4AuNQguN3qAxIjYxU4s
Belanja Modal Peralatan dan Mesin  PENGADAAN INVENTARIS KANTOR DI LINGKUNGAN DITJEN BINAPENTA DAN PKK,COMPLETED,2026,9c2ef72e-df93-4510-92e4-ccfb6c2842be,4,0,COMPLETED,Tidak,K34,DITJEN PEMBINAAN PENEMPATAN TENAGA KERJA DAN PERLUASAN KESEMPATAN KERJA,WA.6621.EBB.951.051.0B.532111,APBN,01KW11AG2CBMR2SAG865FTYKS9,13897200,66665520,1,01HS8CBT393AAGKYGZEYHWQ2RP,451139,0,2026-06-29T00:00:00Z,"Dukungan Manajemen Ditjen Pembinaan Penempatan Tenaga Kerja dan Perluasan Kesempatan Kerja, ",efbb911a-59d7-54a0-816c-d0c9fbaa93e6.p5yMOuelbiIVrKyF.rS5afRQJpvXnTjQ5BH1InX4W4AuNQguN3qAxIjYxU4s
"Paket Meeting Fullboard Peserta, Penyelenggara, dan Moderator",COMPLETED,2026,04146bbd-9657-42aa-a3ab-269cc35cfc1c,80,0,COMPLETED,Tidak,K34,DITJEN PHI DAN JAMSOS,DN.6587.BDC.001.051.0A.524119,APBN,01KK14RSJPZNXTATR6WNDERTC0,64000000,66123872,1,01JVPAJ2A6MNTFSAEZVYXF3Q3V,451310,0,2026-03-10T00:00:00Z,"Peningkatan Pembinaan Hubungan Kerja dan Penerapan Pengupahan, ",efbb911a-59d7-54a0-816c-d0c9fbaa93e6.p5yMOuelbiIVrKyF.rS5afRQJpvXnTjQ5BH1InX4W4AuNQguN3qAxIjYxU4s
Belanja Bahan Pelatihan Vokasi Bidang Industri dan Jasa Reguler,DRAFT,2026,44ffcca1-045b-45e8-9c6a-e0bbafb0a26c,570,,CANCELLED_ON_NEGOTIATION,Tidak,K34,BALAI BESAR PELATIHAN VOKASI DAN PRODUKTIVITAS SEMARANG,DL.4057.SCO.003.052.0A.521211,APBN,01KN3J6SK2YJ1AZEFHC2TWT6VP,11400000,65956099,1,01JD1DPS3DQ3D3DJDAWYB2WY5Z,452609,306766009,,"Peningkatan Penyelenggaraan Pelatihan Vokasi dan Pemagangan Binalavotas, ",efbb911a-59d7-54a0-816c-d0c9fbaa93e6.p5yMOuelbiIVrKyF.rS5afRQJpvXnTjQ5BH1InX4W4AuNQguN3qAxIjYxU4s
Belanja Bahan Project Based Learning B,COMPLETED,2026,"b4727df9-9150-467a-a0df-44de65b85b7b, 512912a7-9605-46bc-9f87-3796f709adb3, c2fadf98-ac4d-46cf-9d0d-1444d46facda, 79d8a418-0082-43ef-ab07-ed66b4515f1d, 49ab4c7f-f8ce-4fa0-96b3-c3744f6f48cb, 4dd350de-355e-406b-ac2c-d7aa74a1c210, 654ec7f5-c628-4fb2-a570-ae566d510eea, 29a59292-e16a-44cb-a545-c6bd6395885e, 35e9da8e-fddb-4c89-a87a-d7b3c75e3b69",24,111000,COMPLETED,Tidak,K34,BALAI BESAR PELATIHAN VOKASI DAN PRODUKTIVITAS SEMARANG,DL.4057.SCO.003.051.0B.521211,APBN,01KVY8AE7RBHJZ8BN1SYNADM5B,841602,62803988,9,01K21VM9ENQAGGV8BA9GQQY5VC,452609,0,2026-06-25T00:00:00Z,"Peningkatan Penyelenggaraan Pelatihan Vokasi dan Pemagangan Binalavotas, ",efbb911a-59d7-54a0-816c-d0c9fbaa93e6.p5yMOuelbiIVrKyF.rS5afRQJpvXnTjQ5BH1InX4W4AuNQguN3qAxIjYxU4s
Belanja Bahan PBK Reguler Luring,DRAFT,2026,"35bc9879-2035-4e09-85cc-6de3cb9fd1b3, 7b41c8da-d701-4fec-b183-d0ae655a3efa, 6e142428-6c92-4958-a9f1-ae8d7d6cb508, 592ffbd4-5e38-4660-80ef-955887891c5c, 7e8c9cfa-0c5a-40b7-8d8f-5a9cfd82bd96, a857d254-97cf-4876-966f-f0fddae45d70, 4048b52b-7fdc-46d1-a918-43a1508c2568, d90a48d2-461f-4fb9-8d92-b824b44f91d3, 11580236-f148-4096-acf1-f2001d90a00e, a996b51e-5275-48a9-abc3-b48cf2d1ef01, 5cadc38f-c046-44bb-8b6c-6441c4b13802, bf07f3fb-98b4-40b2-9c04-a7789423e647, 8085863c-e220-478c-beb5-5d669c7105a7, a3c979ba-7bd3-4caa-9aa4-40d4853d3d76, 4151ed39-3117-44f7-8a13-bc735f1bca09, 39928e3a-5648-424d-96dd-2acd13c73e99, d695a674-1369-4736-989e-ac456c5aeaa0, 08954ca5-ea62-4a57-b329-75c7c5d3bbe6, 30e5dcee-c274-4287-b0a3-a311e391126b, 144ba5fb-39c7-48e0-a7cf-e567132246e5, f815d76b-4abb-4760-8370-d3bae2ef4c53, 245ed2e2-40be-4811-a0b4-5fbfa52cb36f, becce14b-5b63-4f0a-a8bb-1b54eecf0859, 731b9e16-ed05-492c-a595-8cbae765c0ac, 68db1fa9-2620-451d-84fd-91e010feecf8, e1f34f08-ff6b-48a9-b06b-4907181aa2fe, 1264d352-0858-4bfb-8cc2-3e013d8a512a, a49c82f7-c82a-49b8-9052-00debab59fde, 4efe4c39-e864-4240-8816-3d89e2c93ee8, 2d4b2318-7440-466b-8ffe-f8b7dc0b007c, 126a891c-55da-47c7-8bac-f45d2e30acdf, ffceb2eb-7048-4bd5-8cc6-9270cd06c8cb, 20f56777-0c71-4497-b526-4ae51ca966f6, 7129caaf-08dc-445b-a37e-a3be226fd9a7, 11bff86e-21e4-4279-a06e-992ce83ae4ae, 9a162954-b192-4812-a46f-06885371d7a0, 81caea6a-0389-4b46-9284-81ac1ae4b776, 8cf5180a-d754-4a0d-9440-53e8db368967, 8cc50f50-50ed-4aa0-86c3-c8a843aef7e7, 83bb500c-b242-48b5-9461-847ca6252954, defc352d-1395-4f71-9fd7-9478ad262f54, 0395e604-e231-4412-acf1-f6816fa0e4a1, c491c42d-58e0-4c0b-ab47-76cdce32da69, 72bf808c-65d4-4070-9a25-45649f7f758a",225,,CANCELLED_ON_NEGOTIATION,Tidak,K34,BALAI BESAR PELATIHAN VOKASI DAN PRODUKTIVITAS SEMARANG,DL.4057.SCO.005.052.0A.521211,APBN,01KY9MREFD80HK20A61549DE5A,20723478,66186051,44,01JY61XM4G13MY1MYNDAVFQ9B1,452609,0,,"Peningkatan Penyelenggaraan Pelatihan Vokasi dan Pemagangan Binalavotas, ",efbb911a-59d7-54a0-816c-d0c9fbaa93e6.p5yMOuelbiIVrKyF.rS5afRQJpvXnTjQ5BH1InX4W4AuNQguN3qAxIjYxU4s
Perpanjangan Licence Video Conferencing (Zoom),DRAFT,2026,"dacd2305-c205-437e-b977-a082f3396d7d, bf9b81d8-74e7-4440-9768-06aeacfe3186, 28eb6385-7a84-4a20-8832-f7ccef50fb09",42,0,ON_PROCESS,Ya,K34,BADAN PERENCANAAN DAN PENGEMBANGAN KETENAGAKERJAAN,DN.6766.FAB.001.055.0B.523199,APBN,01KY3ZRXNJH20WP7Z4VBV7TBFQ,320000000,67323089,6,01HR6SRAXZ13YVN65SSYXJ52M8,452677,0,2026-07-22T00:00:00Z,"Pengelolaan Data dan Teknologi Informasi Ketenagakerjaan, ",efbb911a-59d7-54a0-816c-d0c9fbaa93e6.p5yMOuelbiIVrKyF.rS5afRQJpvXnTjQ5BH1InX4W4AuNQguN3qAxIjYxU4s
Konsumsi Peserta Pelatihan 240 JP Reguler PNBP,COMPLETED,2026,14b04ca1-3e9f-4039-818b-7d7b916821c0,312,0,ON_PROCESS,Tidak,K34,BALAI BESAR PELATIHAN VOKASI DAN PRODUKTIVITAS MEDAN,DL.4057.SCO.007.052.0A.521211,APBN,01KVJPR5QDD3YBC0FKMA7CXTX4,6240000,66121071,1,01K10E7HHEM420DCD80BAM4TQS,451094,0,2026-06-21T00:00:00Z,"Peningkatan Penyelenggaraan Pelatihan Vokasi dan Pemagangan Binalavotas, ",efbb911a-59d7-54a0-816c-d0c9fbaa93e6.p5yMOuelbiIVrKyF.rS5afRQJpvXnTjQ5BH1InX4W4AuNQguN3qAxIjYxU4s
Belanja Pemeliharaan Peralatan dan Mesin,COMPLETED,2026,"50f38b8a-1963-498d-ad2f-b372b283a840, 6f4920d3-e5ef-4d77-9cd4-b777f9b1c676",8,0,ON_PROCESS,Tidak,K34,BALAI KESELAMATAN DAN KESEHATAN KERJA BANDUNG,WA.6622.EBA.994.002.0D.523121,APBN,01KXMYCMDVZSJMCTF0057975KN,34410000,66812896,2,01J40YT5XD7W126RBMKNCXQ4F1,350079,1239191,2026-07-17T00:00:00Z,"Dukungan Manajemen Ditjen Pembinaan Pengawasan Ketenagakerjaan dan Keselamatan dan Kesehatan Kerja, ",efbb911a-59d7-54a0-816c-d0c9fbaa93e6.p5yMOuelbiIVrKyF.rS5afRQJpvXnTjQ5BH1InX4W4AuNQguN3qAxIjYxU4s
Belanja Bahan Pelaksanaan Sertifikasi Lulusan Pelatihan Vokasi (PNP),COMPLETED,2026,"11bff86e-21e4-4279-a06e-992ce83ae4ae, 30e5dcee-c274-4287-b0a3-a311e391126b, 72bf808c-65d4-4070-9a25-45649f7f758a, 592ffbd4-5e38-4660-80ef-955887891c5c, 245ed2e2-40be-4811-a0b4-5fbfa52cb36f, defc352d-1395-4f71-9fd7-9478ad262f54, a996b51e-5275-48a9-abc3-b48cf2d1ef01, 2d4b2318-7440-466b-8ffe-f8b7dc0b007c, 20f56777-0c71-4497-b526-4ae51ca966f6, 8cf5180a-d754-4a0d-9440-53e8db368967, 83bb500c-b242-48b5-9461-847ca6252954, 6e142428-6c92-4958-a9f1-ae8d7d6cb508, bf07f3fb-98b4-40b2-9c04-a7789423e647, f815d76b-4abb-4760-8370-d3bae2ef4c53, 8cc50f50-50ed-4aa0-86c3-c8a843aef7e7, becce14b-5b63-4f0a-a8bb-1b54eecf0859, 22da6e27-4e7c-4d02-8a5a-4e5a67f1daa4, e1f34f08-ff6b-48a9-b06b-4907181aa2fe, 7b41c8da-d701-4fec-b183-d0ae655a3efa, d695a674-1369-4736-989e-ac456c5aeaa0, 8085863c-e220-478c-beb5-5d669c7105a7, 39928e3a-5648-424d-96dd-2acd13c73e99, 144ba5fb-39c7-48e0-a7cf-e567132246e5, 11580236-f148-4096-acf1-f2001d90a00e, 7e8c9cfa-0c5a-40b7-8d8f-5a9cfd82bd96, 5cadc38f-c046-44bb-8b6c-6441c4b13802, 1264d352-0858-4bfb-8cc2-3e013d8a512a, a857d254-97cf-4876-966f-f0fddae45d70, 81caea6a-0389-4b46-9284-81ac1ae4b776, ffceb2eb-7048-4bd5-8cc6-9270cd06c8cb, 9a162954-b192-4812-a46f-06885371d7a0, a3c979ba-7bd3-4caa-9aa4-40d4853d3d76, 68db1fa9-2620-451d-84fd-91e010feecf8, 4048b52b-7fdc-46d1-a918-43a1508c2568",66,0,COMPLETED,Tidak,K34,BALAI BESAR PELATIHAN VOKASI DAN PRODUKTIVITAS SEMARANG,DL.4053.PDI.002.051.0A.521211,APBN,01KQ9NF2FDCZRP7MYTFHY4CCCY,4397709,66185662,34,01JY61XM4G13MY1MYNDAVFQ9B1,452609,0,2026-04-28T00:00:00Z,"Pengembangan Sistem dan Pelaksanaan Sertifikasi Kompetensi Profesi Binalavotas, ",efbb911a-59d7-54a0-816c-d0c9fbaa93e6.p5yMOuelbiIVrKyF.rS5afRQJpvXnTjQ5BH1InX4W4AuNQguN3qAxIjYxU4s
Belanja Bahan Pelaksanaan Sertifikasi Lulusan Pelatihan ,COMPLETED,2026,"b700f7d9-a733-4cd4-9ae8-c786e34edfcc, bc1d8a78-70e2-48a3-8eed-d5ef2f568aea, 032a532b-2803-466b-87bc-4cec03a9f828, c747f789-fc57-4bc0-badb-e39b95a41aff, f1699f33-3739-4de5-a1c7-303e27527340, 431388c6-b03f-4b02-9c38-a7d7f4f269df, 054461b3-7c95-45a3-afe4-03a7198cd27c, 94858765-5bc0-4044-a7d1-71bab6e6d238, 8f98a452-89ae-445c-ab8a-8afc866df28b, 1fd49a77-e8c7-4c2e-aaab-efd408823c38, a9704d9b-45d3-4d07-972d-6d87c3fea9bb, 5af293fb-e453-49e1-92e3-58b3ea3aa86b, 4aaf9534-40ee-4b5b-92e6-e2e21f5af757",97,244200,COMPLETED,Tidak,K34,BALAI BESAR PELATIHAN VOKASI DAN PRODUKTIVITAS SEMARANG,DL.4053.PDI.002.051.0B.521211,APBN,01KYRWDS07T6F2Q189EVC63XW8,3555941,62801553,13,01JYDESZTP0YA22FBCZT8CDSRE,452609,0,2026-07-30T00:00:00Z,"Pengembangan Sistem dan Pelaksanaan Sertifikasi Kompetensi Profesi Binalavotas, ",efbb911a-59d7-54a0-816c-d0c9fbaa93e6.p5yMOuelbiIVrKyF.rS5afRQJpvXnTjQ5BH1InX4W4AuNQguN3qAxIjYxU4s
Belanja Jasa Lainnya Tenaga Alih Daya,DRAFT,2026,"2e9e44f9-f4fb-4973-86fc-2ef971e2eb9d, 943f872d-bbe1-4970-b357-b1e673f60632, de2fe06e-c1d3-47f8-9c4b-24a5fc369c20, ebeac572-bbca-4e86-8780-1f14d83f185b",420,,CANCELLED_ON_NEGOTIATION,Tidak,K34,Sekretariat Badan Nasional Sertifikasi Profesi,WA.6988.EBA.994.002.0A.522191,APBN,01KF0AXJBW5H4GH797ZYGAW16G,3847200000,63554509,4,01JCF7KZC856GBJ27DTAKDJR7Q,452533,695260,,"Dukungan Manajemen Direktorat Jenderal Pembinaan Pelatihan Vokasi dan Produktivitas, ",efbb911a-59d7-54a0-816c-d0c9fbaa93e6.p5yMOuelbiIVrKyF.rS5afRQJpvXnTjQ5BH1InX4W4AuNQguN3qAxIjYxU4s
Konsumsi Peserta Pelatihan 180 JP Reguler PBK RM,DRAFT,2026,8c2b6024-3954-49d9-94a4-ad63660eb9e8,288,,CANCELLED,Tidak,K34,BALAI BESAR PELATIHAN VOKASI DAN PRODUKTIVITAS MEDAN,DL.4057.SCO.003.052.0A.521211,APBN,01KVJV897NBEC6SGDKAVBHKDQM,5760000,66121099,1,01K7P0067ZG2CA6RAJ5KWNE08H,451094,0,2026-06-22T00:00:00Z,"Peningkatan Penyelenggaraan Pelatihan Vokasi dan Pemagangan Binalavotas, ",efbb911a-59d7-54a0-816c-d0c9fbaa93e6.p5yMOuelbiIVrKyF.rS5afRQJpvXnTjQ5BH1InX4W4AuNQguN3qAxIjYxU4s
ATK Pelaksanaan Sertifikasi Lulusan Pelatihan,COMPLETED,2026,"034a6395-61c0-445e-94a9-2306325e0706, 0d0c7e4d-fe65-4ad5-a7e7-6469cbcb1bb4, 085cbc0f-09b1-4f15-a6fb-f688c8eef479, 2bde94f4-5055-408a-ac76-3d874c89037b",6400,0,PAYMENT_OUTSIDE_SYSTEM,Tidak,K34,BALAI PELATIHAN VOKASI DAN PRODUKTIVITAS BANDUNG BARAT,DL.4053.PDI.002.051.0A.521211,APBN,01KMJ3WGYTWPBVKRQTC01R4F3E,65889600,66590697,4,01K4KPY4M8QYQN7JM5NSSV6N33,021212,0,2026-03-26T00:00:00Z,"Pengembangan Sistem dan Pelaksanaan Sertifikasi Kompetensi Profesi Binalavotas, ",efbb911a-59d7-54a0-816c-d0c9fbaa93e6.p5yMOuelbiIVrKyF.rS5afRQJpvXnTjQ5BH1InX4W4AuNQguN3qAxIjYxU4s
Pengadaan Jasa Tenaga Alihdaya (Outsourcing) Petugas Pramubakti Gedung Vokasi Kemnaker RI,DRAFT,2026,e816ecd8-dd8a-4e80-9447-5d34a132f790,25,0,ON_PROCESS,Tidak,K34,DITJEN PEMBINAAN PELATIHAN VOKASI DAN PRODUKTIVITAS,WA.6988.EBA.994.002.0G.522191,APBN,01KD769Q1WRG4A5X454PDWRD59,2698266259,62342861,5,01JB0W1YHSNPS4PMNKJVCPZAM2,451026,336190,2025-12-30T00:00:00Z,"Dukungan Manajemen Direktorat Jenderal Pembinaan Pelatihan Vokasi dan Produktivitas, ",efbb911a-59d7-54a0-816c-d0c9fbaa93e6.p5yMOuelbiIVrKyF.rS5afRQJpvXnTjQ5BH1InX4W4AuNQguN3qAxIjYxU4s
Belanja Bahan Pelatihan Vokasi Bidang Industri dan Jasa Reguler,COMPLETED,2026,"e2d365ce-bd9a-4940-8cf1-4644f6b94a33, 073e9b75-10ce-413e-b365-f63cde816911, 09feeffa-a8d3-4e59-bef8-c3b08f1eea15, 7bf9de53-fd0d-48a4-a4b5-e1b70bd324da, c63a57db-93e3-4c42-aa43-96385eb922cc, bd8301d8-a2cf-453d-a0c9-f3d99817a9d0, b799922b-71db-48af-9f49-5e707fe9c54b, ecae27f5-f3fd-4b41-8ff4-afbee569154e, 2ad8d7f0-8df3-4f3a-96ae-048b004be606, c9395b51-71c7-47f0-bc3b-16c90057ad27, ed6f8490-b02a-46ec-bbac-da59044483a2, dce99a4c-49e5-416b-bac1-ef5a505f8dba, 31046ed2-f3ec-4d20-b9f0-93a6e7bdec6d, 3b8668a4-87fe-4a21-b760-7559c0762d4b, 4fdf8d05-a01c-4ad4-bcce-de5c7806d937, d8ad340a-e474-4c89-a2e1-c43d8948a327, bca6fb2d-b02e-4013-b2f2-f452933fecf2, 731b9e16-ed05-492c-a595-8cbae765c0ac, f82a04b2-86dd-4901-84e2-7b76c3d77ba2, ab07d7fd-430e-426c-bfcb-c05e781a9238, 88068bb5-dd7d-42a1-939d-84f2b3153b5f, 7039260f-cf4c-4915-9428-65b1a25a5ab7, 4ae1befb-b821-4dea-bb20-6e57d23cf31b, b80a279e-c742-44c2-94ca-3b190d6aa17d, 436f845a-0f01-409b-9f95-1561a95ee46c, 9d422462-67d3-47f6-8e3c-4cc1b88f4c33, d055b200-7186-40ca-a52b-ef772cae1e59, 7b82255f-581e-43d6-b34e-bb67fd3911a0, 4c2c26ae-1d60-4e65-b4bd-3d30d6b622d8, 309d949c-d248-498a-b6c9-856ca46102f6, e53eee50-1981-497b-9c2c-a970a257abbc, db88d6de-0aaf-4944-94b1-2a7ee26f2028, ddb64280-7afd-4bb5-abd0-e7ede2c76038",338,0,COMPLETED,Tidak,K34,BALAI BESAR PELATIHAN VOKASI DAN PRODUKTIVITAS SEMARANG,DL.4057.SCO.003.052.0A.521211,APBN,01KK8GY8GG4HDZTHV5Z4SVNTBT,11448485,65956099,33,01JY61XM4G13MY1MYNDAVFQ9B1,452609,0,2026-03-09T00:00:00Z,"Peningkatan Penyelenggaraan Pelatihan Vokasi dan Pemagangan Binalavotas, ",efbb911a-59d7-54a0-816c-d0c9fbaa93e6.p5yMOuelbiIVrKyF.rS5afRQJpvXnTjQ5BH1InX4W4AuNQguN3qAxIjYxU4s
Pengadaan Tenaga Alih Daya / Outsoursing sebanyak 28 orang Tahun 2026,BUYER_CONFIRMED,2026,"e507cae6-86f4-42de-90d9-142195af3516, ca70fb56-9cf2-4519-b344-e8bc7cf7d80d",18,0,PAYMENT_OUTSIDE_SYSTEM,Tidak,K34,BALAI PELATIHAN VOKASI DAN PRODUKTIVITAS BANYUWANGI,WA.6988.EBA.994.002.OA.522191,APBN,01KQEJHS8GRT4E54VGTJXQNC9M,73666962,62258236,2,01KFZP214CH6ERA5CXP2ET4DE6,051102,0,2026-05-02T00:00:00Z,"Dukungan Manajemen Direktorat Jenderal Pembinaan Pelatihan Vokasi dan Produktivitas, ",efbb911a-59d7-54a0-816c-d0c9fbaa93e6.p5yMOuelbiIVrKyF.rS5afRQJpvXnTjQ5BH1InX4W4AuNQguN3qAxIjYxU4s
Bahan Pelatihan Tailor Made Training 40 JP A,COMPLETED,2026,635265f8-b8b1-4ee8-bc49-fbde5312d795,3,0,PAYMENT_OUTSIDE_SYSTEM,Tidak,K34,BALAI PELATIHAN VOKASI DAN PRODUKTIVITAS SIDOARJO,DL.4057.SCO.003.053.0A.521211,APBN,01KMSA16K99A1M400EPDG1BJEH,24857118,66473957,1,01JHHRZPE4EYNR91T2A4YDH7JS,050302,203207,2026-03-30T00:00:00Z,"Peningkatan Penyelenggaraan Pelatihan Vokasi dan Pemagangan Binalavotas, ",efbb911a-59d7-54a0-816c-d0c9fbaa93e6.p5yMOuelbiIVrKyF.rS5afRQJpvXnTjQ5BH1InX4W4AuNQguN3qAxIjYxU4s
Pakaian Kerja 186 Paket PNBP,COMPLETED,2026,d591e7ee-a3d7-43a9-b653-6def5edb55a7,32,0,ON_PROCESS,Tidak,K34,BALAI BESAR PELATIHAN VOKASI DAN PRODUKTIVITAS MEDAN,"DL.4057.SCO.003.051.0A.521211, DL.4057.SCO.003.053.0A.521211, DL.4057.SCO.003.054.0A.521211, DL.4057.SCO.004.052.0A.521211, DL.4057.SCO.004.054.0A.521211, DL.4057.SCO.005.052.0A.521211, DL.4057.SCO.005.054.0A.521211, DL.4057.SCO.006.052.0A.521211, DL.4057.SCO.007.052.0A.521211, DL.4057.SCO.008.052.0A.521211",APBN,01KK0QZAA08BCQXAJHAVBDREAJ,4608000,66161334,1,01J8H9SHT8BGT5TEBA74BVRS6D,451094,0,2026-03-09T00:00:00Z,,efbb911a-59d7-54a0-816c-d0c9fbaa93e6.p5yMOuelbiIVrKyF.rS5afRQJpvXnTjQ5BH1InX4W4AuNQguN3qAxIjYxU4s
Belanja Bahan Pelaksanaan Sertifikasi Lulusan Pelatihan ,COMPLETED,2026,"591ae54e-3bd6-428c-b43a-9086a74915c5, a005fbbf-d40c-4491-bd76-c3063fefca1f, ca764c47-23b8-495e-ac1a-9aa94a845ce6, a29c16ac-8068-449d-838c-f9f47cc95838, 80d12515-d25b-429e-8bb3-85c9504fe6f1, 7037c0c3-dddc-4c58-a31f-212557fa0074, 9c59ae2b-9464-42fb-871b-9ef9e5ece00e, 0e914e40-2283-4b74-81b7-adff7dda2cf6, 58ca06e0-ebc2-45e1-82a5-ba63885f8c8e",118,0,COMPLETED,Tidak,K34,BALAI BESAR PELATIHAN VOKASI DAN PRODUKTIVITAS SEMARANG,DL.4053.PDI.002.051.0B.521211,APBN,01KXF1ZWQ9J3P4SJ7KEK1YBK8Z,2145741,62801553,9,01K21VM9ENQAGGV8BA9GQQY5VC,452609,0,2026-07-14T00:00:00Z,"Pengembangan Sistem dan Pelaksanaan Sertifikasi Kompetensi Profesi Binalavotas, ",efbb911a-59d7-54a0-816c-d0c9fbaa93e6.p5yMOuelbiIVrKyF.rS5afRQJpvXnTjQ5BH1InX4W4AuNQguN3qAxIjYxU4s
Paket Fullboard Peserta dan Panitia,COMPLETED,2026,006f2714-128c-4d04-be70-cfa5ea1f86ca,220,0,COMPLETED,Tidak,K34,DITJEN PHI DAN JAMSOS,DN.5586.BDC.001.053.0A.524119,APBN,01KW1XMPCZKRCTE4BP7G35ERVT,198000000,66262703,1,01JPH1ECGK8PQECNW6PPFX09NF,451310,0,2026-06-26T00:00:00Z,"Peningkatan Penerapan Jaminan Sosial Tenaga Kerja dan Fasilitasi Kesejahteraan Pekerja, ",efbb911a-59d7-54a0-816c-d0c9fbaa93e6.p5yMOuelbiIVrKyF.rS5afRQJpvXnTjQ5BH1InX4W4AuNQguN3qAxIjYxU4s
Belanja Konsumsi PBK di BLK Banjarmasin,BUYER_CONFIRMED,2026,"0d05a2f7-a36f-4052-af82-93acd709b8ae, 692a4ac9-b1a7-4c24-8210-39ade8f47f9e",373,0,ON_PROCESS,Tidak,K34,BALAI PELATIHAN VOKASI DAN PRODUKTIVITAS SAMARINDA,"DL.4057.SCO.023.059.0A.521211, DL.4057.SCO.023.059.0B.521211",APBN,01KMYCTYRKVVECX8AESN2QMBC4,8672000,66436528,2,01J90BPH69N75Z9B0J608BH4F0,451108,326759009,2026-03-31T00:00:00Z,"Peningkatan Penyelenggaraan Pelatihan Vokasi dan Pemagangan Binalavotas, ",efbb911a-59d7-54a0-816c-d0c9fbaa93e6.p5yMOuelbiIVrKyF.rS5afRQJpvXnTjQ5BH1InX4W4AuNQguN3qAxIjYxU4s
"Belanja Jasa Lainnya, MASIFIKASI SOSIALISASI NORMA 100 ",COMPLETED,2026,16106432-15e4-4cd2-818e-e288ad0867c3,1,0,COMPLETED,Tidak,K34,DITJEN. PEMBINAAN PENGAWASAN KETENAGAKERJAAN DAN K3,DN.6588.QIH.001.051.0N.522191,APBN,01KWJZVY141DSAPAT4DP18JFYA,103230000,67332415,1,01KF0QRHEGAHPR99CKWXWEXHBY,651870,0,2026-07-06T00:00:00Z,"Peningkatan Pemeriksaan Norma Ketenagakerjaan, ",efbb911a-59d7-54a0-816c-d0c9fbaa93e6.p5yMOuelbiIVrKyF.rS5afRQJpvXnTjQ5BH1InX4W4AuNQguN3qAxIjYxU4s
Belanja Pengadaan Pegawai Non Aparatur ,DRAFT,2026,"8889b1bf-b146-498f-9e2c-6af824b56c24, bc133992-977c-4263-a308-39098e2e2bb8, af781b8c-f22b-4557-8e58-e8f458da3665",224,0,ON_PROCESS,Tidak,K34,BADAN PERENCANAAN DAN PENGEMBANGAN KETENAGAKERJAAN,WA.6624.EBA.994.002.CB.522191,APBN,01KFMEMTA4WA2CCTWZ3EEH32W0,1757156064,62680368,3,01JC4WS8C5M2TXFXV3S7J26613,452677,1084190,2026-01-27T00:00:00Z,"Dukungan Manajemen Badan Perencanaan dan Pengembangan Ketenagakerjaan, ",efbb911a-59d7-54a0-816c-d0c9fbaa93e6.p5yMOuelbiIVrKyF.rS5afRQJpvXnTjQ5BH1InX4W4AuNQguN3qAxIjYxU4s
"Paket Pertemuan Fullboard Peserta, Moderator dan Penyelenggara Identifikasi Analisis Pemetaan Kerawanan Hubungan Industrial  ",COMPLETED,2026,e2ef5f60-a1b1-43f2-9633-b2c356efb845,224,0,COMPLETED,Tidak,K34,DITJEN. PEMBINAAN HUBUNGAN INDUSTRIAL DAN JAMINAN SOSIAL TENAGA KERJA,DN.2179.QIH.001.051.0F.524119,APBN,01KPWXPFJG30A812Q7A9XKQQC1,194880000,65992054,1,01JHQ35N9TH719K8HCW8W4XNRB,451270,0,2026-04-24T00:00:00Z,"Penguatan Kelembagaan dan Pencegahan Perselisihan Hubungan Industrial, ",efbb911a-59d7-54a0-816c-d0c9fbaa93e6.p5yMOuelbiIVrKyF.rS5afRQJpvXnTjQ5BH1InX4W4AuNQguN3qAxIjYxU4s
Belanja Modal Peralatan dan Mesin  PENGADAAN INVENTARIS KANTOR DI LINGKUNGAN DITJEN BINAPENTA DAN PKK,COMPLETED,2026,8fe5a3d1-18c5-4152-bca4-916926453b11,1,0,COMPLETED,Tidak,K34,DITJEN PEMBINAAN PENEMPATAN TENAGA KERJA DAN PERLUASAN KESEMPATAN KERJA,WA.6621.EBB.951.051.0B.532111,APBN,01KW12WA6DK1G22J6JVYHJNT8K,7881000,66665520,1,01HRVFBW992N70ADZS874ZZJSH,451139,0,2026-06-30T00:00:00Z,"Dukungan Manajemen Ditjen Pembinaan Penempatan Tenaga Kerja dan Perluasan Kesempatan Kerja, ",efbb911a-59d7-54a0-816c-d0c9fbaa93e6.p5yMOuelbiIVrKyF.rS5afRQJpvXnTjQ5BH1InX4W4AuNQguN3qAxIjYxU4s
Belanja Bahan Pelaksanaan Sertifikasi Lulusan Pelatihan ,COMPLETED,2026,"3a63bb1b-4038-4b9a-a8ef-66ede4434d43, d7f7b1ad-4eb7-470f-b6a2-22e1b7cbe9e1, 999480c9-5ed3-48bf-9e51-aa1c54f0ac47, c2560eda-18ad-4c4c-80f7-1f8abca53e62, 0ce226c6-57fc-457c-8700-7e3c3e80d4b5, 9227cdf2-75e7-4d2a-aaaa-5c4d9b60cf6d, f18817dd-df37-4456-aba6-31f391a958ba, 67e8fd2e-c11e-4d27-826d-f1b8f5feaa76, ae8ce8a0-0d45-4dee-8e28-2dd557b27794, 5c32ad3e-5c21-4bd3-b539-7c3008cb5e4a, 55ea06e8-046f-4646-a97f-16c14a575b7e, 3a04e736-1c9a-4c00-9347-7e80089aef50, 28178281-1cc0-46f5-8c3e-b9e8404f2b2f, 0370f81e-2fd4-4a7b-b72f-80bd73c13521, 25f1aa9f-c970-49fc-ad39-eba494917291, a86b73ec-4953-40bf-b634-879b74b896fc, 20ea42cd-c2ad-43a9-8d67-eef4c5381682, 829d8b2e-912e-4dac-82f3-a770f75fc146, d7e0a48e-7a36-45c6-a544-f358be585074, e3a89f6d-2268-499c-8031-62b8cd875328",116,399600,ON_PROCESS,Tidak,K34,BALAI BESAR PELATIHAN VOKASI DAN PRODUKTIVITAS SEMARANG,DL.4053.PDI.002.051.0B.521211,APBN,01KZQY5MFZ7VPHJWJK5QJG8VT8,7579080,62801553,20,01J81QPN27R0FDVY86ZEFZ77TW,452609,2502042,2026-08-11T00:00:00Z,"Pengembangan Sistem dan Pelaksanaan Sertifikasi Kompetensi Profesi Binalavotas, ",efbb911a-59d7-54a0-816c-d0c9fbaa93e6.p5yMOuelbiIVrKyF.rS5afRQJpvXnTjQ5BH1InX4W4AuNQguN3qAxIjYxU4s
Tailor Made Training,COMPLETED,2026,38f23c70-1bf1-4e04-bda8-46c8d1f34042,304,0,ON_PROCESS,Tidak,K34,BALAI PELATIHAN VOKASI DAN PRODUKTIVITAS SURAKARTA,"DL.4057.SCO.003.053.0A.521211, DL.4057.SCO.003.053.0A.521219, DL.4057.SCO.003.053.0A.524111, DL.4057.SCO.003.053.0A.526312, DL.4057.SCO.003.053.0B.521211, DL.4057.SCO.003.053.0B.521219, DL.4057.SCO.003.053.0B.524111, DL.4057.SCO.003.053.0B.526312, DL.4057.SCO.003.053.0C.521211, DL.4057.SCO.003.053.0C.521219, DL.4057.SCO.003.053.0C.524111, DL.4057.SCO.003.053.0C.526312, DL.4057.SCO.003.053.0D.521211, DL.4057.SCO.003.053.0D.521219, DL.4057.SCO.003.053.0D.524111, DL.4057.SCO.003.053.0D.526312, DL.4057.SCO.003.053.0E.521211, DL.4057.SCO.003.053.0E.522191, DL.4057.SCO.003.053.0E.524111, DL.4057.SCO.003.053.0F.521211, DL.4057.SCO.003.053.0G.524111",APBN,01KXQ0BFS8KCRYJ7KWW3ESY5QD,45600000,62084505,1,01JSN1S823K085TJEN4EBNBZBE,035636,0,2026-07-20T00:00:00Z,"Peningkatan Penyelenggaraan Pelatihan Vokasi dan Pemagangan Binalavotas, ",efbb911a-59d7-54a0-816c-d0c9fbaa93e6.p5yMOuelbiIVrKyF.rS5afRQJpvXnTjQ5BH1InX4W4AuNQguN3qAxIjYxU4s
Paket Meeting Fullboard Peserta dan Panitia Penyelenggara,COMPLETED,2026,41f3d091-e216-4903-b8cc-f9ec1c6b64a8,150,0,COMPLETED,Tidak,K34,DITJEN. PEMBINAAN HUBUNGAN INDUSTRIAL DAN JAMINAN SOSIAL TENAGA KERJA,DN.5586.BDC.002.057.0A.524119,APBN,01KKAV3TYFNZBP9WWXXB6F6JEM,142500000,66263501,1,01JRCPK4SRR0VR7NHXRW5DH51R,451270,2127225,2026-03-10T00:00:00Z,"Peningkatan Penerapan Jaminan Sosial Tenaga Kerja dan Fasilitasi Kesejahteraan Pekerja, ",efbb911a-59d7-54a0-816c-d0c9fbaa93e6.p5yMOuelbiIVrKyF.rS5afRQJpvXnTjQ5BH1InX4W4AuNQguN3qAxIjYxU4s
Belanja Bahan Pelaksanaan Sertifikasi Lulusan Pelatihan Vokasi (PNP),COMPLETED,2026,"2561b8ca-853b-4dde-af28-21bbd4c21b03, 3ebb8cba-73fe-4fc9-a65f-7dd5fb7f561a, 95caf173-eaab-4689-902a-1a1656934cc3, e0afdbc5-efff-4570-abf9-178468247a64, f2ca3fca-2237-4895-be39-e59424154c55",10,99900,COMPLETED,Tidak,K34,BALAI BESAR PELATIHAN VOKASI DAN PRODUKTIVITAS SEMARANG,DL.4053.PDI.002.051.0A.521211,APBN,01KRZFJ25P063NE6F3A7T36284,981240,66185662,5,01JCF5TRQVKW157PX3JC6JFJ1Y,452609,2705108,2026-05-20T00:00:00Z,"Pengembangan Sistem dan Pelaksanaan Sertifikasi Kompetensi Profesi Binalavotas, ",efbb911a-59d7-54a0-816c-d0c9fbaa93e6.p5yMOuelbiIVrKyF.rS5afRQJpvXnTjQ5BH1InX4W4AuNQguN3qAxIjYxU4s
"Fullboard Moderator, Panitia Penyelenggara dan Peserta",COMPLETED,2026,b1639457-4eb8-458a-9f86-d60df907a328,68,0,COMPLETED,Tidak,K34,DITJEN. PEMBINAAN HUBUNGAN INDUSTRIAL DAN JAMINAN SOSIAL TENAGA KERJA,DN.6587.AEG.001.051.0D.524119,APBN,01KRWYB255XDNDAM20M03VWDS0,53720000,66135360,1,01K1AW95R65AC7DWHGQGVZJ0VB,451270,0,2026-05-18T00:00:00Z,"Peningkatan Pembinaan Hubungan Kerja dan Penerapan Pengupahan, ",efbb911a-59d7-54a0-816c-d0c9fbaa93e6.p5yMOuelbiIVrKyF.rS5afRQJpvXnTjQ5BH1InX4W4AuNQguN3qAxIjYxU4s
Belanja Pengadaan Modul UPTD BLKPP DIY,COMPLETED,2026,babc4b73-e130-4549-924e-e6c58c6c5a53,48,0,ON_PROCESS,Tidak,K34,BALAI PELATIHAN VOKASI DAN PRODUKTIVITAS SURAKARTA,DL.4057.SCO.012.051.51.521211,APBN,01KVHBZV7BVG9H4CXFTAJQDDQZ,4799995,66977058,1,01HZ4NAYM03C7EQQ2SY8F15HD0,035636,0,2026-06-22T00:00:00Z,"Peningkatan Penyelenggaraan Pelatihan Vokasi dan Pemagangan Binalavotas, ",efbb911a-59d7-54a0-816c-d0c9fbaa93e6.p5yMOuelbiIVrKyF.rS5afRQJpvXnTjQ5BH1InX4W4AuNQguN3qAxIjYxU4s
Pengadaan Bahan Pelatihan Vokasi UPTP PNBP (30 Paket),COMPLETED,2026,"63eb6da0-7392-42b0-a29a-7c417676ce4b, bc22e2b1-a9e1-4edb-a5c4-429b633afec5, 791f7b8b-d5f6-4f67-a02b-ad969631fb06, 9acac445-fee6-445f-9e07-0fe8991ca9d3, 29019fff-ffec-4f72-927b-25ddd9f32633, a9eeb7d8-26b3-4edf-8d84-0dd46a3d43f4, 009b6061-4b98-436f-9a16-d6198775c051, 79aab0d4-dd70-4f6d-a215-3d9eeb074d06, f3e80485-22a8-418e-9f5e-5a986c0d4c6a, ee995538-0f7a-4f16-8704-94222e09fede, 43a68109-eb5f-4819-97cf-36a5d6c1f25c, b289e1d7-7daa-4983-a124-b247172200e1, 99e7b1cf-81fb-4c4f-aaf4-ffae81e164c8, 07df8235-6727-4a27-adde-184146db32e7, 71f81877-b4d9-41c5-a177-2e086967d5a3, 4ed30ce6-057d-40cc-9877-9a0faea3dd29, 4da28ba1-1e21-4808-bbb2-aa01a63dbc73, 4d87121c-96e5-4c9f-9104-4cd325b296f1, 93d749bf-9e94-44db-9f23-348e5656243e, 1ff11c8b-b6c5-4e5c-8067-0f834103ba7e, 1b908927-04fe-470e-9619-c145880f2c38, 22a635e5-22db-4299-8ab6-cd837480e5d3, e94aa5a9-c6f3-4484-b880-838d49fa03da, 9b9a1d83-6600-46dc-9a48-4866600e5f83, f852db3b-a426-4028-9fd3-31fd96ab89ab, 65556eb3-be71-4d61-98d4-0f54348f310d, 68a9247c-99e2-4b94-8f10-049bacc3f294, 7fd93f70-c05d-487f-ac8f-d2f37102188a, 53755572-2d15-4cbf-9642-54bd2964a144, 32ffde59-b271-4ce4-b856-7223e2f69f7d, bcb40a62-f916-45b4-982c-624183f72ce1, fd99adde-5ba5-4a0d-83de-a096bb802f38, 63d64c6b-5012-4c1e-a343-263494d5b8a6, 97cb08a5-5f53-4f7f-88e2-ddc8214885e4, 72364288-a173-482f-8166-2c9b75fd1d8d, 9f421d82-3095-4bc5-94a7-49c9099ff04a, 8557b708-57bb-4fb0-914e-d7894c655fcc, 42b56a56-26e0-4b45-9931-c59b7290f495, 7806a0a3-b98f-40c1-b503-64d9228d3349, 5a48d013-3cc1-45dc-80fc-0a8b4233e290, 1327c6fd-54c2-4325-b775-4baa9ff04769, 66d91bfb-5c45-425a-b19a-94089ab8628d, 54aeb142-b6de-49bf-b5f0-1a0150192628, c8913d34-85d7-4b1f-9cb7-1090a3d733cf, 8ee2e3eb-6ac8-4c51-9501-9511d6d4b776, 84aad9b8-a6c9-492c-bf94-2c185a7b9468, c1816f23-82bc-45d5-8640-f24660260f67, 1110423e-870c-46bd-b9c2-971ff95b570c, 5ac05b7d-4f42-4ac9-9c07-889769c2ddd1, fbdd2320-c54e-4090-84ef-4efc8dc2554f, 5ef55cee-7a9b-4513-a63d-300393317555, 7c97c69a-7bd4-4720-9da7-46e925c2f637, 66346ea9-90ec-4b75-9ae7-ae9610e86e88, 365ecff1-4f78-4c41-9e58-554ec26049cd, a450fe79-0f33-4ad4-b226-5bab28087be8, 383f89e3-deaa-4271-862e-9376a92e1095, 813d941d-45ed-4063-9c8d-c9bdaf27399b, 8ae339cd-44b1-4939-9252-2bc2adf91069, 2df2ec93-f379-4500-9ec6-28b745ad5797, cbb54a86-e21e-4051-914e-026ec69f6c38, 609edd17-c38a-4027-b821-8303b29ca9ef, 229fdf20-b3e4-4b31-b7db-9160c3e29181",1444,0,COMPLETED,Tidak,K34,BALAI BESAR PELATIHAN VOKASI DAN PRODUKTIVITAS SERANG,"DL.4057.SCO.003.051.0A.521211, DL.4057.SCO.003.053.0A.521211, DL.4057.SCO.003.054.0A.521211, DL.4057.SCO.005.052.0A.521211, DL.4057.SCO.007.052.0A.521211, DL.4057.SCO.008.052.0B.521211",APBN,01KTTR0MME09CHH35VFXXDKFTH,86660142,66342119,78,01JZSP8YSK8DC78JVR8CZQCQ1H,426531,0,2026-06-15T00:00:00Z,"Peningkatan Penyelenggaraan Pelatihan Vokasi dan Pemagangan Binalavotas, ",efbb911a-59d7-54a0-816c-d0c9fbaa93e6.p5yMOuelbiIVrKyF.rS5afRQJpvXnTjQ5BH1InX4W4AuNQguN3qAxIjYxU4s
Belanja Bahan Pelatihan TMT,DRAFT,2026,"05805adc-5647-4d07-b37c-dd3529d95e17, ec1e3203-19c6-4329-8625-dc643bd7e63e, 6d496fd9-a7b4-4ac8-b34b-c1049cde04aa, 76a0766c-3528-49dd-8f0c-64456c86405d, e21a1b41-3355-4f5a-b5cb-a67091bab8d8, f4fe7ba6-db4e-49e7-bd27-6d166cccc0d5, 1c649746-35de-43b6-b636-416cb6af13ea, 3854903e-e6d8-407e-8f8b-7e986d6f6307, 54dbabee-189e-4411-a8b1-db7b6316d781, c712becd-83f8-4984-8ada-99227c70203f, 5dbecf76-1bc7-4863-9349-c11725c2013d, b251f938-6c26-4185-b3ac-aecb4f8f4cb2, 80325d23-30b8-4a32-b492-d42866d16622, fc325c0f-3fc1-498e-8696-0fdd70104732, ae1815ec-31ba-4a6e-ae0e-c11a5d1ac242, 6c53c4c0-8416-4f29-bb5c-e130e1486708, 267ea927-66a3-49b5-a320-25fa972e984c, eb7fbeec-962a-4151-b508-72c1e0916df9, d48a4176-618b-4198-a74d-623eacca4329, 9d63a329-fb0f-4952-a927-32ca85354219, 50282f76-f1e9-49d2-8b08-0c65445648dd, 36888866-22eb-48cf-aaf6-425ff95a9564, ad331187-0757-48a0-8175-6d54b7e720bb, 8f98a452-89ae-445c-ab8a-8afc866df28b, c1ed94c2-9285-4871-a539-abff9d7943f9, 76d6bb63-3f1d-450d-803e-0393ef82e966, f40cbdfb-4f60-4681-81ac-17fecf721d63, 7f361051-7d47-4485-8198-a12ac0d6b191, d3f18d45-f4e9-4608-9044-6cfb0b46d45b, 054461b3-7c95-45a3-afe4-03a7198cd27c, cd471681-8a41-4db6-81c8-888849074031, 559f2282-bda7-4501-a085-e106af7a8a6e, da06324a-af7b-4a3a-86d5-d82372ec0986, b700f7d9-a733-4cd4-9ae8-c786e34edfcc",1206,255300,ON_PROCESS,Tidak,K34,BALAI BESAR PELATIHAN VOKASI DAN PRODUKTIVITAS SEMARANG,DL.4057.SCO.003.054.0C.521211,APBN,01M008FARWXRH0EE1YV9QE4SNM,28733793,66020897,34,01JYDESZTP0YA22FBCZT8CDSRE,452609,0,2026-08-15T00:00:00Z,"Peningkatan Penyelenggaraan Pelatihan Vokasi dan Pemagangan Binalavotas, ",efbb911a-59d7-54a0-816c-d0c9fbaa93e6.p5yMOuelbiIVrKyF.rS5afRQJpvXnTjQ5BH1InX4W4AuNQguN3qAxIjYxU4s
Forum komunikasi jejaring kerjasama pelatihan,COMPLETED,2026,2836dc68-51a2-47c8-9235-fd12d218e85c,85,0,COMPLETED,Tidak,K34,PUSAT PENGEMBANGAN SUMBER DAYA MANUSIA KETENAGAKERJAAN,WA.2165.EBC.996.052.0O.524114,APBN,01KS1GSFPPSKV06QE6XJPT8Z4F,101745000,67165118,1,01K3J47D9228MAKWTS0FR6QJZW,450990,0,2026-05-20T00:00:00Z,"Peningkatan Kualitas Sumber Daya Manusia (SDM) Aparatur, ",efbb911a-59d7-54a0-816c-d0c9fbaa93e6.p5yMOuelbiIVrKyF.rS5afRQJpvXnTjQ5BH1InX4W4AuNQguN3qAxIjYxU4s
Bahan Pelatihan Tailor Made Training 40 JP B,COMPLETED,2026,5b299bc6-9bb3-492e-82ce-8c3d45e4a5e0,1,0,PAYMENT_OUTSIDE_SYSTEM,Tidak,K34,BALAI PELATIHAN VOKASI DAN PRODUKTIVITAS SIDOARJO,DL.4057.SCO.003.053.0A.521211,APBN,01KN8KSYTGX8KA9JVNRTWP99JQ,8172930,66473758,1,01JHHRZPE4EYNR91T2A4YDH7JS,050302,203207,2026-04-06T00:00:00Z,"Peningkatan Penyelenggaraan Pelatihan Vokasi dan Pemagangan Binalavotas, ",efbb911a-59d7-54a0-816c-d0c9fbaa93e6.p5yMOuelbiIVrKyF.rS5afRQJpvXnTjQ5BH1InX4W4AuNQguN3qAxIjYxU4s
Operasional dan Pemeliharaan Kantor,DRAFT,2026,"43650fc4-b6d8-4eca-b447-99168d5c52e1, 9213957a-6d10-47a5-ae1b-ebb029301112, 3635f624-1db1-4cc2-8d1d-9e30c0195944, 6101fd6b-0043-49f8-b6b7-197b4844290d, 48943b95-eafb-4bd1-a828-397b3a73b8f6, a91a43ec-84a6-4102-872b-d1091d9a99f4, b3663aab-ca18-44c3-a025-5e76986a5380, afc1f337-0092-4360-a3de-eb471366dbc3",672,,CANCELLED_ON_NEGOTIATION,Tidak,K34,BALAI PELATIHAN VOKASI DAN PRODUKTIVITAS SURAKARTA,"WA.6988.EBA.994.002.0A.521111, WA.6988.EBA.994.002.0A.521114, WA.6988.EBA.994.002.0A.521115, WA.6988.EBA.994.002.0A.521811, WA.6988.EBA.994.002.0B.523111, WA.6988.EBA.994.002.0B.523112, WA.6988.EBA.994.002.0C.523121, WA.6988.EBA.994.002.0C.523123, WA.6988.EBA.994.002.0D.522111, WA.6988.EBA.994.002.0D.522112, WA.6988.EBA.994.002.0D.522113, WA.6988.EBA.994.002.0D.522119, WA.6988.EBA.994.002.0E.522191, WA.6988.EBA.994.002.0F.521252, WA.6988.EBA.994.002.0G.521111, WA.6988.EBA.994.002.0G.521115, WA.6988.EBA.994.002.0G.521211, WA.6988.EBA.994.002.0G.521252, WA.6988.EBA.994.002.0G.522111, WA.6988.EBA.994.002.0G.522112, WA.6988.EBA.994.002.0G.522113, WA.6988.EBA.994.002.0G.522191, WA.6988.EBA.994.002.0G.523111, WA.6988.EBA.994.002.0G.524111",APBN,01KDN03SSSM13X9VKNBGBC2K6D,2422663572,62084676,8,01JBB82CQ3S6AZPTA9DK7H8NW5,035636,0,,"Dukungan Manajemen Direktorat Jenderal Pembinaan Pelatihan Vokasi dan Produktivitas, ",efbb911a-59d7-54a0-816c-d0c9fbaa93e6.p5yMOuelbiIVrKyF.rS5afRQJpvXnTjQ5BH1InX4W4AuNQguN3qAxIjYxU4s
Pakaian Kerja,COMPLETED,2026,17a9ad3b-36ad-4808-86b1-bc51bfbdc0a7,500,0,PAYMENT_OUTSIDE_SYSTEM,Tidak,K34,BALAI PELATIHAN VOKASI DAN PRODUKTIVITAS LOMBOK TIMUR,DL.4057.SCO.003.056.0A.521211,APBN,01KPQJ2C70HB9B6BX7X1SBM7RY,83250000,63390072,1,01JYGPS1FZS5WAVV2XF7DF1GQ7,230302,0,2026-04-22T00:00:00Z,"Peningkatan Penyelenggaraan Pelatihan Vokasi dan Pemagangan Binalavotas, ",efbb911a-59d7-54a0-816c-d0c9fbaa93e6.p5yMOuelbiIVrKyF.rS5afRQJpvXnTjQ5BH1InX4W4AuNQguN3qAxIjYxU4s
Pengadaan Konsumsi Pelatihan PBK,DRAFT,2026,079d4c9d-ece5-421b-ab8f-cba3939bb1ac,928,0,ON_PROCESS,Tidak,K34,BALAI PELATIHAN VOKASI DAN PRODUKTIVITAS BANYUWANGI,DL.4057.SCO.030.054.0A.521211,APBN,01KXXKG2ZSHE34A80ZJVVVHZBE,27376000,67511224,1,01JJ0VDCBKNMYW458MNTP3CTPF,051102,37513,2026-07-20T00:00:00Z,"Peningkatan Penyelenggaraan Pelatihan Vokasi dan Pemagangan Binalavotas, ",efbb911a-59d7-54a0-816c-d0c9fbaa93e6.p5yMOuelbiIVrKyF.rS5afRQJpvXnTjQ5BH1InX4W4AuNQguN3qAxIjYxU4s
Belanja Bahan Pelaksanaan Sertifikasi Lulusan Pelatihan Vokasi (PNP),COMPLETED,2026,"837e8ce0-a9cc-4c33-9d9d-ead720f64338, 1b170422-66d8-4252-b947-64f59674aec7, 0d80b16a-71eb-4ab0-962e-6519be2c6b17, 2596645c-8bad-4ae9-960b-1e914a86a038, 1919cf01-dcab-48e5-ad84-37989a24af27, f0e38808-d82e-4319-87e1-7c692fc14afa, f2322229-3540-49a0-ba41-33daaebc477a, 224e9d9d-bd65-43c4-b899-c1829de88bb3, b7471b95-da5b-47f1-aab1-d95ee9dbf56e, 1b76a791-cd64-4a82-88d9-abc9165f392f, 7d3daa51-5d23-4f42-b6cd-226dd5ce114f, 96cbee7e-dadf-4bf9-b7f3-f272df8b6c37, 8a9eab0b-6109-41e8-a6e6-2623ca14dbca, 8ee24c94-8f80-4416-92b4-e874c72f6b74, 9ab0c8d3-eed9-4087-8140-cc30ebb05b55, 9750c446-bd40-4e3c-ac2e-d95c5efd70b9, 288a625c-6e47-4368-b8be-acab394a8f54, 2b33b701-8298-4a9e-ac2c-26f9d072e245, 264fe6da-b8c2-4c4b-affa-c4135dbcff86, 69461894-7586-4a64-b7c3-76730dc11dec, a6b6ed03-b61b-41bd-acab-56aea422eecf",170,177600,COMPLETED,Tidak,K34,BALAI BESAR PELATIHAN VOKASI DAN PRODUKTIVITAS SEMARANG,DL.4053.PDI.002.051.0A.521211,APBN,01KRDWWBK0W4VDXGXNFQPW6HHX,2433564,66185662,21,01J81QPN27R0FDVY86ZEFZ77TW,452609,2502042,2026-05-13T00:00:00Z,"Pengembangan Sistem dan Pelaksanaan Sertifikasi Kompetensi Profesi Binalavotas, ",efbb911a-59d7-54a0-816c-d0c9fbaa93e6.p5yMOuelbiIVrKyF.rS5afRQJpvXnTjQ5BH1InX4W4AuNQguN3qAxIjYxU4s
Layanan Keahlian Operasional Infrastruktur dan Jaringan,DRAFT,2026,332b2e73-cf81-4d7e-8172-6567ed4d26eb,1,0,ON_PROCESS,Tidak,K34,BADAN PERENCANAAN DAN PENGEMBANGAN KETENAGAKERJAAN,DN.6766.FAB.001.055.0A.522191,APBN,01KMM3P37Y5BWVDN4X8V2XCSEY,195970500,63824663,1,01JAW5FWXGJ4V7AXD1MMBRVC0Y,452677,187383009,2026-03-30T00:00:00Z,"Pengelolaan Data dan Teknologi Informasi Ketenagakerjaan, ",efbb911a-59d7-54a0-816c-d0c9fbaa93e6.p5yMOuelbiIVrKyF.rS5afRQJpvXnTjQ5BH1InX4W4AuNQguN3qAxIjYxU4s
Belanja Pengadaan Konsumsi Peserta UPTD BLKPP DIY,DRAFT,2026,82ed2113-050d-4eac-b463-33300a3432f3,1616,0,ON_PROCESS,Tidak,K34,BALAI PELATIHAN VOKASI DAN PRODUKTIVITAS SURAKARTA,DL.4057.SCO.012.051.51.521211,APBN,01KVFP01PFV1CFKX8AZRX080AQ,32320000,66977035,1,01JZQTR6FX7JZF90AA006RV8W9,035636,0,2026-06-22T00:00:00Z,"Peningkatan Penyelenggaraan Pelatihan Vokasi dan Pemagangan Binalavotas, ",efbb911a-59d7-54a0-816c-d0c9fbaa93e6.p5yMOuelbiIVrKyF.rS5afRQJpvXnTjQ5BH1InX4W4AuNQguN3qAxIjYxU4s
Pengadaan Bahan Sertifikasi Lulusan (231 Paket),DRAFT,2026,"38dc6c03-595d-4300-bbae-6c1cc12835c0, 7505f977-f240-4d08-a894-13f032ff55bb, 31209d57-7c46-4daa-9137-b1af86fc181a, bcac6597-47c1-491b-9421-3da5484d84b0, 356be4f9-98bb-4e86-bc64-17b2888f3d8b, 32658e5d-a28c-414e-8551-610ce51a36ea",101,0,WAITING_PPK_REVIEW,Tidak,K34,BALAI BESAR PELATIHAN VOKASI DAN PRODUKTIVITAS SERANG,"DL.4053.PDI.002.051.0A.521211, DL.4053.PDI.002.051.0B.521211, DL.4053.PDI.003.051.0A.521211",APBN,01KZT15MCQNWJ6B9VQ6R8Y53PV,9024300,63091859,7,01JA5A03NNYR55WA0Y7544VQ01,426531,24382119,,"Pengembangan Sistem dan Pelaksanaan Sertifikasi Kompetensi Profesi Binalavotas, ",efbb911a-59d7-54a0-816c-d0c9fbaa93e6.p5yMOuelbiIVrKyF.rS5afRQJpvXnTjQ5BH1InX4W4AuNQguN3qAxIjYxU4s
Belanja Bahan Pelaksanaan Sertifikasi Lulusan Pelatihan Vokasi (PNP),COMPLETED,2026,"999480c9-5ed3-48bf-9e51-aa1c54f0ac47, e3a89f6d-2268-499c-8031-62b8cd875328, 9227cdf2-75e7-4d2a-aaaa-5c4d9b60cf6d, 25f1aa9f-c970-49fc-ad39-eba494917291, 0370f81e-2fd4-4a7b-b72f-80bd73c13521, 5c32ad3e-5c21-4bd3-b539-7c3008cb5e4a, c2560eda-18ad-4c4c-80f7-1f8abca53e62, 829d8b2e-912e-4dac-82f3-a770f75fc146, 3a63bb1b-4038-4b9a-a8ef-66ede4434d43, d7f7b1ad-4eb7-470f-b6a2-22e1b7cbe9e1, 55ea06e8-046f-4646-a97f-16c14a575b7e, 67e8fd2e-c11e-4d27-826d-f1b8f5feaa76, ae8ce8a0-0d45-4dee-8e28-2dd557b27794, 28178281-1cc0-46f5-8c3e-b9e8404f2b2f, f18817dd-df37-4456-aba6-31f391a958ba, a86b73ec-4953-40bf-b634-879b74b896fc, f873fea9-e88f-4b4d-bfce-24afc9a292a8, 3a04e736-1c9a-4c00-9347-7e80089aef50, 93e6ce00-c38f-4c7c-bde7-12836e19eca4, 20ea42cd-c2ad-43a9-8d67-eef4c5381682",295,266400,COMPLETED,Tidak,K34,BALAI BESAR PELATIHAN VOKASI DAN PRODUKTIVITAS SEMARANG,DL.4053.PDI.002.051.0A.521211,APBN,01KNNJJ9A62S98ZWS3APHJ1SY0,17913180,66185662,20,01J81QPN27R0FDVY86ZEFZ77TW,452609,2502042,2026-04-08T00:00:00Z,"Pengembangan Sistem dan Pelaksanaan Sertifikasi Kompetensi Profesi Binalavotas, ",efbb911a-59d7-54a0-816c-d0c9fbaa93e6.p5yMOuelbiIVrKyF.rS5afRQJpvXnTjQ5BH1InX4W4AuNQguN3qAxIjYxU4s
Belanja Bahan plate welder pengelasan ,DRAFT,2026,"691b49da-d23f-4345-aec7-e23f9096dc14, f2ca5b64-caa8-41cc-bcc5-21466cae0300, 1ae2eb6d-a661-4a94-8dbc-b0279a8ed585, 5688f7a9-c210-43d1-9583-a8d5869699fe, 21bac208-9d34-46fb-a4fa-2da3052fc8ec, 7fa0a638-bf5d-4ef1-a2aa-958155e99fad, 2ea21458-3185-42f3-848b-fc61f4df9c66, 786ddc3d-347c-4a02-9ce7-e56491c5226c, 29e5d925-2ea4-4d51-8564-b8894e5d640d, 221612fb-915b-409e-b99a-3d2b12f2a5f2, a2d9cf86-bad9-4299-9b3d-0e4fc1f8871b, f3467222-0d58-4161-8249-8db1dd047b2c, c8c5b25e-0e54-4ee7-a411-6228a393d631",169,0,ON_PROCESS,Tidak,K34,BALAI PELATIHAN VOKASI DAN PRODUKTIVITAS BANTAENG,DL.4057.SCO.027.055.02.613191,APBN,01KZ5YHHN9SRA7WHSD8SW31C86,16000000,67561153,13,01JGDCZGBWC05YQ7QD3SND17KF,191206,274290009,2026-08-05T00:00:00Z,"Peningkatan Penyelenggaraan Pelatihan Vokasi dan Pemagangan Binalavotas, ",efbb911a-59d7-54a0-816c-d0c9fbaa93e6.p5yMOuelbiIVrKyF.rS5afRQJpvXnTjQ5BH1InX4W4AuNQguN3qAxIjYxU4s
Fullboard Meeting Panitia Uji Kompetensi Jabatan Fungsional Pengantar Kerja,DRAFT,2026,f8a6c65b-cdae-460e-9e23-adefdfc2a439,30,,CANCELLED_ON_NEGOTIATION,Tidak,K34,DITJEN PEMBINAAN PENEMPATAN TENAGA KERJA DAN PERLUASAN KESEMPATAN KERJA,DN.6593.DCI.002.051.0D.524114,APBN,01KXJEPVA59XSYAP6KRG6YNRPG,45000000,63883162,1,01KN723FMWF41GAV49X267ENCS,451139,0,,"Peningkatan Kompetensi Pengantar Kerja, ",efbb911a-59d7-54a0-816c-d0c9fbaa93e6.p5yMOuelbiIVrKyF.rS5afRQJpvXnTjQ5BH1InX4W4AuNQguN3qAxIjYxU4s
PENGADAAN BAHAN PELATIHAN,DRAFT,2026,"9215799f-1e4c-468b-94fa-ad6ae885b37c, 39f58f2c-22c4-44be-b809-87102b363adc",42956,,CANCELLED_ON_NEGOTIATION,Tidak,K34,BALAI PELATIHAN VOKASI DAN PRODUKTIVITAS SURAKARTA,DL.4059.SCO.001.051.DL.521211,APBN,01KY1YEB1ZKCDN6DDGAP2MNRA5,30601000,66351379,2,01JJ1ARRF06SG36TNKRH4DBQ0N,035636,266520009,,"Pengembangan dan Peningkatan Produktivitas Tenaga Kerja Binalavotas, ",efbb911a-59d7-54a0-816c-d0c9fbaa93e6.p5yMOuelbiIVrKyF.rS5afRQJpvXnTjQ5BH1InX4W4AuNQguN3qAxIjYxU4s
Fullboard Meeting dalam rangka Manajemen Kinerja,COMPLETED,2026,"3d53893c-96e6-4862-94c1-6bd17196aad8, a75bfbb6-b810-4375-8146-6e18ae707062",75,0,COMPLETED,Tidak,K34,SEKRETARIAT JENDERAL KEMNAKER,WA.2159.EBD.961.051.0E.524119,APBN,01KY3WX5X43B3GDW8J8CWSZYVJ,74820000,67538674,2,01JKQ5DS01S0J7Q5Q01SJ8MC8Y,450938,5578114,2026-07-22T00:00:00Z,"Peningkatan Pengelolaan Organisasi, Ketatalaksanaan dan Kepegawaian, ",efbb911a-59d7-54a0-816c-d0c9fbaa93e6.p5yMOuelbiIVrKyF.rS5afRQJpvXnTjQ5BH1InX4W4AuNQguN3qAxIjYxU4s
 Pengadaan Jasa Layanan Internet (periode April - Desember 2026),COMPLETED,2026,e44120eb-1aaf-4f5f-b817-d3b4fb2d638d,1,0,COMPLETED,Tidak,K34,BALAI BESAR PERLUASAN KESEMPATAN KERJA,WA.6621.EBA.994.002.0c.522119,APBN,01KWV281TJPQ7CSDRAX8FWT7VN,28860000,66023615,1,01JD1AEPSHWYGXZ0JKGX3VSRPN,259322,12616047,2026-07-06T00:00:00Z,"Dukungan Manajemen Ditjen Pembinaan Penempatan Tenaga Kerja dan Perluasan Kesempatan Kerja, ",efbb911a-59d7-54a0-816c-d0c9fbaa93e6.RbC4gAjYfVLgw6nQ.vKlw7qzv245BRUsPoxizmIYfblFRdDNZplLZVPgwLWQ
"Paket Meeting Fullboard Peserta, Panitia dan Moderator",COMPLETED,2026,447b199f-86df-4bd1-b2a2-ca432cf350f9,46,0,COMPLETED,Tidak,K34,DITJEN PHI DAN JAMSOS,DN.6587.PBK.001.051.0A.524114,APBN,01KKFA627XFHZAR3JF2CA3WKX7,54740000,66089592,1,01JXC10X2YKR87NSQ9G5Q9V9YM,451310,0,2026-03-12T00:00:00Z,"Peningkatan Pembinaan Hubungan Kerja dan Penerapan Pengupahan, ",efbb911a-59d7-54a0-816c-d0c9fbaa93e6.RbC4gAjYfVLgw6nQ.vKlw7qzv245BRUsPoxizmIYfblFRdDNZplLZVPgwLWQ
Pengadaan Jasa Konsumsi Peserta Pelatihan Kegiatan PBK Reguler UPTD LK Kota Cilegon,DRAFT,2026,bfbc4d61-5a43-4755-8f93-f69a849779a7,1836,0,ON_PROCESS,Tidak,K34,BALAI BESAR PELATIHAN VOKASI DAN PRODUKTIVITAS SERANG,DL.4057.SCO.035.055.0B.521211,APBN,01KXYRNY70JV31Y3SKFPM8C62W,36352800,66282159,1,01K9RSESWX1BJXXF2E7MCDGQFT,426531,0,2026-07-21T00:00:00Z,"Peningkatan Penyelenggaraan Pelatihan Vokasi dan Pemagangan Binalavotas, ",efbb911a-59d7-54a0-816c-d0c9fbaa93e6.RbC4gAjYfVLgw6nQ.vKlw7qzv245BRUsPoxizmIYfblFRdDNZplLZVPgwLWQ
Langganan Sewa Komputasi Awan SIAPkerja,DRAFT,2026,a16bf88a-cf13-44d8-a39d-c8353ea5a30f,12,0,ON_PROCESS,Tidak,K34,BADAN PERENCANAAN DAN PENGEMBANGAN KETENAGAKERJAAN,WA.6624.EBA.994.002.BC.522141,APBN,01KDN8AYQQKSGQ9BWZV1E2MYT2,24600000002,62246054,1,01JQ5W9WRJRV77789QSH0Q5RKX,452677,22858127,2025-12-31T00:00:00Z,"Dukungan Manajemen Badan Perencanaan dan Pengembangan Ketenagakerjaan, ",efbb911a-59d7-54a0-816c-d0c9fbaa93e6.RbC4gAjYfVLgw6nQ.vKlw7qzv245BRUsPoxizmIYfblFRdDNZplLZVPgwLWQ
Bahan Pelatihan Tailor Made Training 40 JP B,COMPLETED,2026,7edd560d-713b-48a6-a868-a4132fd4c6d0,1,0,ON_PROCESS,Tidak,K34,BALAI PELATIHAN VOKASI DAN PRODUKTIVITAS SIDOARJO,DL.4057.SCO.003.053.0A.521211,APBN,01KY4211CA8XCC9WC3GZ01W9M1,9296028,66473758,1,01JBANK0M75W3E7ZJ6P77ZAXDP,050302,0,2026-07-24T00:00:00Z,"Peningkatan Penyelenggaraan Pelatihan Vokasi dan Pemagangan Binalavotas, ",efbb911a-59d7-54a0-816c-d0c9fbaa93e6.RbC4gAjYfVLgw6nQ.vKlw7qzv245BRUsPoxizmIYfblFRdDNZplLZVPgwLWQ
Pengadaan Bahan Pelatihan Vokasi UPTP RM (60 Paket),COMPLETED,2026,"1ff11c8b-b6c5-4e5c-8067-0f834103ba7e, 9b9a1d83-6600-46dc-9a48-4866600e5f83, 009b6061-4b98-436f-9a16-d6198775c051, 84aad9b8-a6c9-492c-bf94-2c185a7b9468, 32ffde59-b271-4ce4-b856-7223e2f69f7d, 813d941d-45ed-4063-9c8d-c9bdaf27399b, 99e7b1cf-81fb-4c4f-aaf4-ffae81e164c8, 8ee2e3eb-6ac8-4c51-9501-9511d6d4b776, 66d91bfb-5c45-425a-b19a-94089ab8628d, bc22e2b1-a9e1-4edb-a5c4-429b633afec5, 53755572-2d15-4cbf-9642-54bd2964a144, 63eb6da0-7392-42b0-a29a-7c417676ce4b, 43a68109-eb5f-4819-97cf-36a5d6c1f25c, cbb54a86-e21e-4051-914e-026ec69f6c38, 42b56a56-26e0-4b45-9931-c59b7290f495",141,0,COMPLETED,Tidak,K34,BALAI BESAR PELATIHAN VOKASI DAN PRODUKTIVITAS SERANG,"DL.4057.SCO.003.051.0B.521211, DL.4057.SCO.003.052.0A.521211, DL.4057.SCO.003.052.0C.521211",APBN,01KKDC1VR6HP7BH7PJ106MNKCW,17947035,66342568,21,01JZSP8YSK8DC78JVR8CZQCQ1H,426531,0,2026-03-16T00:00:00Z,"Peningkatan Penyelenggaraan Pelatihan Vokasi dan Pemagangan Binalavotas, ",efbb911a-59d7-54a0-816c-d0c9fbaa93e6.RbC4gAjYfVLgw6nQ.vKlw7qzv245BRUsPoxizmIYfblFRdDNZplLZVPgwLWQ
Belanja Jasa Lainnya - Persiapan Pelaksanaan Program Perluasan Kesempatan Kerja Bidang Tenaga Kerja Mandiri,DRAFT,2026,7907e2ff-0cb3-4d2d-9a39-a2e0f7301fa3,40,,CANCELLED_ON_REVIEW,Tidak,K34,DIREKTORAT BINA PERLUASAN KESEMPATAN KERJA,DN.2175.BDC.003.051.0A.522191,APBN,01KRG56TZ6QXSABAM483DR5P75,289138040,66117381,1,01JBY93PFF67PZKX4A22Z15V9M,626041,5757127,,"Perluasan Kesempatan Kerja, ",efbb911a-59d7-54a0-816c-d0c9fbaa93e6.RbC4gAjYfVLgw6nQ.vKlw7qzv245BRUsPoxizmIYfblFRdDNZplLZVPgwLWQ
6988.EBA.994.002.J.522191.001057 Jasa Alih Daya Satpel Jambi,DRAFT,2026,bc0f8bb8-0a70-4ab6-a3cb-cf5608e4959a,10,,CANCELLED_ON_NEGOTIATION,Tidak,K34,BALAI PELATIHAN VOKASI DAN PRODUKTIVITAS PADANG,WA.6988.EBA.994.002.0J.522191,APBN,01KR0D075WXHWQTFJGY0VTG47A,56500000,65868426,1,01KCT9QZYDTNAMGMAHS5W5EH38,089378,0,,"Dukungan Manajemen Direktorat Jenderal Pembinaan Pelatihan Vokasi dan Produktivitas, ",efbb911a-59d7-54a0-816c-d0c9fbaa93e6.RbC4gAjYfVLgw6nQ.vKlw7qzv245BRUsPoxizmIYfblFRdDNZplLZVPgwLWQ
Belanja Bahan Pelatihan Vokasi Bidang Industri dan Jasa Reguler,COMPLETED,2026,"4c83ff23-a80f-4923-94f2-b47bba42cb6b, 51788880-69d9-450b-a5b4-dbb1a7207c7a, 17a8d5f9-8d8e-4e1c-bb59-d30aeeadd6a3, 37780655-05b7-4cab-9fe7-49c9727939de, d2174cb1-01e7-4d13-8256-29f3191bde07, 69f6768e-7b9c-4813-8404-fc75a482600a, 1aa9cbc7-4d1e-4703-a990-c47d4a1c9b97, 8a3f5ad4-f853-47eb-9926-85ab00242f7f, 804be849-b671-4974-8dd0-94f83095431b, fd26befa-f3f5-47f0-8ef0-478d0240db00, 5daf0161-ade5-428c-a569-2b268c4bdfc5, 96762063-e32b-46a6-9837-745f813ef0bc, b429c352-19b7-43b6-a6b9-658b71fa03bd, ed85ced9-da8e-4a21-983c-9de337b294ac, b9b720be-0ad6-477b-a944-241f2932e6a1, 96b6350d-a5b8-4465-855c-018b3cbd2cd5, 724cea9d-da05-4784-8896-e6dd172f0d93, adc89d44-7c17-46f4-a67d-a6a8f7429d9e, 1ca9b398-9048-4841-a58f-cc2ffd68f66e, 9a0ea854-579c-46a8-b0d0-58ffeb20df30, e3032308-ba54-4fa9-b1cd-ab82057593e6, 22da6e27-4e7c-4d02-8a5a-4e5a67f1daa4, 066b1d0b-8ce9-4fd9-ba6b-a1507a614207, 124bdbf7-dbaf-48b1-8659-da6daee867f6, f5b78a4e-dfd3-4ddc-90df-83eca9a7e72c, 87c9ab4a-b578-4184-9235-fba9e59c92d3, 594f49ff-6d56-40d4-ac3b-d15aa4df5094, 8147f9f8-ae26-413f-bfdf-f30b01f6a3a2, a48845ac-b141-4298-8173-f4d9c48d0735, e95cd575-837f-4f37-9f79-e0f0b2e7b9c5, 54a70c70-8540-4da5-b39b-d9c2b0520aa7, 36fdc37c-c92a-45cb-a938-52e12c32e6fd, 0d7525fb-9b17-4e3e-ae7e-10cf788c9e46, af05271b-b7eb-41fb-a74d-1c2491fdba42, 3a07a5de-f7f4-46dd-8864-82e10654f273, d5ae4527-7138-46fe-966b-9b445144d12f, 1b8c8332-de27-42f4-83bc-e3c8600165b8, e59129f8-edcb-439f-a671-9eca4f3ab2ba, f5e48089-0611-4eb0-b8da-2ad8faf4954e, 50dd71d7-48b3-40a8-b6a1-f00c38950794, b2c815a0-cdf1-4c92-91e8-362eed1d656e, 6941a3c1-42d3-4e52-8da0-afab05104e99, 3d255773-62fb-4f8b-8d0e-36930c0d6ad9, dace7db4-1477-4b30-a930-46ea79f83752",738,0,COMPLETED,Tidak,K34,BALAI BESAR PELATIHAN VOKASI DAN PRODUKTIVITAS SEMARANG,DL.4057.SCO.003.052.0A.521211,APBN,01KJYE9E25PYB4B1ZFJ7YCPMTA,32692164,65956099,44,01JY61XM4G13MY1MYNDAVFQ9B1,452609,0,2026-03-05T00:00:00Z,"Peningkatan Penyelenggaraan Pelatihan Vokasi dan Pemagangan Binalavotas, ",efbb911a-59d7-54a0-816c-d0c9fbaa93e6.RbC4gAjYfVLgw6nQ.vKlw7qzv245BRUsPoxizmIYfblFRdDNZplLZVPgwLWQ
Pelatihan Vokasi di Provinsi Jawa Timur UPT BLK Jember,COMPLETED,2026,c30b48d9-61c6-43e8-8487-1f3cd0883114,48,0,COMPLETED,Tidak,K34,BALAI PELATIHAN VOKASI DAN PRODUKTIVITAS BANYUWANGI,DL.4057.SCO.013.053.OA.521211,APBN,01KVZEG71RABNZVV9MT4067WXE,4799995,62259089,1,01JV9JF9DJ1EQPNGXE1XE25X0J,051102,0,2026-06-29T00:00:00Z,"Peningkatan Penyelenggaraan Pelatihan Vokasi dan Pemagangan Binalavotas, ",efbb911a-59d7-54a0-816c-d0c9fbaa93e6.RbC4gAjYfVLgw6nQ.vKlw7qzv245BRUsPoxizmIYfblFRdDNZplLZVPgwLWQ
Belanja Bahan Pelaksanaan Sertifikasi Lulusan Pelatihan Vokasi (PNP),COMPLETED,2026,"76a0766c-3528-49dd-8f0c-64456c86405d, c7ae8fef-4599-474c-b659-7c5c9ff95f0a, bd71b4db-03aa-4109-b983-203426bb9fae, 5dbecf76-1bc7-4863-9349-c11725c2013d, 79f26e21-4997-42ba-bced-317b4dfd642d, 8f98a452-89ae-445c-ab8a-8afc866df28b, c712becd-83f8-4984-8ada-99227c70203f, 7f4645f3-1659-420c-be85-c5a859904870, 42690485-1b59-4061-8492-232d9375d550",330,0,COMPLETED,Tidak,K34,BALAI BESAR PELATIHAN VOKASI DAN PRODUKTIVITAS SEMARANG,DL.4053.PDI.002.051.0A.521211,APBN,01KN148WXR6EXFJ9C31MVTHRWB,6567093,66185662,9,01JYDESZTP0YA22FBCZT8CDSRE,452609,0,2026-04-01T00:00:00Z,"Pengembangan Sistem dan Pelaksanaan Sertifikasi Kompetensi Profesi Binalavotas, ",efbb911a-59d7-54a0-816c-d0c9fbaa93e6.RbC4gAjYfVLgw6nQ.vKlw7qzv245BRUsPoxizmIYfblFRdDNZplLZVPgwLWQ
Pengadaan Jasa Konsumsi Peserta Pelatihan (90 Paket),DRAFT,2026,bf650ec5-4e3b-4d22-8282-f426540aa3e1,6608,0,ON_PROCESS,Tidak,K34,BALAI BESAR PELATIHAN VOKASI DAN PRODUKTIVITAS SERANG,"DL.4057.SCO.003.051.0A.521211, DL.4057.SCO.003.051.0B.521211, DL.4057.SCO.003.052.0A.521211, DL.4057.SCO.003.053.0A.521211, DL.4057.SCO.003.053.0B.521211, DL.4057.SCO.003.054.0A.521211, DL.4057.SCO.005.052.0A.521211, DL.4057.SCO.007.052.0A.521211, DL.4057.SCO.008.052.0B.521211",APBN,01KXYPBKSQWKFV4TZWD8K8TSP4,130838400,66344371,1,01JY10RH71H8NY6AVVH40AA14A,426531,0,2026-07-21T00:00:00Z,"Peningkatan Penyelenggaraan Pelatihan Vokasi dan Pemagangan Binalavotas, ",efbb911a-59d7-54a0-816c-d0c9fbaa93e6.RbC4gAjYfVLgw6nQ.vKlw7qzv245BRUsPoxizmIYfblFRdDNZplLZVPgwLWQ
Sosialisasi Ketenagakerjaan di Media,DRAFT,2026,479f3c40-4d3a-4626-8f27-d0b85961a1df,40,0,PAYMENT_OUTSIDE_SYSTEM,Tidak,K34,SEKRETARIAT JENDERAL KEMNAKER,WA.2163.EBA.958.054.0A.522191,APBN,01KMHZMJXCRFPWSP840VVAY1MY,239937600,65135780,1,01JHMK6ZDKQVQEZGJW1FM4FTA4,450938,480683,2026-03-25T00:00:00Z,"Peningkatan dan Pengelolaan Hubungan Masyarakat, ",efbb911a-59d7-54a0-816c-d0c9fbaa93e6.RbC4gAjYfVLgw6nQ.vKlw7qzv245BRUsPoxizmIYfblFRdDNZplLZVPgwLWQ
Bahan Operasional Penyelenggaraan PBK di UPTP,COMPLETED,2026,"3d78e95b-bfaa-4a3e-8aa0-fbf3f2e45917, 5fbd5b2b-37a0-413b-b756-de22f7b7d763, 00f702b5-5117-4ccd-a8e5-413b3550cded, 86c9d5b8-64b2-4493-9c4c-01592538909d, a6b9377e-0327-41cd-971d-ddaf021f6daf, f0d1aaf3-280a-423d-9c9e-7fe663a3d76d, 31912f50-d4b8-440f-a416-77201ea2ef9e, 0439188a-2e31-4ef6-8946-311cd8580520, 1d323f61-fc32-4b76-9cb3-e080d33b9900, 5a5b3f9f-3269-4781-a2af-51d0b6f8e20a, 9b95865e-5db4-4ece-88ac-9347f7dfa481, d4926820-e2de-4d3a-911a-2414880741c8, 5ab39840-82b3-4d1e-999d-045d9b205380, b88b2dea-9994-4e43-9c14-7b8c6becdc7a, 108ecbfa-2b2a-4991-b65e-a2b28da169b3, eeccbe2c-33d7-4bfd-8e6b-73b76cef9c17, 55991d94-fcc1-4f09-87c4-863caea74dce, 8b273d2d-1fa7-4046-97d2-8e73f4c8152b, 28a5a538-f330-4d2a-99af-f5242d7fcfa0, b5204e02-0b2d-4e68-933b-b0874f9348f9, aea9d96d-1e2d-4136-918e-483093964a1f, 6c9207c9-f3a2-40a0-94f0-c8b044bbbdf4, 85bd718d-1fa0-4003-b0ac-2585329a267b, a2b38742-9c60-4fa7-af99-aa51bf1b1c8e, 93f40cac-4484-4a0a-8781-d52ef67dbd00, 4a1ca058-073c-4f91-b470-a550aa7fbe47, a7119238-76c0-430d-a7a2-86817e26061a, 4532cfb8-5736-4890-af64-06b5a172a646, 97543e46-424b-438e-8b2d-9a08f84d317e, fdb1bafa-b7f6-4dec-8b7c-db4756c41795, b305986a-2ca7-4639-b1d5-e9cfdfe2fc07, 4ef7a537-b4cf-4f61-9fe2-31201a4be24b, f20905fb-ab10-458b-b602-bbaabcc22385, 80b115d1-9779-4d3b-83d0-6aec50d4bef3, 9eb215a9-0693-4143-aba7-217209f62eb5, dacb1ac5-18a0-47bb-83e8-d1a8c74a9689, 25c372c8-c32f-4b05-b070-b8fc956c2ccf, 6da924e2-fab1-402d-8bca-228f355e31f6, aa52988a-cf85-4f0a-a98e-bbc7a74fddba, 283c298b-18ed-450e-ab52-8486099dbdcf",362,0,COMPLETED,Tidak,K34,BALAI BESAR PELATIHAN VOKASI DAN PRODUKTIVITAS BANDUNG,DL.4057.SCO.003.074.0A.521211,APBN,01KK86SQG6BRE5RV4GCZ3FWCT0,6164812,66212079,44,01JHSSH76S3PTRW26C3E7A19B8,452542,22695014,2026-03-09T00:00:00Z,"Peningkatan Penyelenggaraan Pelatihan Vokasi dan Pemagangan Binalavotas, ",efbb911a-59d7-54a0-816c-d0c9fbaa93e6.RbC4gAjYfVLgw6nQ.vKlw7qzv245BRUsPoxizmIYfblFRdDNZplLZVPgwLWQ
Pengadaan Bahan Pelatihan Vokasi UPTP RM (60 Paket),COMPLETED,2026,"7f60fc28-060a-466a-9914-1ffd4d6bf228, b73a040e-8ab1-4fa9-88ee-90108b7ba4fb, 41746ef9-4577-4f29-ab89-78a8c9871396, 63e27dc7-8a48-40b7-8daa-fb215c03b5e8, 26a39868-99b6-4663-9445-0dd8791addd0, 22ca08b8-d333-480f-bc78-b9c0a66adff0, 0de6d5cc-66c3-4540-aeb4-f567c5197116, 7b047fa0-b940-4d9d-a7c0-1707c11fe788, 2a03db78-3bb0-4dc4-9c85-fdc68e5b0b24, 0cb93240-55e1-4657-a214-76054428632b, b8840a40-2450-47c9-ad94-43ecbf3a8501, 277e32b2-9ae7-4931-a71d-2c8c883222ce, c7669dc7-9a9c-47a0-9e26-1b01809896a5, 457a3d3e-1834-4502-9b77-224c021c9baa, ccfae6ba-52e2-42ec-8ba1-90e318e52700, fb6b52bc-551e-4f0d-a79c-677b653d4ede, 998c0458-dbfc-449e-9ed1-f87155d44f87, 48b8d4e0-fdb6-4987-ac86-57a3420d65e7, 0bceca1a-30da-413f-aa67-e764b61ec6ed, bcca7bdc-562f-4f09-981b-72b490f139f8, 4303cf19-1135-4b27-8648-1979f8adca0a, 07218a5f-b702-45ca-9df5-61084ff38582, eb940528-ab28-4fc9-a8ac-aec0d0c75f42, be39e832-2314-4edb-8534-e3f3d6465a88, 4e590546-3904-440f-9e8b-7c434ff0966e, bb383451-9d0b-40dd-b144-8c96f6acf58f, b32113fe-9173-4f67-9a84-0b1dacf6a87e, 5bbdae4f-1230-4144-9035-7e1fa7c622fb, 59a4681a-7ba5-4b85-93ab-6293c2d778de, e1ef4685-f35e-4a65-b5a4-0e01c9d2bff9, 13e41781-a3aa-4ec0-8553-ebd621c0470f, 20ea874b-31b5-482a-8af5-a64176f63823, 42f4009d-6ae6-4cfd-84f0-042e379577fa, b2d072b2-d33a-4f0e-b4f8-49d3b9c0acca, 725ea78b-03d5-40fb-92e0-5a080d03649b, 8e7496d3-1744-45b2-b261-830ca2deb0bf, 2349508f-8c21-4ded-b466-196fe33c97e4, d0ed76ba-0442-4db3-b266-7cc97b2bc1be, cf58a2af-c9bb-4e61-b94d-838d78aa8235, 99a8d3c8-94b9-4ce7-b533-80c789626e64, befedeca-cf49-46cc-a406-2686590bcd43, edef1e67-2506-4ecb-9574-c420103660ba, ece9a168-1a9a-4c62-9f1a-d88bcb6041ac, ab5ad1f9-724a-4020-969e-a9c43e728713, ee4fb738-9785-4a6e-85fd-d5aab93006ee, 540ab342-283c-4b4a-ad42-06d661e7c6d4, 4ebdc6b4-a5c7-4358-b36d-94bd9be28817, 55eb755c-5b94-4822-baff-4220513c3f58, 33637491-733f-47a0-8f5f-3aadba67cfc3, 811d11e7-a322-4ef6-8914-3763e6ef7d41, 26e2cb42-4df4-4271-9187-2060e7339663, db826548-6d74-4ede-805e-b686048d34ac, fa3e76a0-a55e-4e28-b63b-226cbbf2c492, e8ce5e69-d85a-4499-9214-d911c0206ea6, d06e5ecc-0fcc-4456-bae3-ab2b1f7a9295, 74527a49-bfb8-4729-82f1-0ee8218d550f, 1eb3f200-c362-426f-8f8c-e9b0ef8baa4d, e9694863-d823-479d-a401-0222e9b76641, 21444ee2-74ed-44f3-9060-b9ded900d177, f5fd747e-3045-45a6-9dd2-b8890172308b, 9f72aa28-160c-4542-a798-229571c8c7fa, 9caa512b-3143-48d5-80f0-dbcb838a72ba, 87f6a325-81e7-42e3-933c-ba3673c66be3, 231b7930-46bc-451e-a009-f3ef38bf8861, 3c4908fc-1887-45c4-9581-5a7b5dbeb39b, 52c06a0a-1162-40be-869a-f86f94afaebf, 1ed21b79-19fe-4d83-ae63-aa4da458d771, b2b487c0-1fc6-4d92-9ba5-ecc844f89ac8, 3f59e580-b457-4792-82fb-303cba3b6018, 704f8dc9-6858-4baf-b454-89cd992dcd5c, 56bab1cb-3649-4527-a091-4895a403829f, 9cf8544d-6241-45f7-bb57-b27e07de2e59, 669e17ea-6e79-4da6-992a-0210b2dc05ad, 5c0f94b6-93d2-4bcc-be82-f195c276fc0c, 29e8533e-01cc-4ef7-9f11-55bab02ec5dc, 1a8d68bf-a76c-4f52-8497-cb1972d23217, ab493927-7ad8-4a25-b637-475a3667732f, 275d0932-8398-49c3-ab3b-d294ae646f19, fd54d993-18c4-4a48-b9a1-ab1e1089e15f, 92bf7051-6633-4c13-864d-e45b70e4006a, 71b2928d-a775-4f0a-8ed3-ac9eb0ff6644, c8070e1f-5d64-4dac-bbfd-0ad8cc93c3cc",3204,0,COMPLETED,Tidak,K34,BALAI BESAR PELATIHAN VOKASI DAN PRODUKTIVITAS SERANG,"DL.4057.SCO.003.051.0B.521211, DL.4057.SCO.003.052.0A.521211, DL.4057.SCO.003.052.0C.521211",APBN,01KKDRA79BJRWPEY7RR061HSXD,197586105,66342568,108,01JRS73EC81MM9JM6Z4608CME9,426531,26434127,2026-03-16T00:00:00Z,"Peningkatan Penyelenggaraan Pelatihan Vokasi dan Pemagangan Binalavotas, ",efbb911a-59d7-54a0-816c-d0c9fbaa93e6.RbC4gAjYfVLgw6nQ.vKlw7qzv245BRUsPoxizmIYfblFRdDNZplLZVPgwLWQ
Konsumsi Peserta Pelatihan Vokasi Nasional (UPTD),DRAFT,2026,71c76d66-f086-46ee-a0d4-ab70c40c6e45,11456,0,ON_PROCESS,Tidak,K34,BALAI BESAR PELATIHAN VOKASI DAN PRODUKTIVITAS BANDUNG,"DL.4057.SCO.010.055.0A.521211, DL.4057.SCO.010.056.0A.521211, DL.4057.SCO.010.058.0A.521211, DL.4057.SCO.010.061.0A.521211, DL.4057.SCO.010.062.0A.521211, DL.4057.SCO.010.063.0A.521211, DL.4057.SCO.010.064.0A.521211, DL.4057.SCO.010.068.0A.521211",APBN,01KW0R3XS8KWBBMSZKXDRM1TAB,226828800,67364613,1,01J8QJDE31QWHQ6G14Z67Z28D5,452542,0,2026-06-26T00:00:00Z,"Peningkatan Penyelenggaraan Pelatihan Vokasi dan Pemagangan Binalavotas, ",efbb911a-59d7-54a0-816c-d0c9fbaa93e6.RbC4gAjYfVLgw6nQ.vKlw7qzv245BRUsPoxizmIYfblFRdDNZplLZVPgwLWQ
Belanja Bahan Pelaksanaan Sertifikasi Lulusan Pelatihan ,COMPLETED,2026,"3a04e736-1c9a-4c00-9347-7e80089aef50, 93e6ce00-c38f-4c7c-bde7-12836e19eca4, 505d7364-a43c-4b3f-987f-ed00e2fbe104, 5c32ad3e-5c21-4bd3-b539-7c3008cb5e4a, 20ea42cd-c2ad-43a9-8d67-eef4c5381682, c2560eda-18ad-4c4c-80f7-1f8abca53e62, f18817dd-df37-4456-aba6-31f391a958ba, 9227cdf2-75e7-4d2a-aaaa-5c4d9b60cf6d, ae8ce8a0-0d45-4dee-8e28-2dd557b27794, 25f1aa9f-c970-49fc-ad39-eba494917291, 999480c9-5ed3-48bf-9e51-aa1c54f0ac47, 0ce226c6-57fc-457c-8700-7e3c3e80d4b5, 3a63bb1b-4038-4b9a-a8ef-66ede4434d43, a86b73ec-4953-40bf-b634-879b74b896fc, e3a89f6d-2268-499c-8031-62b8cd875328, d7f7b1ad-4eb7-470f-b6a2-22e1b7cbe9e1, 829d8b2e-912e-4dac-82f3-a770f75fc146, 55ea06e8-046f-4646-a97f-16c14a575b7e",53,222000,COMPLETED,Tidak,K34,BALAI BESAR PELATIHAN VOKASI DAN PRODUKTIVITAS SEMARANG,DL.4053.PDI.002.051.0B.521211,APBN,01KXMBHENA5N7DTTFDG09KQD4X,3382725,62801553,18,01J81QPN27R0FDVY86ZEFZ77TW,452609,2502042,2026-07-16T00:00:00Z,"Pengembangan Sistem dan Pelaksanaan Sertifikasi Kompetensi Profesi Binalavotas, ",efbb911a-59d7-54a0-816c-d0c9fbaa93e6.RbC4gAjYfVLgw6nQ.vKlw7qzv245BRUsPoxizmIYfblFRdDNZplLZVPgwLWQ
Belanja  Bahan Menjahit ,COMPLETED,2026,"5f39a6e0-fca3-438f-a54c-29c309948451, c985315c-2e86-484e-8223-512f2bb1bf54, 3ffaa972-f013-4337-b2f4-90616b204dcb, 629b2d83-55a5-482f-a471-cf220a69f871, 4d81f39b-5dbf-4508-8bef-df18d2f41cb6, f52a4416-15dd-437a-a1a3-ee5e58f330fc, f9762c39-eddc-44e9-ab85-165e6a487cea, cc907293-1de7-4b8b-a81e-5d6e06d7bf10, 97789f37-ae96-435e-91c8-52876a674a68, e5ca6061-34fb-4600-9a15-ab946626c5b1, 5db142d4-ba53-4dfb-8309-a573a53f49e4, c22a6622-acae-4fef-84c4-830166a4b1b4, 4135201b-8a83-4aaf-94ea-6d45d7e3fdd1, 2a1c4e54-0427-4743-b078-8fe77b87d6eb, 1a82cc26-86cc-4e89-a4be-9b426090ac1b, dc1b7fb8-0bde-43a5-bb41-768de8134fc9, 9182d7cf-08b6-4937-a344-dc8014917a79, 6ab0187e-d64d-4d66-9563-75e660f12f58, 9e62e3f0-2d9a-476d-bc80-b922afe19b6e, 90df4d13-09c2-4e48-b093-9d16a48fbcac, 0de3535f-de5b-46ca-9059-89804c0dfe34, 7a688489-0d7d-4276-8dd6-4603225b4391, 939d4669-8fc1-4c12-93a9-65948b4b6d01, a4458f06-c240-4777-8ecc-3e761c97e3d5, 202db809-8772-4e64-85b3-32a1d5975f4c, ce693667-9cae-403f-b111-281f7b20f07f, db93133a-8607-4179-9995-a6a68fe18854, 6f9abe65-caef-4032-8d18-4140dc866eef, c3e28f01-62fb-4fd5-9b7d-d9e857b31311, b99ede6f-7a72-49b1-8dca-dd2bcd15daa1, d4dab787-c78d-4964-b2fd-d7743e37f6a4, 868d55c6-397a-4c1c-b54c-147f67b9548e",447,0,ON_PROCESS,Tidak,K34,BALAI PELATIHAN VOKASI DAN PRODUKTIVITAS BANTAENG,DL.4057.SCO.027.055.02.613191,APBN,01KZ2XCJ9301Z9WESK41G5QMV6,15000000,67560993,33,01JGDCZGBWC05YQ7QD3SND17KF,191206,274290009,2026-08-03T00:00:00Z,"Peningkatan Penyelenggaraan Pelatihan Vokasi dan Pemagangan Binalavotas, ",efbb911a-59d7-54a0-816c-d0c9fbaa93e6.RbC4gAjYfVLgw6nQ.vKlw7qzv245BRUsPoxizmIYfblFRdDNZplLZVPgwLWQ
Pengadaan Pakaian Kerja,COMPLETED,2026,ebe4b65b-fb95-4218-8baf-5fe9b0f53e80,48,0,ON_PROCESS,Tidak,K34,BALAI PELATIHAN VOKASI DAN PRODUKTIVITAS BANYUWANGI,DL.4057.SCO.030.054.0A.521211,APBN,01KXXKNJCM21RTJJZBYCGBT8GD,9360000,67511144,1,01JH9VCW4V0DDNPS36WA7MESYR,051102,1988033,2026-07-22T00:00:00Z,"Peningkatan Penyelenggaraan Pelatihan Vokasi dan Pemagangan Binalavotas, ",efbb911a-59d7-54a0-816c-d0c9fbaa93e6.RbC4gAjYfVLgw6nQ.vKlw7qzv245BRUsPoxizmIYfblFRdDNZplLZVPgwLWQ
"Pakaian Kerja PBK Teknisi dan Reguler Bidang TIK, Industri dan Jasa, Infrastruktur,  Pariwisata dan Industri Kreatif,  Pertanian dan Perikanan.",DELIVERED,2026,fff5c51a-9344-4e8c-a542-9252d1ddd16f,208,0,PAYMENT_OUTSIDE_SYSTEM,Tidak,K34,BALAI PELATIHAN VOKASI DAN PRODUKTIVITAS BANDA ACEH,"DL.4057.SCO.003.054.0A.521211, DL.4057.SCO.004.052.0A.521211, DL.4057.SCO.004.054.0A.521211, DL.4057.SCO.005.052.0A.521211, DL.4057.SCO.005.054.0A.521211, DL.4057.SCO.006.052.0A.521211, DL.4057.SCO.006.054.0A.521211, DL.4057.SCO.007.054.0A.521211",APBN,01KKJTPYADN8MGQV0B7XKSY3JW,35360000,66456574,1,01JCTMQA7CXPF96TWY5F54W8C9,065106,4333020,2026-03-25T00:00:00Z,,efbb911a-59d7-54a0-816c-d0c9fbaa93e6.RbC4gAjYfVLgw6nQ.vKlw7qzv245BRUsPoxizmIYfblFRdDNZplLZVPgwLWQ
"Belanja Sewa, PERAWATAN PEMELIHARAAN KENDARAAN RODA 4 DAN SEWA KENDARAAN PIMPINAN",DRAFT,2026,4fc8a94a-084b-4485-9b05-996516c110af,8,0,ON_PROCESS,Tidak,K34,DITJEN. PEMBINAAN PENGAWASAN KETENAGAKERJAAN DAN K3,WA.6622.EBA.994.002.KD.522141,APBN,01KQ6B6NF8W60429F39FJX561K,105999672,66185581,1,01JP9PV4XPVXXTVPBPR4WJWBDT,651870,0,2026-04-30T00:00:00Z,"Dukungan Manajemen Ditjen Pembinaan Pengawasan Ketenagakerjaan dan Keselamatan dan Kesehatan Kerja, ",efbb911a-59d7-54a0-816c-d0c9fbaa93e6.RbC4gAjYfVLgw6nQ.vKlw7qzv245BRUsPoxizmIYfblFRdDNZplLZVPgwLWQ
Pengadaan Bahan Sertifikasi Lulusan (231 Paket),COMPLETED,2026,"a112f64c-f783-41ca-9b9e-e962bc1ce9df, aad4e05f-9b4c-4fba-ab98-481737be2f8d, 5ac05b7d-4f42-4ac9-9c07-889769c2ddd1, 97cb08a5-5f53-4f7f-88e2-ddc8214885e4, 8557b708-57bb-4fb0-914e-d7894c655fcc, 66d91bfb-5c45-425a-b19a-94089ab8628d, 0adf6546-3a79-4e11-b6de-c85f83f312a7, 9b9a1d83-6600-46dc-9a48-4866600e5f83, 63d64c6b-5012-4c1e-a343-263494d5b8a6, 29019fff-ffec-4f72-927b-25ddd9f32633, d78ad2b0-055b-49c5-b500-c21507de07ac, 4713bc12-7906-4629-9a3e-ceca33337394",143,0,COMPLETED,Tidak,K34,BALAI BESAR PELATIHAN VOKASI DAN PRODUKTIVITAS SERANG,"DL.4053.PDI.002.051.0A.521211, DL.4053.PDI.002.051.0B.521211, DL.4053.PDI.003.051.0A.521211",APBN,01KQ6HFKTZASMTHE5YRSRFNF4V,2860581,63091859,13,01JZSP8YSK8DC78JVR8CZQCQ1H,426531,0,2026-04-29T00:00:00Z,"Pengembangan Sistem dan Pelaksanaan Sertifikasi Kompetensi Profesi Binalavotas, ",efbb911a-59d7-54a0-816c-d0c9fbaa93e6.RbC4gAjYfVLgw6nQ.vKlw7qzv245BRUsPoxizmIYfblFRdDNZplLZVPgwLWQ
Paket Fullboard Peserta dan Panitia,DRAFT,2026,e5df2fa3-3e34-4bc1-9e04-3940a1b6ed5b,66,,CANCELLED_ON_NEGOTIATION,Tidak,K34,DITJEN. PEMBINAAN HUBUNGAN INDUSTRIAL DAN JAMINAN SOSIAL TENAGA KERJA,DN.5586.PEF.001.051.0A.524114,APBN,01KN476NHHP5483DPQPH7XAN4P,65010000,66258191,1,01JRVP1MD5MR99ZJ6GMRH31K8V,451270,0,,"Peningkatan Penerapan Jaminan Sosial Tenaga Kerja dan Fasilitasi Kesejahteraan Pekerja, ",efbb911a-59d7-54a0-816c-d0c9fbaa93e6.RbC4gAjYfVLgw6nQ.vKlw7qzv245BRUsPoxizmIYfblFRdDNZplLZVPgwLWQ
Langganan Internet,DRAFT,2026,e3e82fd8-87b9-4c50-ad33-2e4fc324282b,12,0,ON_PROCESS,Tidak,K34,POLITEKNIK KETENAGAKERJAAN,WA.6625.EBA.994.002.0B.522119,APBN,01KG3Y62HP3Q9DPE1REFYJD1NJ,264000002,63965014,1,01JBH1Q5XMSXHC0D975W2QVPTE,352632,2202025,2026-01-30T00:00:00Z,"Dukungan Manajemen Politeknik Ketenagakerjaan, ",efbb911a-59d7-54a0-816c-d0c9fbaa93e6.RbC4gAjYfVLgw6nQ.vKlw7qzv245BRUsPoxizmIYfblFRdDNZplLZVPgwLWQ
Belanja Barang Persediaan  Komsumsi Peserta ,DRAFT,2026,df73ad84-9d80-4c67-a598-795797b73390,416,0,ON_PROCESS,Tidak,K34,BALAI PELATIHAN VOKASI DAN PRODUKTIVITAS BANTAENG,DL.4057.SCO.027.055.02.613191,APBN,01KZAT6CAZA7YR25SW9Y5AMM6Z,10400000,67623484,1,01JAC8KSE1JRZHTAY35MHK486Y,191206,0,2026-08-06T00:00:00Z,"Peningkatan Penyelenggaraan Pelatihan Vokasi dan Pemagangan Binalavotas, ",efbb911a-59d7-54a0-816c-d0c9fbaa93e6.RbC4gAjYfVLgw6nQ.vKlw7qzv245BRUsPoxizmIYfblFRdDNZplLZVPgwLWQ
Sosialisasi Ketenagakerjaan di Media,DRAFT,2026,6150b0d2-0886-4317-be9e-ec2cf105087e,40,0,PAYMENT_OUTSIDE_SYSTEM,Tidak,K34,SEKRETARIAT JENDERAL KEMNAKER,WA.2163.EBA.958.054.0A.522191,APBN,01KKBBJCNVRZK9E5QXXRPH54YG,240000000,65135780,1,01JH2EQYTPP7VHJS2CQ00YWX9J,450938,10530047,2026-03-10T00:00:00Z,"Peningkatan dan Pengelolaan Hubungan Masyarakat, ",efbb911a-59d7-54a0-816c-d0c9fbaa93e6.RbC4gAjYfVLgw6nQ.vKlw7qzv245BRUsPoxizmIYfblFRdDNZplLZVPgwLWQ
Konsumsi Peserta Pelatihan 420 JP Reguler PBK RM,BUYER_CONFIRMED,2026,8c2b6024-3954-49d9-94a4-ad63660eb9e8,830,0,ON_PROCESS,Tidak,K34,BALAI BESAR PELATIHAN VOKASI DAN PRODUKTIVITAS MEDAN,DL.4057.SCO.003.052.0A.521211,APBN,01KNP98CDGC7RFZS4CKVN2HNJ9,16600000,66121341,1,01K7P0067ZG2CA6RAJ5KWNE08H,451094,0,2026-04-08T00:00:00Z,"Peningkatan Penyelenggaraan Pelatihan Vokasi dan Pemagangan Binalavotas, ",efbb911a-59d7-54a0-816c-d0c9fbaa93e6.RbC4gAjYfVLgw6nQ.vKlw7qzv245BRUsPoxizmIYfblFRdDNZplLZVPgwLWQ
"Paket Pertemuan Fullboard Peserta, Moderator, dan Penyelenggara Luar Kota Peningkatan Kemampuan Early Warning System Potensi Perselisihan HI bagi Pelaku Hubungan Industrial ",COMPLETED,2026,acb58230-e579-4ff2-b122-15857e989216,160,0,PAYMENT_OUTSIDE_SYSTEM,Tidak,K34,DITJEN. PEMBINAAN HUBUNGAN INDUSTRIAL DAN JAMINAN SOSIAL TENAGA KERJA,DN.2179.BDC.005.051.0A.524119,APBN,01KJYGCQ8YDFKB8P96YP9DMPH2,121600000,66228975,1,01J5590657GR3V35FY0BWRNH5K,451270,10331042,2026-03-09T00:00:00Z,"Penguatan Kelembagaan dan Pencegahan Perselisihan Hubungan Industrial, ",efbb911a-59d7-54a0-816c-d0c9fbaa93e6.RbC4gAjYfVLgw6nQ.vKlw7qzv245BRUsPoxizmIYfblFRdDNZplLZVPgwLWQ
"Pengadaan Jasa Tenaga Alih Daya Petugas Kebersihan, Pramubakti dan Pengemudi BBPKK (periode Februari s.d Desember 2026)",DRAFT,2026,"253e877f-0228-45ee-9f18-02818a841ded, 102e2ff6-43b5-447b-bd94-00c36c8487c1, 3b93ed64-ea60-4a90-97d7-fdb62174ebda, 9f093986-0ed7-4438-854f-d2d75f0d9232",252,0,ON_PROCESS,Tidak,K34,BALAI BESAR PERLUASAN KESEMPATAN KERJA,WA.6621.EBA.994.002.0f.521111,APBN,01KGE7K8Q2MMEQKKHB9V8RA0WS,1209600000,64823450,7,01J4JYKWARBXTTDJ02CHE88HEJ,259322,18827119,2026-02-03T00:00:00Z,"Dukungan Manajemen Ditjen Pembinaan Penempatan Tenaga Kerja dan Perluasan Kesempatan Kerja, ",efbb911a-59d7-54a0-816c-d0c9fbaa93e6.RbC4gAjYfVLgw6nQ.vKlw7qzv245BRUsPoxizmIYfblFRdDNZplLZVPgwLWQ
Sepatu Safety,COMPLETED,2026,"578a4303-5f28-44fa-82d2-db6183efbc22, 3f5ba44c-f8c3-4737-a7ca-61230221f339",49,233100,COMPLETED,Tidak,K34,BALAI KESELAMATAN DAN KESEHATAN KERJA SAMARINDA,DN.6592.QAC.001.051.0B.521211,APBN,01KKK67V14EJFGVVVN1F6D2CWY,29634780,62680403,9,01JPPREMQT6ZVPDTTY8CGTKSAW,350083,0,2026-03-16T00:00:00Z,"Pengujian Keselamatan dan Kesehatan Kerja, ",efbb911a-59d7-54a0-816c-d0c9fbaa93e6.RbC4gAjYfVLgw6nQ.vKlw7qzv245BRUsPoxizmIYfblFRdDNZplLZVPgwLWQ
PENGADAAN TENAGA ALIH DAYA PRAMUBAKTI BIRO PERENCANAAN DAN MANAJEMEN KINERJA SEKRETARIAT JENDERAL KEMENTERIAN KETENAGAKERJAAN,DRAFT,2026,7907e2ff-0cb3-4d2d-9a39-a2e0f7301fa3,22,0,PAYMENT_OUTSIDE_SYSTEM,Tidak,K34,BIRO PERENCANAAN,WA.2158.EBA.994.002.0E.521111,APBN,01KG187BMSY8AD5MSQEAR6JMK7,190109700,62818728,1,01JBY93PFF67PZKX4A22Z15V9M,450922,5757127,2026-01-28T00:00:00Z,"Peningkatan Pengelolaan dan Pelaporan Keuangan, ",efbb911a-59d7-54a0-816c-d0c9fbaa93e6.RbC4gAjYfVLgw6nQ.vKlw7qzv245BRUsPoxizmIYfblFRdDNZplLZVPgwLWQ
Belanja Bahan Fasilitasi Dan Pembinaan Calon Tenaga Kerja Di Pekerjaan Hijau,COMPLETED,2026,5a26c0f5-e2d1-4656-bba1-abab63942a75,550,0,COMPLETED,Tidak,K34,DITJEN PEMBINAAN PENEMPATAN TENAGA KERJA DAN PERLUASAN KESEMPATAN KERJA,DN.2173.QDC.002.051.0A.521211,APBN,01KNR7Y2GMWPCQ0YAQYYBK4GY7,56776500,66867494,1,01K0H6A0GCEZ79CYP40PP930DE,451139,0,2026-04-10T00:00:00Z,"Penempatan Tenaga Kerja, ",efbb911a-59d7-54a0-816c-d0c9fbaa93e6.RbC4gAjYfVLgw6nQ.vKlw7qzv245BRUsPoxizmIYfblFRdDNZplLZVPgwLWQ
Belanja Konsumsi PBK di BLK Banjarmasin,DRAFT,2026,"0d05a2f7-a36f-4052-af82-93acd709b8ae, 692a4ac9-b1a7-4c24-8210-39ade8f47f9e",760,0,ON_PROCESS,Tidak,K34,BALAI PELATIHAN VOKASI DAN PRODUKTIVITAS SAMARINDA,"DL.4057.SCO.023.059.0A.521211, DL.4057.SCO.023.059.0B.521211",APBN,01KVKYXTRS6SF7HRA6JG9EQC5E,17680000,66436528,2,01J90BPH69N75Z9B0J608BH4F0,451108,326759009,2026-06-22T00:00:00Z,"Peningkatan Penyelenggaraan Pelatihan Vokasi dan Pemagangan Binalavotas, ",efbb911a-59d7-54a0-816c-d0c9fbaa93e6.RbC4gAjYfVLgw6nQ.vKlw7qzv245BRUsPoxizmIYfblFRdDNZplLZVPgwLWQ
Pengadaan Jasa Outsourcing/ Alih Daya dan Keamanan Pusat Pasar Kerja Tahun 2026,DRAFT,2026,"7907e2ff-0cb3-4d2d-9a39-a2e0f7301fa3, 79deedaf-627b-40d1-8f00-7aebe1fafbf1, ff45da07-5c38-4856-9e1a-7e6a4c463899",342,0,ON_PROCESS,Tidak,K34,PUSAT PASAR KERJA,WA.6595.EBA.994.002.0A.521111,APBN,01KDPV3D4VFGNPWGHAVPJ1YWJH,2771226000,62551102,4,01JBY93PFF67PZKX4A22Z15V9M,626011,5757127,2025-12-30T00:00:00Z,"Peningkatan Pelayanan Pasar Kerja, ",efbb911a-59d7-54a0-816c-d0c9fbaa93e6.RbC4gAjYfVLgw6nQ.vKlw7qzv245BRUsPoxizmIYfblFRdDNZplLZVPgwLWQ
Belanja Bahan TMT Klaster,COMPLETED,2026,"3a63bb1b-4038-4b9a-a8ef-66ede4434d43, 6682d95c-9625-4024-9be8-06ff9ef21167, ae1538b1-e7bf-4cd5-b933-6d1b6323c99f, 49781587-137e-46b9-8eff-2062997961ab, 2e6d4e6e-0b3a-4455-8e67-4b2355a9974e, f873fea9-e88f-4b4d-bfce-24afc9a292a8, d7e0a48e-7a36-45c6-a544-f358be585074, ece7f23b-fb94-4de8-af20-6cd0ab1ac3a8, efaa8c7b-b046-48c2-903f-e525294899de, 60954825-ae99-4d77-a51e-2ca68ff9920e, 3a04e736-1c9a-4c00-9347-7e80089aef50, a560d862-66ee-42fb-8a11-e4a8620698ef, 9d224d0c-1dd9-4178-9f5c-708a70b21c58, aa34541d-7bc4-44f0-9ac1-9960a3d6976d, 08b6134a-72fd-4279-a8bd-bc9b21b02e95, c3fce501-2577-4243-a492-484e87a8d683, d5a40cea-449c-4c57-ac7e-66d55c6c641b, 487af6c7-fcd6-4a90-87bc-141aca46d5c4, 67e8fd2e-c11e-4d27-826d-f1b8f5feaa76, d02bfec9-e739-42f8-846f-f8c2a707aa81, e35b484d-00d0-4686-bde7-ba7f9c0f9cca, 94247e51-d315-48b5-9c45-899b701e70f9, 4f6fde3d-fa1b-4b92-8ebc-a20484c5422a, 0b24e404-b7e9-4187-b851-5342f52bb0a3, 166fc230-6597-4e09-8ee8-d4f736f2cb63, 847a78e8-7102-44fa-a995-62ee95ee1548, 882f6bca-a433-467a-b601-9266d365d2d2",264,0,COMPLETED,Tidak,K34,BALAI BESAR PELATIHAN VOKASI DAN PRODUKTIVITAS SEMARANG,DL.4057.SCO.003.053.0A.521211,APBN,01KKZ9XGCJRZE9Z5JJNG6FG92N,10368510,66185950,27,01J81QPN27R0FDVY86ZEFZ77TW,452609,2502042,2026-03-18T00:00:00Z,"Peningkatan Penyelenggaraan Pelatihan Vokasi dan Pemagangan Binalavotas, ",efbb911a-59d7-54a0-816c-d0c9fbaa93e6.RbC4gAjYfVLgw6nQ.vKlw7qzv245BRUsPoxizmIYfblFRdDNZplLZVPgwLWQ
Perpanjangan Licence Video Conferencing (Zoom),DRAFT,2026,"4987dbf4-feb2-401c-9079-d6fa4ef6b097, cf4e573e-d4ae-402b-b76e-d81923dc0b26, 7ff280ec-d20d-4e53-b29d-8294ad2f2fb5, 5cd9f5ee-9757-493f-b7f7-0b554ed4d1bd, 61c7928e-4f5c-40b7-b09a-ae9aca08b08e",42,,CANCELLED_ON_REVIEW,Ya,K34,BADAN PERENCANAAN DAN PENGEMBANGAN KETENAGAKERJAAN,DN.6766.FAB.001.055.0B.523199,APBN,01KXMK0EQW8WPKAZQBKCC4X3WA,335220000,67323089,6,01J8CCZ8ZEFGYYV490XD99GEVE,452677,0,,"Pengelolaan Data dan Teknologi Informasi Ketenagakerjaan, ",efbb911a-59d7-54a0-816c-d0c9fbaa93e6.RbC4gAjYfVLgw6nQ.vKlw7qzv245BRUsPoxizmIYfblFRdDNZplLZVPgwLWQ
Belanja Barang Persediaan Safety Shoes UPTD BLKPP DIY,COMPLETED,2026,33f6a840-6b5c-4760-ac6e-a0fcb3e63efc,32,0,ON_PROCESS,Tidak,K34,BALAI PELATIHAN VOKASI DAN PRODUKTIVITAS SURAKARTA,DL.4057.SCO.012.051.51.521811,APBN,01KVHCMYQFAZZG16A2ZTG80GK7,11199989,66977045,1,01HS824VZZ068W1SDDR9HRTZ7W,035636,0,2026-06-22T00:00:00Z,"Peningkatan Penyelenggaraan Pelatihan Vokasi dan Pemagangan Binalavotas, ",efbb911a-59d7-54a0-816c-d0c9fbaa93e6.RbC4gAjYfVLgw6nQ.vKlw7qzv245BRUsPoxizmIYfblFRdDNZplLZVPgwLWQ
Konsumsi Peserta Pelatihan Vokasi Nasional (PNBP),DRAFT,2026,682161d4-8abf-4921-baf0-ce16b693f3d7,1408,0,ON_PROCESS,Tidak,K34,BALAI BESAR PELATIHAN VOKASI DAN PRODUKTIVITAS BANDUNG,"DL.4057.SCO.005.052.0A.521211, DL.4057.SCO.007.052.0A.521211",APBN,01KY3XS9KJ7VWHV01TBHF54340,27878400,67335730,1,01J8Y41BHVNB516DV4325B39AE,452542,9969014,2026-07-22T00:00:00Z,"Peningkatan Penyelenggaraan Pelatihan Vokasi dan Pemagangan Binalavotas, ",efbb911a-59d7-54a0-816c-d0c9fbaa93e6.RbC4gAjYfVLgw6nQ.vKlw7qzv245BRUsPoxizmIYfblFRdDNZplLZVPgwLWQ
Pelatihan Vokasi di Provinsi Jawa Timur UPT BLK Jember,COMPLETED,2026,"7b617717-b1cc-44c0-ad16-6af6fb902191, be4e1868-5927-42a2-bf13-f95c7ebe6133, ae497ffa-7141-4018-b54c-1d6138a1e21b, df6a70c2-782d-4618-b784-b7b61bd8e4e2, adb933d5-83b9-4330-8b5e-8d62cbde51a4, 7e86a811-609a-4f31-814c-301aa07f5044, a17c94c5-942b-422d-a422-b1fc64841f92, 11dcf364-5af6-4ae9-9e5c-ada11500d2b9, 69d64336-4441-4aa7-b822-ac20274e3fbe, d5771374-90f0-430a-89c7-56fe92a3b70a, 72237c8e-8883-4e9c-9cf2-1e2b25a0bcf1, 330904e2-2438-4098-a413-c57e301ebb5e, b377dc34-6546-4d02-a964-40d9867a4463, e6926b05-96b7-4dc9-9aea-2acbc881da25, 706fbadd-ee93-47f8-8cf6-f2020f109dde, 35cc53cd-fb9f-48bb-8ebb-f1778177128a, 222860a0-5920-4971-9f5d-d4366e2ff382, 16b3b2a6-2a5b-4792-b0fb-890d7959cad1, ed9c3001-4926-40f0-be02-31bacfca5283, 2621a9c1-a886-494c-8196-eb3ac3622d70, f9495646-ff8a-42ff-8103-7cca004baf22, c80fa02d-691a-4879-bb41-d21f9238fb90",186,68265,PAYMENT_OUTSIDE_SYSTEM,Tidak,K34,BALAI PELATIHAN VOKASI DAN PRODUKTIVITAS BANYUWANGI,DL.4057.SCO.013.053.OA.521211,APBN,01KVZDWFFX7HJ7K7J78XW4TB3N,3958071,62259089,22,01JAPN9Y9RF0J2XX5TH2XAM5S4,051102,5243009,2026-06-29T00:00:00Z,"Peningkatan Penyelenggaraan Pelatihan Vokasi dan Pemagangan Binalavotas, ",efbb911a-59d7-54a0-816c-d0c9fbaa93e6.RbC4gAjYfVLgw6nQ.vKlw7qzv245BRUsPoxizmIYfblFRdDNZplLZVPgwLWQ
"Paket Meeting Fullboard Peserta, Penyelenggara, dan Moderator",DRAFT,2026,1a87264f-7fd0-4042-9ce8-2ad8bfdf31be,80,,CANCELLED_ON_NEGOTIATION,Tidak,K34,DITJEN PHI DAN JAMSOS,DN.6587.BDC.001.051.0B.524119,APBN,01KNNP5RGH7DHT8BY0BSBTPQS9,86400000,66123873,1,01JJX9ANHG1ZN9WZAY4Y34EHD8,451310,0,,"Peningkatan Pembinaan Hubungan Kerja dan Penerapan Pengupahan, ",efbb911a-59d7-54a0-816c-d0c9fbaa93e6.RbC4gAjYfVLgw6nQ.vKlw7qzv245BRUsPoxizmIYfblFRdDNZplLZVPgwLWQ
"Belanja Pakaian Kerja, Bahan dan Konsumsi Pelatihan - BLK Purworejo",COMPLETED,2026,e0e6f607-cc44-4239-bb31-b3d37dd7d62c,64,0,PAYMENT_OUTSIDE_SYSTEM,Tidak,K34,BALAI PELATIHAN VOKASI DAN PRODUKTIVITAS SURAKARTA,DL.4057.SCO.011.052.0A.521211,APBN,01KKT4J26EJHH45TM9T5XVJXGH,9554880,66399315,1,01J95KJP4YTTB3MJ809YTHDHYV,035636,24473009,2026-03-17T00:00:00Z,"Peningkatan Penyelenggaraan Pelatihan Vokasi dan Pemagangan Binalavotas, ",efbb911a-59d7-54a0-816c-d0c9fbaa93e6.RbC4gAjYfVLgw6nQ.vKlw7qzv245BRUsPoxizmIYfblFRdDNZplLZVPgwLWQ
Pengadaan Bahan Pelatihan PBK Reguler UPTD Banten (7 Paket),COMPLETED,2026,"59a4681a-7ba5-4b85-93ab-6293c2d778de, 231b7930-46bc-451e-a009-f3ef38bf8861, fd54d993-18c4-4a48-b9a1-ab1e1089e15f, 67848daa-5446-4db4-977d-3f730d55e13f, c1b14f91-45ee-427d-9b1f-dc7896502415, 78cc2312-fd14-468f-ae3c-51a83b6cdf70, 9cf8544d-6241-45f7-bb57-b27e07de2e59, 13e41781-a3aa-4ec0-8553-ebd621c0470f, e8ce5e69-d85a-4499-9214-d911c0206ea6, eab781d5-7d02-43e9-8d88-d7d7c840fae9, 07218a5f-b702-45ca-9df5-61084ff38582, 8551b971-13a7-4de9-977b-a79d8e374688, b8840a40-2450-47c9-ad94-43ecbf3a8501, 1eb3f200-c362-426f-8f8c-e9b0ef8baa4d, 52c06a0a-1162-40be-869a-f86f94afaebf, 0cb93240-55e1-4657-a214-76054428632b, e6cad39a-925c-4e7b-9170-fdbfe83dc376, 5bbdae4f-1230-4144-9035-7e1fa7c622fb, 7b047fa0-b940-4d9d-a7c0-1707c11fe788, 41746ef9-4577-4f29-ab89-78a8c9871396, 0de6d5cc-66c3-4540-aeb4-f567c5197116, 725ea78b-03d5-40fb-92e0-5a080d03649b, 2349508f-8c21-4ded-b466-196fe33c97e4, 22ca08b8-d333-480f-bc78-b9c0a66adff0, 9f72aa28-160c-4542-a798-229571c8c7fa, c7669dc7-9a9c-47a0-9e26-1b01809896a5, e1ef4685-f35e-4a65-b5a4-0e01c9d2bff9, 26a39868-99b6-4663-9445-0dd8791addd0, ab5ad1f9-724a-4020-969e-a9c43e728713, 87f6a325-81e7-42e3-933c-ba3673c66be3, 26e2cb42-4df4-4271-9187-2060e7339663, 251a520e-166d-4250-83d5-d4ef60d12b55, 4568978f-9d80-41ec-ac6d-a8b44029a44f, c8070e1f-5d64-4dac-bbfd-0ad8cc93c3cc, 998c0458-dbfc-449e-9ed1-f87155d44f87, 92bf7051-6633-4c13-864d-e45b70e4006a",274,0,COMPLETED,Tidak,K34,BALAI BESAR PELATIHAN VOKASI DAN PRODUKTIVITAS SERANG,"DL.4057.SCO.035.051.0B.521211, DL.4057.SCO.035.054.0B.521211, DL.4057.SCO.035.055.0B.521211, DL.4057.SCO.035.056.0B.521211",APBN,01KMYQWES2V0H872TWDJFS213Y,29865105,65245662,39,01JRS73EC81MM9JM6Z4608CME9,426531,26434127,2026-03-31T00:00:00Z,"Peningkatan Penyelenggaraan Pelatihan Vokasi dan Pemagangan Binalavotas, ",efbb911a-59d7-54a0-816c-d0c9fbaa93e6.RbC4gAjYfVLgw6nQ.vKlw7qzv245BRUsPoxizmIYfblFRdDNZplLZVPgwLWQ
"Paket Fullboard Moderator, Peserta dan Penyelenggara Dialog Tripartit Dalam Pengembangan Kebijakan Ketenagakerjaan",COMPLETED,2026,36b599ae-bf25-4140-8d7e-18372e3c5ace,114,0,PAYMENT_OUTSIDE_SYSTEM,Tidak,K34,DITJEN. PEMBINAAN HUBUNGAN INDUSTRIAL DAN JAMINAN SOSIAL TENAGA KERJA,DN.2179.BDB.001.051.0B.524119,APBN,01KN43SZ11TNWWZ2ZNQ3WWTZYY,92340000,63840283,1,01JTD57YZ8R69D4Z8CH4X55CSC,451270,0,2026-04-06T00:00:00Z,"Penguatan Kelembagaan dan Pencegahan Perselisihan Hubungan Industrial, ",efbb911a-59d7-54a0-816c-d0c9fbaa93e6.RbC4gAjYfVLgw6nQ.vKlw7qzv245BRUsPoxizmIYfblFRdDNZplLZVPgwLWQ
Fullboard Paket Meeting - Persiapan Pelaksanaan Penyaluran Bantuan Kegiatan Padat Karya - Verifikasi dan Identifikasi Calon Penerima Bantuan Padat Karya,COMPLETED,2026,d7f66cff-52fa-4f06-9694-5e6423aa4cf6,68,0,COMPLETED,Tidak,K34,DIREKTORAT BINA PERLUASAN KESEMPATAN KERJA,DN.2175.BDC.002.051.0A.524119,APBN,01KS4BNJ66A0M8EHHVTFKV07P1,68000000,65907112,1,01JSBSCX6K88Y1YQEK8DZQEGM6,626041,0,2026-05-21T00:00:00Z,"Perluasan Kesempatan Kerja, ",efbb911a-59d7-54a0-816c-d0c9fbaa93e6.RbC4gAjYfVLgw6nQ.vKlw7qzv245BRUsPoxizmIYfblFRdDNZplLZVPgwLWQ
Pengadaan Bahan Pelatihan Vokasi UPTP RM (60 Paket),COMPLETED,2026,"1633576e-b82d-45e9-8306-625de74efdce, 5bb14c03-3c2c-442b-aad9-b0d39289666a, f204a50e-51d0-4891-a87a-f17dec406710, 879f474d-fe9f-4fde-ac8d-b0d2a6c88eaf, c2945b5b-83ac-4c8e-8cc7-84c49b1986e3, 151f2a99-62ee-4944-9a4a-07dfc16d1e82, 6e32ad4d-b004-4ca8-a32c-3c31a6f648a3, 16065e94-bf43-484b-a095-56b10dc41a51, b4ad97e4-514a-4159-b0dd-c406dcbd8cdd, baa8ed13-79a4-4582-b6a5-af2302b66673, 95d41002-d37a-4819-9204-90cb52599fb7, bb86db8a-834e-46a2-aa88-cc9e3e418d9d, b3ee3dc5-67ca-46c7-80c6-2f7fc4ece993, f5992bd6-8313-4116-a486-c2b68e14e7ec, 1524c55e-4f72-4159-9d17-caf65cbbe2f8, bd3df7a4-b3dd-4482-b490-7f3fd41af97b, 8f64c51c-a31d-4fb8-a2ae-3ab08b9a109c, c0841afa-8a57-4220-8ad9-616e2104eec4, 6537436d-cc48-4692-93f7-b185fd0fcd57, 6a937c0f-5bbc-4169-8b5d-cd9f738f9f97, 2595f9b5-586b-44f6-9ad3-2406080430ce, b4ab2827-b956-4c82-8b07-f5f60f1df9af, 3e7b9387-2503-4e71-924a-b39f8e36550b, 1aab8c15-4c95-45b7-a332-dea94d0c55a2, c6732d28-8a67-40a0-ac9b-c8f6281edbfa, ec7deb5c-6226-4915-9f98-a284e8414836, 8fce0027-c7fb-4b54-a8aa-8a00e8206a46, da53bc83-feed-4567-aa08-e9d8ef66941c, 9fb784ca-e956-4a74-8647-4169cc02457c, 4d1367d0-da55-4f35-8c1b-7f2cfe6f90cd, 29dfc64c-8336-4e52-9f34-adc74049ae1c, afd28a7d-3342-4bc3-ab9c-5e934ca2f7ff, 5b094fa6-78f6-45a5-8250-87310b294b94, ba1d4fa7-cf38-46ad-a4f4-0f37632873f5, d2a17d9d-2919-4477-9563-b38b30486f87, db0794be-9f07-4b69-a4be-4e54c0aabfb3, b4f95823-f92e-4749-9cc3-a9be1032cf52, 650d54b7-ddaf-4137-8345-77a7bdc7748c, 8121bee1-b3d8-4d70-890f-a0f3c340616a, ce08ffcc-ab49-4f9d-908a-1a56f54aa0a9, 209305ca-b080-4cd2-a267-9e3db6402868, 9035e58d-2d97-4d43-94f6-9776509642e9, e818fed8-418d-4cb1-a771-02cc30d046a6, 09db6a2a-1665-4a3b-b37c-a0b247d8ce1f, de7b07f3-8ea7-4259-a6a9-fb167d7b5cd0, 74dd747e-ce69-4618-813c-65a68a2791c8, 8008f094-16ec-44c9-b431-9c055bc67abb, da4ed3eb-e7c5-4377-9355-94ab7c3b1188, 936173f3-d976-40fe-9513-64d52c4c3de1, 70506638-1183-46d2-8366-d1ec49e892d7, 9c291d70-18d5-485e-9c77-842882b08ae4, 46319182-a07c-42ed-8338-9da6d781ffe0, 6770c28c-2904-47bd-800d-8b3709872b2d, c75e0c5b-9f71-43a2-8a09-5893479dbb1c",765,0,COMPLETED,Tidak,K34,BALAI BESAR PELATIHAN VOKASI DAN PRODUKTIVITAS SERANG,"DL.4057.SCO.003.051.0B.521211, DL.4057.SCO.003.052.0A.521211, DL.4057.SCO.003.052.0C.521211",APBN,01KX2RC7FD7GR9Z1BV3Y7VG5QY,65116818,66342568,54,01JHM302QZ4SJW7CGD8GSWRK1M,426531,337025009,2026-07-14T00:00:00Z,"Peningkatan Penyelenggaraan Pelatihan Vokasi dan Pemagangan Binalavotas, ",efbb911a-59d7-54a0-816c-d0c9fbaa93e6.RbC4gAjYfVLgw6nQ.vKlw7qzv245BRUsPoxizmIYfblFRdDNZplLZVPgwLWQ
Belanja Barang Persediaan  Komsumsi Peserta ,DRAFT,2026,df73ad84-9d80-4c67-a598-795797b73390,450,0,ON_PROCESS,Tidak,K34,BALAI PELATIHAN VOKASI DAN PRODUKTIVITAS BANTAENG,DL.4057.SCO.027.055.02.613191,APBN,01KZATJXH6M80ESRRWZDC4DC4Z,11250000,67623484,1,01JAC8KSE1JRZHTAY35MHK486Y,191206,0,2026-08-06T00:00:00Z,"Peningkatan Penyelenggaraan Pelatihan Vokasi dan Pemagangan Binalavotas, ",efbb911a-59d7-54a0-816c-d0c9fbaa93e6.RbC4gAjYfVLgw6nQ.vKlw7qzv245BRUsPoxizmIYfblFRdDNZplLZVPgwLWQ
Belanja Barang Persediaan Pencetakan Blanko Sertifikat Kompetensi Tahap I,DRAFT,2026,21e04b91-d675-44c5-b61c-82c04386bd2c,200000,0,PAYMENT_OUTSIDE_SYSTEM,Tidak,K34,Sekretariat Badan Nasional Sertifikasi Profesi,DL.4053.PDI.004.051.0A.521811,APBN,01KG1KDME1TMXGXRDD7Y976DJS,976800000,67244012,1,01J8HGR94XM9YJTH5RYRWHR4FR,452533,1240047,2026-01-29T00:00:00Z,"Pengembangan Sistem dan Pelaksanaan Sertifikasi Kompetensi Profesi Binalavotas, ",efbb911a-59d7-54a0-816c-d0c9fbaa93e6.RbC4gAjYfVLgw6nQ.vKlw7qzv245BRUsPoxizmIYfblFRdDNZplLZVPgwLWQ
PENGADAAN BAHAN PELATIHAN,COMPLETED,2026,"07fa229b-47c9-4b8a-9013-67936db85ea0, 4bd4c5bd-5bd0-4a18-851b-6e71f78936f9, fb6a2513-0875-4be6-9905-ed39c8f4724f, c11632f7-9468-4716-aedd-0bca6405ba7a, cc5c9883-97bf-4a35-bea4-a09f82b8bf85, 0a067f68-6720-4d51-bf75-068d4183139e, 65a41892-e476-4c14-8e59-937f7ed0355d, 66753cf9-1585-4cff-839f-f52fdfce0736, e0c21fac-a716-4f70-88ff-0a27e2fb10ab, 8f2db951-bab3-4595-acd0-149641389ffd",10,0,ON_PROCESS,Tidak,K34,BALAI PELATIHAN VOKASI DAN PRODUKTIVITAS SURAKARTA,DL.4059.SCO.001.051.DL.521211,APBN,01KTTSK22MSG1A40W8KCRSK7RZ,158286000,66351379,10,01KKXG26XSW86B5G69MGDFZVY1,035636,0,2026-06-15T00:00:00Z,"Pengembangan dan Peningkatan Produktivitas Tenaga Kerja Binalavotas, ",efbb911a-59d7-54a0-816c-d0c9fbaa93e6.RbC4gAjYfVLgw6nQ.vKlw7qzv245BRUsPoxizmIYfblFRdDNZplLZVPgwLWQ
Belanja Bahan Pelaksanaan Sertifikasi Lulusan Pelatihan Vokasi (PNP),COMPLETED,2026,fd03e592-5b0c-458d-aa68-56d577ec4564,109,0,COMPLETED,Tidak,K34,BALAI BESAR PELATIHAN VOKASI DAN PRODUKTIVITAS SEMARANG,DL.4053.PDI.002.051.0A.521211,APBN,01KP5DV2W7MARVD6YCERS4FXPX,2169100,66185662,1,01JCYR1H5KAHWBXMZNS2PMK7NJ,452609,12452042,2026-04-14T00:00:00Z,"Pengembangan Sistem dan Pelaksanaan Sertifikasi Kompetensi Profesi Binalavotas, ",efbb911a-59d7-54a0-816c-d0c9fbaa93e6.RbC4gAjYfVLgw6nQ.vKlw7qzv245BRUsPoxizmIYfblFRdDNZplLZVPgwLWQ
Paket Meeting Fullboard Tahap Pelaksanaan Rekrutmen (Dalam Kota),COMPLETED,2026,e412d822-dba1-46b7-9bc1-f9227289b26b,110,0,COMPLETED,Tidak,K34,DITJEN PHI DAN JAMSOS,DN.2181.BDC.002.051.0A.524114,APBN,01KQE55AS107ZMHQ06K67FD1BC,110000000,65846990,1,01JWATA9SKZVDA022CGSQKZ3CY,451310,0,2026-05-04T00:00:00Z,"Penyelesaian Perselisihan Hubungan Industrial, ",efbb911a-59d7-54a0-816c-d0c9fbaa93e6.RbC4gAjYfVLgw6nQ.vKlw7qzv245BRUsPoxizmIYfblFRdDNZplLZVPgwLWQ
"Pengadaan Bahan Pelatihan TMT, PBL, dan PBK Batch 1 BPVP Belitung",COMPLETED,2026,"732bbd9c-8aaa-403c-84fc-a45e0e89d8af, a87c2695-c916-4326-98d8-d2af29a91488",28,0,COMPLETED,Tidak,K34,BALAI PELATIHAN VOKASI DAN PRODUKTIVITAS BELITUNG,"DL.4057.SCO.003.051.0B.521211, DL.4057.SCO.003.052.0A.521211, DL.4057.SCO.003.053.0B.521211",APBN,01KNNY040AFGCBDSRDFQVQA0Y0,4778550,66567912,2,01HQWTWAB8NBREJQVG41JZXRA7,352631,0,2026-04-09T00:00:00Z,,efbb911a-59d7-54a0-816c-d0c9fbaa93e6.RbC4gAjYfVLgw6nQ.vKlw7qzv245BRUsPoxizmIYfblFRdDNZplLZVPgwLWQ
Konsumsi Peserta Pelatihan 200 JP PBL PNBP,DRAFT,2026,ff6ecf37-0598-4d3b-805f-e8b6273f095c,320,0,ON_PROCESS,Tidak,K34,BALAI BESAR PELATIHAN VOKASI DAN PRODUKTIVITAS MEDAN,DL.4057.SCO.003.051.0A.521211,APBN,01KZDM22TC6EV8VC4X4ZFDACYJ,6400000,65762764,1,01K58D7JY1JYPTGJFWZ2X04A9N,451094,0,2026-08-08T00:00:00Z,"Peningkatan Penyelenggaraan Pelatihan Vokasi dan Pemagangan Binalavotas, ",efbb911a-59d7-54a0-816c-d0c9fbaa93e6.RbC4gAjYfVLgw6nQ.vKlw7qzv245BRUsPoxizmIYfblFRdDNZplLZVPgwLWQ
Pengadaan Bahan Sertifikasi Lulusan (231 Paket),DRAFT,2026,"4d096da0-a810-424e-9b1e-fcfbfbaf1d1e, 0137f977-8390-41a4-9294-e486931e22a0, fe0dcb60-3fbb-402d-b9a1-416e67960805, f3dbaa10-b08a-494f-b12b-04de4ba179b3, 48397d82-d8b1-48a4-a8d6-f287ba36dab9",112,0,WAITING_PPK_REVIEW,Tidak,K34,BALAI BESAR PELATIHAN VOKASI DAN PRODUKTIVITAS SERANG,"DL.4053.PDI.002.051.0A.521211, DL.4053.PDI.002.051.0B.521211, DL.4053.PDI.003.051.0A.521211",APBN,01KZT327HVK2Z8N3SWV35PKQ5Q,14405580,63091859,8,01JBXJ59JWV0PQH49W23AFCSZ5,426531,348233009,,"Pengembangan Sistem dan Pelaksanaan Sertifikasi Kompetensi Profesi Binalavotas, ",efbb911a-59d7-54a0-816c-d0c9fbaa93e6.RbC4gAjYfVLgw6nQ.vKlw7qzv245BRUsPoxizmIYfblFRdDNZplLZVPgwLWQ
Paket Meeting Fullboard Panitia dan Peserta,COMPLETED,2026,9177ba89-8b69-4bb5-94a9-1b53561a5183,55,0,COMPLETED,Tidak,K34,DITJEN. PEMBINAAN HUBUNGAN INDUSTRIAL DAN JAMINAN SOSIAL TENAGA KERJA,DN.5586.BDC.002.056.0B.524119,APBN,01KKBGCP9APMK8JK2PV8HPS318,52250000,66263396,1,01JVA1G3JQ0SJQFJRBE6KD8TAH,451270,0,2026-03-10T00:00:00Z,"Peningkatan Penerapan Jaminan Sosial Tenaga Kerja dan Fasilitasi Kesejahteraan Pekerja, ",efbb911a-59d7-54a0-816c-d0c9fbaa93e6.RbC4gAjYfVLgw6nQ.vKlw7qzv245BRUsPoxizmIYfblFRdDNZplLZVPgwLWQ
Belanja Keperluan Perkantoran / Jasa Tenaga Alih Daya,DRAFT,2026,"9d9e8b5c-be37-4c39-bec4-9fc7cfd08af5, 567e4ac3-f1d7-42e6-a30f-8c09f61bf8e5",63,0,ON_PROCESS,Tidak,K34,BALAI BESAR PELATIHAN VOKASI DAN PRODUKTIVITAS MAKASSAR,"WA.6988.EBA.994.002.0A.521111, WA.6988.EBA.994.002.0B.521111, WA.6988.EBA.994.002.0C.521111, WA.6988.EBA.994.002.0D.521111",APBN,01KFMX4XR48066VPC7X9C7S69Q,268693026,63911103,2,01JH24QSKD4K8XZADJX3W3T4EW,452652,2777234,2026-01-23T00:00:00Z,,efbb911a-59d7-54a0-816c-d0c9fbaa93e6.RbC4gAjYfVLgw6nQ.vKlw7qzv245BRUsPoxizmIYfblFRdDNZplLZVPgwLWQ
Konsumsi Peserta Pelatihan Berbasis Kompetensi  Batch 1,DRAFT,2026,ff896644-cb7d-4e73-b034-9498615077af,12170,0,ON_PROCESS,Tidak,K34,BALAI BESAR PELATIHAN VOKASI DAN PRODUKTIVITAS BANDUNG,"DL.4057.SCO.003.052.0A.521211, DL.4057.SCO.003.054.0A.521211, DL.4057.SCO.005.052.0A.521211, DL.4057.SCO.007.052.0A.521211, DL.4057.SCO.010.056.0A.521211, DL.4057.SCO.010.058.0A.521211, DL.4057.SCO.010.061.0A.521211, DL.4057.SCO.010.063.0A.521211, DL.4057.SCO.010.064.0A.521211, DL.4057.SCO.010.068.0A.521211",APBN,01KN1QGYFX30RK426GYXP4C31N,240966000,67364435,1,01K7NWVP5XPCQQAMDY0ZTYHP75,452542,0,2026-03-31T00:00:00Z,"Peningkatan Penyelenggaraan Pelatihan Vokasi dan Pemagangan Binalavotas, ",efbb911a-59d7-54a0-816c-d0c9fbaa93e6.RbC4gAjYfVLgw6nQ.vKlw7qzv245BRUsPoxizmIYfblFRdDNZplLZVPgwLWQ
Pengadaan Jasa Konsumsi Peserta Pelatihan (90 Paket),COMPLETED,2026,bf650ec5-4e3b-4d22-8282-f426540aa3e1,6276,0,COMPLETED,Tidak,K34,BALAI BESAR PELATIHAN VOKASI DAN PRODUKTIVITAS SERANG,"DL.4057.SCO.003.051.0A.521211, DL.4057.SCO.003.051.0B.521211, DL.4057.SCO.003.052.0A.521211, DL.4057.SCO.003.053.0A.521211, DL.4057.SCO.003.053.0B.521211, DL.4057.SCO.003.054.0A.521211, DL.4057.SCO.005.052.0A.521211, DL.4057.SCO.007.052.0A.521211, DL.4057.SCO.008.052.0B.521211",APBN,01KVC9JXJ92FGAFNR67H4RGCF2,124264800,66344371,1,01JY10RH71H8NY6AVVH40AA14A,426531,0,2026-06-19T00:00:00Z,"Peningkatan Penyelenggaraan Pelatihan Vokasi dan Pemagangan Binalavotas, ",efbb911a-59d7-54a0-816c-d0c9fbaa93e6.RbC4gAjYfVLgw6nQ.vKlw7qzv245BRUsPoxizmIYfblFRdDNZplLZVPgwLWQ
"Paket Meeting Fullboard Peserta, Penyelenggara, dan Moderator",COMPLETED,2026,7f8b2da3-a776-4ad9-bbd0-d0ec203b1d94,80,0,COMPLETED,Tidak,K34,DITJEN PHI DAN JAMSOS,DN.6587.BDC.001.051.0B.524119,APBN,01KNKD952DS03F4Q09KX50FYWJ,72000000,66123873,1,01JTQ03B4HSSZPS2F1T8ACCP0J,451310,0,2026-04-07T00:00:00Z,"Peningkatan Pembinaan Hubungan Kerja dan Penerapan Pengupahan, ",efbb911a-59d7-54a0-816c-d0c9fbaa93e6.RbC4gAjYfVLgw6nQ.vKlw7qzv245BRUsPoxizmIYfblFRdDNZplLZVPgwLWQ
Pengadaan Pakaiann Kerja Peserta PVN UPTD Binaan BBPVP Bandung,COMPLETED,2026,0beeec96-e99e-49c4-9241-86eb1e12fbf3,528,0,ON_PROCESS,Tidak,K34,BALAI BESAR PELATIHAN VOKASI DAN PRODUKTIVITAS BANDUNG,"DL.4057.SCO.010.055.0A.521211, DL.4057.SCO.010.058.0A.521211, DL.4057.SCO.010.062.0A.521211, DL.4057.SCO.010.063.0A.521211, DL.4057.SCO.010.064.0A.521211, DL.4057.SCO.010.068.0A.521211",APBN,01KY4G0R2V7KFVC67WHP6EAY3Q,78672449,67521380,1,01JJ4028SKRBRRDRR28ZQKBTCW,452542,10303014,2026-07-22T00:00:00Z,"Peningkatan Penyelenggaraan Pelatihan Vokasi dan Pemagangan Binalavotas, ",efbb911a-59d7-54a0-816c-d0c9fbaa93e6.RbC4gAjYfVLgw6nQ.vKlw7qzv245BRUsPoxizmIYfblFRdDNZplLZVPgwLWQ
Konsumsi Peserta Pelatihan 1300 JP PBK Teknisi PNBP,DRAFT,2026,8c2b6024-3954-49d9-94a4-ad63660eb9e8,8320,,CANCELLED,Tidak,K34,BALAI BESAR PELATIHAN VOKASI DAN PRODUKTIVITAS MEDAN,DL.4057.SCO.003.054.0A.521211,APBN,01KW1P6N13318D5PG39NSZAX78,166400000,65763468,1,01K7P0067ZG2CA6RAJ5KWNE08H,451094,0,2026-06-27T00:00:00Z,"Peningkatan Penyelenggaraan Pelatihan Vokasi dan Pemagangan Binalavotas, ",efbb911a-59d7-54a0-816c-d0c9fbaa93e6.RbC4gAjYfVLgw6nQ.vKlw7qzv245BRUsPoxizmIYfblFRdDNZplLZVPgwLWQ
"Fullboard Moderator, Panitia Penyelenggara dan Peserta",COMPLETED,2026,4718214d-9bf6-455f-9c37-ed588240e683,69,0,COMPLETED,Tidak,K34,DITJEN. PEMBINAAN HUBUNGAN INDUSTRIAL DAN JAMINAN SOSIAL TENAGA KERJA,DN.6587.QDH.002.052.0B.524119,APBN,01KRGFE1Y7S3XMAQDPK36XRK6P,53820000,66124022,1,01JSGSK1J84061W8EA0AQSEDPT,451270,0,2026-05-13T00:00:00Z,"Peningkatan Pembinaan Hubungan Kerja dan Penerapan Pengupahan, ",efbb911a-59d7-54a0-816c-d0c9fbaa93e6.RbC4gAjYfVLgw6nQ.vKlw7qzv245BRUsPoxizmIYfblFRdDNZplLZVPgwLWQ
Konsumsi Peserta Pelatihan 200 JP PBL RM,DRAFT,2026,8c2b6024-3954-49d9-94a4-ad63660eb9e8,220,,CANCELLED,Tidak,K34,BALAI BESAR PELATIHAN VOKASI DAN PRODUKTIVITAS MEDAN,DL.4057.SCO.003.051.0B.521211,APBN,01KVM55N0MTFQYQPZ8XJ8HPFHK,4400000,65762766,1,01K7P0067ZG2CA6RAJ5KWNE08H,451094,0,2026-06-22T00:00:00Z,"Peningkatan Penyelenggaraan Pelatihan Vokasi dan Pemagangan Binalavotas, ",efbb911a-59d7-54a0-816c-d0c9fbaa93e6.RbC4gAjYfVLgw6nQ.vKlw7qzv245BRUsPoxizmIYfblFRdDNZplLZVPgwLWQ
PENGADAAN TENAGA ALIH DAYA PRAMUBAKTI BIRO PERENCANAAN DAN MANAJEMEN KINERJA SEKRETARIAT JENDERAL KEMENTERIAN KETENAGAKERJAAN,DRAFT,2026,7907e2ff-0cb3-4d2d-9a39-a2e0f7301fa3,22,,CANCELLED_ON_REVIEW,Tidak,K34,BIRO PERENCANAAN,WA.2158.EBA.994.002.0E.521111,APBN,01KFYMG1PCC3TP3PJ0ZM8040D3,190109700,62818728,1,01JBY93PFF67PZKX4A22Z15V9M,450922,5757127,,"Peningkatan Pengelolaan dan Pelaporan Keuangan, ",efbb911a-59d7-54a0-816c-d0c9fbaa93e6.RbC4gAjYfVLgw6nQ.vKlw7qzv245BRUsPoxizmIYfblFRdDNZplLZVPgwLWQ
Belanja Pengadaan Konsumsi Peserta Pelatihan UPTD Technopark Sragen,COMPLETED,2026,2bf4d0f0-b2b9-462f-a99d-db980ebeaad2,528,0,PAYMENT_OUTSIDE_SYSTEM,Tidak,K34,BALAI PELATIHAN VOKASI DAN PRODUKTIVITAS SURAKARTA,DL.4057.SCO.011.057.0A.521211,APBN,01KNR98ATJDH3ESTN7RQDYB079,10560000,66297988,1,01JEQEEJE65GZYS2CSFG39P481,035636,203228,2026-04-10T00:00:00Z,"Peningkatan Penyelenggaraan Pelatihan Vokasi dan Pemagangan Binalavotas, ",efbb911a-59d7-54a0-816c-d0c9fbaa93e6.RbC4gAjYfVLgw6nQ.vKlw7qzv245BRUsPoxizmIYfblFRdDNZplLZVPgwLWQ
"Paket Fullboard Moderator, Penyelenggara, dan Peserta TANPA SUB KOMPONEN  Dalam Kota",COMPLETED,2026,c622e46a-a32c-478b-8173-faa629e3f5b6,110,0,COMPLETED,Tidak,K34,DITJEN. PEMBINAAN HUBUNGAN INDUSTRIAL DAN JAMINAN SOSIAL TENAGA KERJA,DN.2179.BDC.001.051.0A.524114,APBN,01KYP9P8VXXJP9249GSF9SKWA3,110000000,65992195,1,01K768YQ67DE1YE7AKF1GCHCR4,451270,0,2026-07-29T00:00:00Z,"Penguatan Kelembagaan dan Pencegahan Perselisihan Hubungan Industrial, ",efbb911a-59d7-54a0-816c-d0c9fbaa93e6.RbC4gAjYfVLgw6nQ.vKlw7qzv245BRUsPoxizmIYfblFRdDNZplLZVPgwLWQ
 Bahan Pelatihan Content Creator 260 JP,COMPLETED,2026,c2ac721a-0fd8-49d1-86ad-30b026d27182,1,222000,ON_PROCESS,Tidak,K34,BALAI PELATIHAN VOKASI DAN PRODUKTIVITAS SIDOARJO,DL.4057.SCO.007.052.0A.521211,APBN,01KXMT6QPD94E813XKZTR01KEC,12418680,66474653,1,01JE38V96ANYX227NYM5BTBS56,050302,990057,2026-07-16T00:00:00Z,"Peningkatan Penyelenggaraan Pelatihan Vokasi dan Pemagangan Binalavotas, ",efbb911a-59d7-54a0-816c-d0c9fbaa93e6.RbC4gAjYfVLgw6nQ.vKlw7qzv245BRUsPoxizmIYfblFRdDNZplLZVPgwLWQ
Belanja Barang Operasional Lainnya,DRAFT,2026,"943f872d-bbe1-4970-b357-b1e673f60632, 2e9e44f9-f4fb-4973-86fc-2ef971e2eb9d, de2fe06e-c1d3-47f8-9c4b-24a5fc369c20",132,0,ON_PROCESS,Tidak,K34,BALAI KESELAMATAN DAN KESEHATAN KERJA BANDUNG,WA.6622.EBA.994.002.0A.521119,APBN,01KGETCQA4ATNJBS1ZB99MMC83,825000000,63429700,3,01JCF7KZC856GBJ27DTAKDJR7Q,350079,695260,2026-02-03T00:00:00Z,"Dukungan Manajemen Ditjen Pembinaan Pengawasan Ketenagakerjaan dan Keselamatan dan Kesehatan Kerja, ",efbb911a-59d7-54a0-816c-d0c9fbaa93e6.RbC4gAjYfVLgw6nQ.vKlw7qzv245BRUsPoxizmIYfblFRdDNZplLZVPgwLWQ
Pengadaan Bahan Sertifikasi Lulusan (231 Paket),COMPLETED,2026,"97342e00-de8b-44be-8ef7-48608a43346a, aad1222f-835d-4204-b283-bb032bb92b4b, 577b9699-72d1-4b2e-a787-41c0034e846c, 30f200a1-2474-4b3b-b4d0-f7f9bf0b6da3, 3c4243ad-3890-47b5-ac75-86824938e145, 85850cff-c93a-4334-a0f5-fd64fc1456c4, ac983cac-dd6d-478f-b6d8-879cb244b100, 2d040dee-9266-4f6a-985e-8fd89059d371, 948e82fa-3c2a-4f93-a7db-7b98f57e8f69, d30f8a74-7d1a-4eb9-a48d-88f654e5a604, 3e783b3e-24d3-45c4-ae13-b7973a94c3a2, 8638e057-e519-41e8-8f98-a079570269a5, 338b4945-83d5-4b51-82f2-683f855a3346, 3fa61fd7-1d8f-4fff-b29c-dfc46da2f16e, a4b3b4ad-1431-4651-b2db-bdb9aff224eb, 603053a5-3f92-4c63-9894-a60324b0820e, b41954d5-51f7-4a3a-a730-c087795743b6",63,0,COMPLETED,Tidak,K34,BALAI BESAR PELATIHAN VOKASI DAN PRODUKTIVITAS SERANG,"DL.4053.PDI.002.051.0A.521211, DL.4053.PDI.002.051.0B.521211, DL.4053.PDI.003.051.0A.521211",APBN,01KZ8K1VA5FP2XPCWG6QTS2PW7,8905641,63091859,23,01J8M8DD8G2QTQVXFNY1S0SJW3,426531,279659009,2026-08-07T00:00:00Z,"Pengembangan Sistem dan Pelaksanaan Sertifikasi Kompetensi Profesi Binalavotas, ",efbb911a-59d7-54a0-816c-d0c9fbaa93e6.RbC4gAjYfVLgw6nQ.vKlw7qzv245BRUsPoxizmIYfblFRdDNZplLZVPgwLWQ
Fullboard Paket Meeting - Persiapan Pelaksanaan Penyaluran Bantuan Kegiatan Padat Karya - Penyusunan Juknis Padat Karya,DRAFT,2026,b1e229f6-4d04-46d5-9f9c-e191e48a7bc3,57,,CANCELLED_ON_NEGOTIATION,Tidak,K34,DIREKTORAT BINA PERLUASAN KESEMPATAN KERJA,DN.2175.BDC.002.051.0A.524114,APBN,01KJVDACP5GQ7Z92FN5W0AZH5Y,62700000,65906250,1,01JWATA9SKZVDA022CGSQKZ3CY,626041,0,,"Perluasan Kesempatan Kerja, ",efbb911a-59d7-54a0-816c-d0c9fbaa93e6.RbC4gAjYfVLgw6nQ.vKlw7qzv245BRUsPoxizmIYfblFRdDNZplLZVPgwLWQ
Paket Fullboard Peserta dan Panitia,COMPLETED,2026,7e9852c3-1e18-46b5-ad24-8090dc91affc,66,0,COMPLETED,Tidak,K34,DITJEN. PEMBINAAN HUBUNGAN INDUSTRIAL DAN JAMINAN SOSIAL TENAGA KERJA,DN.5586.PEF.001.051.0A.524114,APBN,01KMZ4T3720AY0238M3E5298Z3,62700000,66258191,1,01K1D9G8WNJHDRQJ6X9E00FQ48,451270,0,2026-03-30T00:00:00Z,"Peningkatan Penerapan Jaminan Sosial Tenaga Kerja dan Fasilitasi Kesejahteraan Pekerja, ",efbb911a-59d7-54a0-816c-d0c9fbaa93e6.RbC4gAjYfVLgw6nQ.vKlw7qzv245BRUsPoxizmIYfblFRdDNZplLZVPgwLWQ
Pengadaan Bahan Sertifikasi Lulusan (231 Paket),COMPLETED,2026,"38dc6c03-595d-4300-bbae-6c1cc12835c0, 356be4f9-98bb-4e86-bc64-17b2888f3d8b, 9d6d9402-78b7-41b6-9e39-53bf60d3f90f, 32658e5d-a28c-414e-8551-610ce51a36ea, f34b0d46-dbff-45c0-b82f-b5a2551ef0f1, 638af594-401d-4ce5-b4d3-ddce69b9edc5, bcccf355-51c5-4e5e-bd15-8a2760e4922f, 89e17c9e-e59c-44ce-ad0f-47bd65fe0cb0, 31209d57-7c46-4daa-9137-b1af86fc181a, 6a2c3547-5f2f-42fe-b65c-6eb6342b3863, 416f6cac-782a-4674-86d7-c9f36c42d72b, 357eeec2-e235-473a-942b-4eac582ae09f, bcac6597-47c1-491b-9421-3da5484d84b0",271,0,COMPLETED,Tidak,K34,BALAI BESAR PELATIHAN VOKASI DAN PRODUKTIVITAS SERANG,"DL.4053.PDI.002.051.0A.521211, DL.4053.PDI.002.051.0B.521211, DL.4053.PDI.003.051.0A.521211",APBN,01KWK0XY0W8NM0R8T6HT1XA1E8,27021840,63091859,19,01JA5A03NNYR55WA0Y7544VQ01,426531,24382119,2026-07-07T00:00:00Z,"Pengembangan Sistem dan Pelaksanaan Sertifikasi Kompetensi Profesi Binalavotas, ",efbb911a-59d7-54a0-816c-d0c9fbaa93e6.RbC4gAjYfVLgw6nQ.vKlw7qzv245BRUsPoxizmIYfblFRdDNZplLZVPgwLWQ
Pakaian Kerja 49 Paket RM,COMPLETED,2026,bcbfdd3d-7d80-4b14-a70b-c410ae1c8a14,592,0,ON_PROCESS,Tidak,K34,BALAI BESAR PELATIHAN VOKASI DAN PRODUKTIVITAS MEDAN,"DL.4057.SCO.003.051.0B.521211, DL.4057.SCO.003.052.0A.521211, DL.4057.SCO.003.052.0B.521211, DL.4057.SCO.003.052.0C.521211, DL.4057.SCO.003.053.0B.521211",APBN,01KJVSCRXNHFH3GSPM3MF8C5DK,87615781,66165439,1,01K5XCAA81FY28X0AJ9P6986WT,451094,0,2026-03-05T00:00:00Z,,efbb911a-59d7-54a0-816c-d0c9fbaa93e6.RbC4gAjYfVLgw6nQ.vKlw7qzv245BRUsPoxizmIYfblFRdDNZplLZVPgwLWQ
 Bahan Pelatihan Content Creator 260 JP,COMPLETED,2026,c2ac721a-0fd8-49d1-86ad-30b026d27182,1,222000,COMPLETED,Tidak,K34,BALAI PELATIHAN VOKASI DAN PRODUKTIVITAS SIDOARJO,DL.4057.SCO.007.052.0A.521211,APBN,01KV4SEEW4YYC2HK3XNW4WB0BQ,12418680,66474653,1,01JE38V96ANYX227NYM5BTBS56,050302,990057,2026-06-15T00:00:00Z,"Peningkatan Penyelenggaraan Pelatihan Vokasi dan Pemagangan Binalavotas, ",efbb911a-59d7-54a0-816c-d0c9fbaa93e6.RbC4gAjYfVLgw6nQ.vKlw7qzv245BRUsPoxizmIYfblFRdDNZplLZVPgwLWQ
Pengadaan Bahan Pelatihan Vokasi UPTP PNBP (30 Paket),DRAFT,2026,"9b3c7c0d-f23a-48f8-bb3b-5acd32bd15aa, 8da8fc28-5cca-4ab9-b5bc-d9dbc63e28c9, a6baecdd-68d8-422e-9095-9c1c16e2fb77, e17f25bf-7afc-4a65-b2de-48850ad1f946, bcf1f1ba-74af-4a50-85c3-dca1ab5a4f57, 1f6453f7-a107-4a72-8120-5d858e7d58a2, 55326ff0-b2c2-4cec-9223-b40c7863f5b1, 9d3c6805-d118-46c3-a3cd-a3ea87bab865, f20b681d-3962-48aa-8c0f-0fb1aba4bbb8, 5dca4462-7604-4e3c-aef0-d7909e0d502e, ab1c430a-e34f-47f5-af47-2812e6cda2c6, df690b79-f047-467d-9821-e0bf53a50745, 5c366af3-e1e2-4924-8db6-3b4ee7552aa3, 9de2ec3e-fa5b-4418-808c-a688320682c8, c5a70ea1-9478-4cd4-bf6c-4081ea3e6f25, 260e7d47-35d5-4566-b8c5-fa7ad27439e6, 46b73a44-57e5-42b6-a834-9f73326064cf, f79f5180-6302-4d8d-9264-473281aab65d, 62888ce3-a804-4cc8-9daa-3e7e20796d4b, 53ff7726-0f47-488c-bdde-80df0451b512, ecf6b386-e35e-42a9-a447-d68f59c9b1cf, 74f0d276-0e58-488f-8fd9-7b604d1db164, e719128f-57e0-48c7-847d-cf19047704ca, 1f5519dd-7e3b-4d1c-a039-7960fc03ea87, 59709609-290c-401e-9761-434e73ea91ea, 48acbbcf-2ace-4c9f-8e31-3a15da1099a8, 32022696-0655-47eb-93e4-ef8e89211ec5, 34c7c37c-6c5d-4af1-b3dc-ec9544ede5d3, 7824108c-b4ba-4622-9ec3-49d031509aed, 7c2885e4-f9c0-49b9-ae85-e5c853c17795, 502c7266-e6cf-4c75-8765-bb7c07ab6923, 6c34ee70-82cf-4782-a995-8dcf5c24458d, b32e4bb6-d664-4842-aa03-5844dd2c5527, 2cbe8e28-db2f-4334-832c-ece092e69b6c, eb66f812-cb2d-4221-b21d-ce9bb3ea356b, 88070b8e-e5d2-48d7-9a2d-272dbbfd6304, 0325e573-4efd-41f9-9f29-329c9a6ad94d, fb9bc091-9214-425a-97d3-c94d80aa2bd0, 76775df7-7907-48f9-a153-e8dabdd23bbd, 9006c12b-c809-4332-ba86-be3ba01f9656, ca7fc91a-f2b8-436c-a976-84add9300748, 733d47f2-dbda-4320-ae0d-c3540623ff8d, 25079ac2-ee31-4708-8a07-08a23267e87a, b8078b71-dd77-48ab-9771-0610fd72369b, e72e3b7f-52cc-4983-8cc9-bc5614047966, 7bfd02d2-19de-4a0f-ab94-9ec50f37d841, d2435bd0-9118-4809-a795-033c82e54a87, 772f7421-02c3-4cc0-be75-56b78ff2ea81, 734595c0-94a5-449c-b6f3-c617db2f7a84, 70b0995d-412f-42bb-a465-29e7b44ae422, e00598cb-e079-4b19-b390-21c10ec14d15, 2ecfe2cd-1cfa-48d5-83e2-53ba4886a4c8, 0be18ef9-94d2-4c05-99f6-798d0693ae2e, 50902f63-9b6b-447b-817a-ba730ce93b1b, debea733-001c-4386-b5ca-0b9e6d91a685, 4d901ae4-7919-4408-bbf1-c3ae18511e64, 79943196-96dd-430d-aafb-8b1d7e8ca26b, 1f8dc073-c303-4242-bbd6-6bfc39330be8",1806,0,PAYMENT_OUTSIDE_SYSTEM,Tidak,K34,BALAI BESAR PELATIHAN VOKASI DAN PRODUKTIVITAS SERANG,"DL.4057.SCO.003.051.0A.521211, DL.4057.SCO.003.053.0A.521211, DL.4057.SCO.003.054.0A.521211, DL.4057.SCO.005.052.0A.521211, DL.4057.SCO.007.052.0A.521211, DL.4057.SCO.008.052.0B.521211",APBN,01KVAB6MRYE0WCEH3Y338EBXZJ,200174625,66342119,62,01JPHT8R3TKWRTQ8663M9DRT2Q,426531,43475011,2026-06-19T00:00:00Z,"Peningkatan Penyelenggaraan Pelatihan Vokasi dan Pemagangan Binalavotas, ",efbb911a-59d7-54a0-816c-d0c9fbaa93e6.RbC4gAjYfVLgw6nQ.vKlw7qzv245BRUsPoxizmIYfblFRdDNZplLZVPgwLWQ
Pest Control,COMPLETED,2026,"66bba602-4b39-4525-8969-26c0f0b9dd86, 86fbb1ce-9ff9-4770-86db-3285ac037463",49932,0,COMPLETED,Tidak,K34,SEKRETARIAT JENDERAL KEMNAKER,WA.2158.EBA.994.002.0K.523111,APBN,01KQXQX44QSV4H58JPEGYXS77Y,75272490,66029467,2,01JH25183A5TVY813HBHAKEDVN,450938,3667127,2026-05-08T00:00:00Z,"Peningkatan Pengelolaan dan Pelaporan Keuangan, ",efbb911a-59d7-54a0-816c-d0c9fbaa93e6.RbC4gAjYfVLgw6nQ.vKlw7qzv245BRUsPoxizmIYfblFRdDNZplLZVPgwLWQ
"Paket Pertemuan Fullboard Peserta, Moderator, dan Penyelenggara BIMTEK PENCATATAN DAN VERIFIKASI SERIKAT PEKERJA/SERIKAT BURUH",COMPLETED,2026,a187f631-de63-4efb-aba5-24601c81f5ed,110,0,PAYMENT_OUTSIDE_SYSTEM,Tidak,K34,DITJEN. PEMBINAAN HUBUNGAN INDUSTRIAL DAN JAMINAN SOSIAL TENAGA KERJA,DN.2179.BDC.007.051.0A.524119,APBN,01KJVSCYJNFSPDGVP8PXSV8ZDM,105600000,63841797,1,01JXVT2GVPMATBEZR6E98CPA60,451270,0,2026-03-06T00:00:00Z,"Penguatan Kelembagaan dan Pencegahan Perselisihan Hubungan Industrial, ",efbb911a-59d7-54a0-816c-d0c9fbaa93e6.RbC4gAjYfVLgw6nQ.vKlw7qzv245BRUsPoxizmIYfblFRdDNZplLZVPgwLWQ
Pengadaan Jasa Tenaga Alihdaya (Outsourcing) Pengemudi Gedung Vokasi Kemnaker RI,DRAFT,2026,cbe3d6b1-a593-4cc8-b50a-67de3e79ff3f,3,0,ON_PROCESS,Tidak,K34,DITJEN PEMBINAAN PELATIHAN VOKASI DAN PRODUKTIVITAS,WA.6988.EBA.994.002.0G.522191,APBN,01KEXBWFN1HGVV82CW2SRTN7TM,357098772,63416295,1,01JB0W1YHSNPS4PMNKJVCPZAM2,451026,336190,2026-01-14T00:00:00Z,"Dukungan Manajemen Direktorat Jenderal Pembinaan Pelatihan Vokasi dan Produktivitas, ",efbb911a-59d7-54a0-816c-d0c9fbaa93e6.RbC4gAjYfVLgw6nQ.vKlw7qzv245BRUsPoxizmIYfblFRdDNZplLZVPgwLWQ
Survey IKM,DRAFT,2026,4da7db35-6410-4b44-930b-eacbd6cb7825,1,0,ON_PROCESS,Tidak,K34,SEKRETARIAT JENDERAL KEMNAKER,WA.2163.EBA.958.051.0B.522191,APBN,01KMMZMCE89VM4HC3A735MJFM7,99900000,66271248,1,01K1Z3WJ2CB1XD8VE9TXB7JW1M,450938,0,2026-03-27T00:00:00Z,"Peningkatan dan Pengelolaan Hubungan Masyarakat, ",efbb911a-59d7-54a0-816c-d0c9fbaa93e6.RbC4gAjYfVLgw6nQ.vKlw7qzv245BRUsPoxizmIYfblFRdDNZplLZVPgwLWQ
Konsumsi Peserta Pelatihan 260 JP Reguler PBK RM,COMPLETED,2026,ff6ecf37-0598-4d3b-805f-e8b6273f095c,295,0,ON_PROCESS,Tidak,K34,BALAI BESAR PELATIHAN VOKASI DAN PRODUKTIVITAS MEDAN,DL.4057.SCO.003.052.0A.521211,APBN,01KNP3E2K791ADRQ84D6RP3CN1,5900000,66121349,1,01K58D7JY1JYPTGJFWZ2X04A9N,451094,0,2026-04-08T00:00:00Z,"Peningkatan Penyelenggaraan Pelatihan Vokasi dan Pemagangan Binalavotas, ",efbb911a-59d7-54a0-816c-d0c9fbaa93e6.RbC4gAjYfVLgw6nQ.vKlw7qzv245BRUsPoxizmIYfblFRdDNZplLZVPgwLWQ
Pengadaan Jasa Layanan Internet (periode Januari 2026),COMPLETED,2026,e44120eb-1aaf-4f5f-b817-d3b4fb2d638d,1,0,COMPLETED,Tidak,K34,BALAI BESAR PERLUASAN KESEMPATAN KERJA,WA.6621.EBA.994.002.0C.522119,APBN,01KFM8AG9V1NH49CFT8AYJCG6Y,28860000,63289319,1,01JD1AEPSHWYGXZ0JKGX3VSRPN,259322,12616047,2026-01-23T00:00:00Z,"Dukungan Manajemen Ditjen Pembinaan Penempatan Tenaga Kerja dan Perluasan Kesempatan Kerja, ",efbb911a-59d7-54a0-816c-d0c9fbaa93e6.RbC4gAjYfVLgw6nQ.vKlw7qzv245BRUsPoxizmIYfblFRdDNZplLZVPgwLWQ
Bahan Pelatihan Tailor Made Training 40 JP B,COMPLETED,2026,f6699671-2137-4fd2-9cbf-7f9133b632cb,1,0,PAYMENT_OUTSIDE_SYSTEM,Tidak,K34,BALAI PELATIHAN VOKASI DAN PRODUKTIVITAS SIDOARJO,DL.4057.SCO.003.053.0A.521211,APBN,01KN6J8N63R63JR1ASFXDWKNBB,9024300,66473758,1,01JHHRZPE4EYNR91T2A4YDH7JS,050302,203207,2026-04-06T00:00:00Z,"Peningkatan Penyelenggaraan Pelatihan Vokasi dan Pemagangan Binalavotas, ",efbb911a-59d7-54a0-816c-d0c9fbaa93e6.RbC4gAjYfVLgw6nQ.vKlw7qzv245BRUsPoxizmIYfblFRdDNZplLZVPgwLWQ
Sewa Mesin Fotocopy Biro Organisasi dan SDM Aparatur,DRAFT,2026,44be670e-f2ed-4673-a460-c5a51960a1e2,2,,CANCELLED_ON_NEGOTIATION,Tidak,K34,SEKRETARIAT JENDERAL KEMNAKER,WA.2158.EBA.994.002.0O.522141,APBN,01KFWK147SFFV4GQDBMQ8S2WTM,124800000,63895748,1,01JA3C5B6CMH4CQ2DHXBR49BX8,450938,14434119,,"Peningkatan Pengelolaan dan Pelaporan Keuangan, ",efbb911a-59d7-54a0-816c-d0c9fbaa93e6.RbC4gAjYfVLgw6nQ.vKlw7qzv245BRUsPoxizmIYfblFRdDNZplLZVPgwLWQ
Paket Meeting Fullboard Panitia dan Peserta,DRAFT,2026,711f9683-38d0-4f55-a21b-e352cd7b0cc0,54,,CANCELLED_ON_REVIEW,Tidak,K34,DITJEN PHI DAN JAMSOS,DN.5586.BDC.002.056.0A.524119,APBN,01KQ6GBFMFRM3QPJBV4VMN0G35,48600000,66973485,1,01JVRQQAH8934T8B9K7C12EZV7,451310,0,,"Peningkatan Penerapan Jaminan Sosial Tenaga Kerja dan Fasilitasi Kesejahteraan Pekerja, ",efbb911a-59d7-54a0-816c-d0c9fbaa93e6.RbC4gAjYfVLgw6nQ.vKlw7qzv245BRUsPoxizmIYfblFRdDNZplLZVPgwLWQ
Pengadaan Paket Fullboard Meeting Luar Kota LISTRAF Komponen C,COMPLETED,2026,549c25b7-560c-47fe-a55e-c711df47025d,48,0,COMPLETED,Tidak,K34,BIRO PERENCANAAN,WA.2160.AEA.002.055.0O.524119,APBN,01KH0QBY1041F03QJCGK7A1Z9V,45600000,65584502,1,01JXVYFXQ46226PBVES9PTQEQW,450922,0,2026-02-10T00:00:00Z,"Peningkatan Perencanaan Program dan Anggaran, ",efbb911a-59d7-54a0-816c-d0c9fbaa93e6.RbC4gAjYfVLgw6nQ.vKlw7qzv245BRUsPoxizmIYfblFRdDNZplLZVPgwLWQ
Paket Meeting Fullboard Peserta dan Panitia,COMPLETED,2026,d592a259-9fc8-45ee-a559-0ee320cbd2f8,108,0,COMPLETED,Tidak,K34,DITJEN PHI DAN JAMSOS,DN.5586.BDC.001.051.0A.524119,APBN,01KXD6MYHA5VT61HMBVMSSY5T3,102600000,66262516,1,01JT7NGJFFBDD29JBB0NG7GNJ4,451310,0,2026-07-14T00:00:00Z,"Peningkatan Penerapan Jaminan Sosial Tenaga Kerja dan Fasilitasi Kesejahteraan Pekerja, ",efbb911a-59d7-54a0-816c-d0c9fbaa93e6.RbC4gAjYfVLgw6nQ.vKlw7qzv245BRUsPoxizmIYfblFRdDNZplLZVPgwLWQ
 Pengadaan Jasa Layanan Internet (periode April - Desember 2026),COMPLETED,2026,e44120eb-1aaf-4f5f-b817-d3b4fb2d638d,1,0,COMPLETED,Tidak,K34,BALAI BESAR PERLUASAN KESEMPATAN KERJA,WA.6621.EBA.994.002.0c.522119,APBN,01KT677C5JH3T2KZ30C1RP0SF6,28860000,66023615,1,01JD1AEPSHWYGXZ0JKGX3VSRPN,259322,12616047,2026-06-03T00:00:00Z,"Dukungan Manajemen Ditjen Pembinaan Penempatan Tenaga Kerja dan Perluasan Kesempatan Kerja, ",efbb911a-59d7-54a0-816c-d0c9fbaa93e6.RbC4gAjYfVLgw6nQ.vKlw7qzv245BRUsPoxizmIYfblFRdDNZplLZVPgwLWQ
Belanja Bahan Pelatihan Vokasi Bidang Industri dan Jasa Reguler,COMPLETED,2026,"e2d365ce-bd9a-4940-8cf1-4644f6b94a33, f82a04b2-86dd-4901-84e2-7b76c3d77ba2, 2ad8d7f0-8df3-4f3a-96ae-048b004be606, 4c2c26ae-1d60-4e65-b4bd-3d30d6b622d8, ecae27f5-f3fd-4b41-8ff4-afbee569154e, bd8301d8-a2cf-453d-a0c9-f3d99817a9d0, 436f845a-0f01-409b-9f95-1561a95ee46c, ea30f137-337a-4680-8ad9-f0084c237fc7, dce99a4c-49e5-416b-bac1-ef5a505f8dba, 88068bb5-dd7d-42a1-939d-84f2b3153b5f, 09feeffa-a8d3-4e59-bef8-c3b08f1eea15, 4fdf8d05-a01c-4ad4-bcce-de5c7806d937, 7bf9de53-fd0d-48a4-a4b5-e1b70bd324da, 9d422462-67d3-47f6-8e3c-4cc1b88f4c33, e53eee50-1981-497b-9c2c-a970a257abbc, ed6f8490-b02a-46ec-bbac-da59044483a2, 4ae1befb-b821-4dea-bb20-6e57d23cf31b, bca6fb2d-b02e-4013-b2f2-f452933fecf2, 3b8668a4-87fe-4a21-b760-7559c0762d4b, 7039260f-cf4c-4915-9428-65b1a25a5ab7, 41a48a31-3d6a-42fa-ba57-11d73b5bf410, db88d6de-0aaf-4944-94b1-2a7ee26f2028, c63a57db-93e3-4c42-aa43-96385eb922cc, 073e9b75-10ce-413e-b365-f63cde816911, 31046ed2-f3ec-4d20-b9f0-93a6e7bdec6d, c9395b51-71c7-47f0-bc3b-16c90057ad27, b799922b-71db-48af-9f49-5e707fe9c54b, a47a9645-6a38-4a03-bb47-33a67065dde6, ddb64280-7afd-4bb5-abd0-e7ede2c76038, 309d949c-d248-498a-b6c9-856ca46102f6, 731b9e16-ed05-492c-a595-8cbae765c0ac, b80a279e-c742-44c2-94ca-3b190d6aa17d, d055b200-7186-40ca-a52b-ef772cae1e59, d8ad340a-e474-4c89-a2e1-c43d8948a327",341,0,COMPLETED,Tidak,K34,BALAI BESAR PELATIHAN VOKASI DAN PRODUKTIVITAS SEMARANG,DL.4057.SCO.003.052.0A.521211,APBN,01KK882PMPGTJACCC0Y57FP7BE,11476790,65956099,34,01JY61XM4G13MY1MYNDAVFQ9B1,452609,0,2026-03-09T00:00:00Z,"Peningkatan Penyelenggaraan Pelatihan Vokasi dan Pemagangan Binalavotas, ",efbb911a-59d7-54a0-816c-d0c9fbaa93e6.RbC4gAjYfVLgw6nQ.vKlw7qzv245BRUsPoxizmIYfblFRdDNZplLZVPgwLWQ
"Belanja Keperluan Perkantoran Perbaikan Peralatan Perkantoran, Pemeliharaan serta Perawatan Kendaraan, dan Operasional Kantor Ditjen Binapenta dan PKK",COMPLETED,2026,"57d95753-66b3-4e4c-8f4a-76f13f4d7ae2, abc804ca-9be1-48b5-85c3-7dfb084a6007, c6d948f1-1ee2-48c9-8b1f-8cd8d0359d97, dcd36261-c742-444b-8481-4a33a404419f, fb2d6eeb-575a-40db-91b2-9dedc8b8e9c6, 415d0264-a78f-4205-a751-2ea5da048588, 6b4fb562-36df-4d74-bc53-c747b2e01ab4, 93512b01-de28-4cb5-b351-e5e097ebbd0a, eaf21162-9d47-4a3f-812f-9cd7b090d633, fd44de52-9543-4777-a987-69b42b11ca61, 047ce280-1b50-440f-b0df-61ab343e3c74, d4f42692-9c71-46e6-bcda-36d63171b018, 56e1e4a9-d876-46aa-857d-a18f73fb82f5, 44b41b1b-d62b-4364-86f2-d739465c2744, f1af8def-a231-48f6-8951-da532a5e6126, 4c91b240-4dae-4a3b-bcf7-dbf89397cadb",152,0,COMPLETED,Tidak,K34,DITJEN PEMBINAAN PENEMPATAN TENAGA KERJA DAN PERLUASAN KESEMPATAN KERJA,WA.6621.EBA.994.002.0B.521111,APBN,01KRNHGN44C1CV9BRKRNSKC82V,199621512,63989776,16,01J8KYXPXAGC5QMWWT748704NE,451139,281425009,2026-05-18T00:00:00Z,"Dukungan Manajemen Ditjen Pembinaan Penempatan Tenaga Kerja dan Perluasan Kesempatan Kerja, ",efbb911a-59d7-54a0-816c-d0c9fbaa93e6.RbC4gAjYfVLgw6nQ.vKlw7qzv245BRUsPoxizmIYfblFRdDNZplLZVPgwLWQ
Biaya Konsumsi Penyelenggaraan Diklat - Pelatihan PKP,COMPLETED,2026,"9e9d576e-920d-4dea-b8a1-87f76b6980bc, 7a9f525c-01af-4fbe-8ab2-10feb98f014f",3491,0,COMPLETED,Tidak,K34,PUSAT PENGEMBANGAN SUMBER DAYA MANUSIA KETENAGAKERJAAN,WA.2165.EBC.996.052.0C.521211,APBN,01KVWFT4129XTW4V4WJHSFXKK7,114760000,67364292,2,01JCZ4B40RAC58Y2DRVV7EJ7S8,450990,45893009,2026-06-24T00:00:00Z,"Peningkatan Kualitas Sumber Daya Manusia (SDM) Aparatur, ",efbb911a-59d7-54a0-816c-d0c9fbaa93e6.RbC4gAjYfVLgw6nQ.vKlw7qzv245BRUsPoxizmIYfblFRdDNZplLZVPgwLWQ
 Pemeliharaan Perangkat Data Center Precision Air Conditioner (PAC) ,DRAFT,2026,ce722185-8708-4451-a638-588450d171d9,1,,CANCELLED_ON_NEGOTIATION,Tidak,K34,BADAN PERENCANAAN DAN PENGEMBANGAN KETENAGAKERJAAN,WA.6624.EBA.994.002.BC.522191,APBN,01KXQQD55JJ4FE2H03QJV4B0ZX,49950000,67473859,1,01K1A2MN2EDG8ZVWWN3C72V22E,452677,0,,"Dukungan Manajemen Badan Perencanaan dan Pengembangan Ketenagakerjaan, ",efbb911a-59d7-54a0-816c-d0c9fbaa93e6.RbC4gAjYfVLgw6nQ.vKlw7qzv245BRUsPoxizmIYfblFRdDNZplLZVPgwLWQ
Pakaian Kerja PBK Reguler ,COMPLETED,2026,0beeec96-e99e-49c4-9241-86eb1e12fbf3,240,0,COMPLETED,Tidak,K34,BALAI BESAR PELATIHAN VOKASI DAN PRODUKTIVITAS BANDUNG,DL.4057.SCO.003.052.0A.521211,APBN,01KVCDSZMN1R8GJ25TGNC4NESJ,35760204,66332379,1,01JJ4028SKRBRRDRR28ZQKBTCW,452542,10303014,2026-06-19T00:00:00Z,"Peningkatan Penyelenggaraan Pelatihan Vokasi dan Pemagangan Binalavotas, ",efbb911a-59d7-54a0-816c-d0c9fbaa93e6.RbC4gAjYfVLgw6nQ.vKlw7qzv245BRUsPoxizmIYfblFRdDNZplLZVPgwLWQ
Pengadaan Pakaian Kerja dan Kaos Peserta Pelatihan (189 Paket),COMPLETED,2026,dbed8759-b7be-4c27-a876-fd30e16cfc2c,80,0,COMPLETED,Tidak,K34,BALAI BESAR PELATIHAN VOKASI DAN PRODUKTIVITAS SERANG,"DL.4057.SCO.003.051.0A.521211, DL.4057.SCO.003.051.0B.521211, DL.4057.SCO.003.052.0A.521211, DL.4057.SCO.003.052.0C.521211, DL.4057.SCO.003.053.0A.521211, DL.4057.SCO.003.053.0B.521211, DL.4057.SCO.003.054.0A.521211, DL.4057.SCO.005.052.0A.521211, DL.4057.SCO.005.052.0C.521211, DL.4057.SCO.007.052.0A.521211, DL.4057.SCO.007.052.0C.521211, DL.4057.SCO.008.052.0A.521211, DL.4057.SCO.008.052.0B.521211, DL.4057.SCO.035.051.0B.521211, DL.4057.SCO.035.054.0B.521211, DL.4057.SCO.035.055.0B.521211, DL.4057.SCO.035.056.0B.521211",APBN,01KVYCP4WCXA7VAZTD5JH0T3HV,7947600,63093792,5,01JBGDSJNXNZCRFFDHX1P49CE2,426531,16727127,2026-06-26T00:00:00Z,"Peningkatan Penyelenggaraan Pelatihan Vokasi dan Pemagangan Binalavotas, ",efbb911a-59d7-54a0-816c-d0c9fbaa93e6.RbC4gAjYfVLgw6nQ.vKlw7qzv245BRUsPoxizmIYfblFRdDNZplLZVPgwLWQ
Pengadaan Konsumsi Peserta Pelatihan Non Boarding Bidang TIK dan Bidang Pariwisata,DRAFT,2026,32bcb72b-4cb4-40a5-9695-ad3b5acbf93c,2352,0,ON_PROCESS,Tidak,K34,BALAI BESAR PELATIHAN VOKASI DAN PRODUKTIVITAS BEKASI,"DL.4057.SCO.005.052.0A.521211, DL.4057.SCO.007.052.0A.521211",APBN,01KY6YR6XE9CD7AFYKY35493X6,47040000,67553815,1,01JWTEQ40PFZ81CS5YNZDNRBMH,452558,0,2026-07-23T00:00:00Z,,efbb911a-59d7-54a0-816c-d0c9fbaa93e6.RbC4gAjYfVLgw6nQ.vKlw7qzv245BRUsPoxizmIYfblFRdDNZplLZVPgwLWQ
"Fullboard Moderator, Panitia Penyelenggara dan Peserta",COMPLETED,2026,05cd57df-d511-496e-9e0d-c361aacebc93,92,0,COMPLETED,Tidak,K34,DITJEN. PEMBINAAN HUBUNGAN INDUSTRIAL DAN JAMINAN SOSIAL TENAGA KERJA,DN.6587.AEG.001.051.0D.524119,APBN,01KWNQGZC8FF3QN76J6VR8K2J3,75900000,66135360,1,01KWBJZJ0P4AFEQW08P1RGQYEH,451270,0,2026-07-06T00:00:00Z,"Peningkatan Pembinaan Hubungan Kerja dan Penerapan Pengupahan, ",efbb911a-59d7-54a0-816c-d0c9fbaa93e6.RbC4gAjYfVLgw6nQ.vKlw7qzv245BRUsPoxizmIYfblFRdDNZplLZVPgwLWQ
Konsumsi Peserta Pelatihan 420 JP Reguler PBK RM,BUYER_CONFIRMED,2026,116f359b-901a-45f8-a60d-2712a0806444,672,0,ON_PROCESS,Tidak,K34,BALAI BESAR PELATIHAN VOKASI DAN PRODUKTIVITAS MEDAN,DL.4057.SCO.003.052.0A.521211,APBN,01KN1BFAVKJ440SW1702YNVHDT,13406400,66121341,1,01JDRRYY3RKB31B6D8MQTVFZK7,451094,5079026,2026-03-31T00:00:00Z,"Peningkatan Penyelenggaraan Pelatihan Vokasi dan Pemagangan Binalavotas, ",efbb911a-59d7-54a0-816c-d0c9fbaa93e6.RbC4gAjYfVLgw6nQ.vKlw7qzv245BRUsPoxizmIYfblFRdDNZplLZVPgwLWQ
Paket Meeting Fullboard Peserta dan Panitia,COMPLETED,2026,2a5cb42d-edb8-4c16-8118-0631a8a612e4,80,0,COMPLETED,Tidak,K34,DITJEN PHI DAN JAMSOS,DN.5586.BDC.001.051.0A.524119,APBN,01KP62RBM4MH5616TPB7Y1F5GK,60800000,66262516,1,01KN5Y4B9T21CSGT4WGBPQK83Z,451310,0,2026-04-14T00:00:00Z,"Peningkatan Penerapan Jaminan Sosial Tenaga Kerja dan Fasilitasi Kesejahteraan Pekerja, ",efbb911a-59d7-54a0-816c-d0c9fbaa93e6.RbC4gAjYfVLgw6nQ.vKlw7qzv245BRUsPoxizmIYfblFRdDNZplLZVPgwLWQ
"Belanja Pakaian Kerja, Bahan dan Konsumsi Pelatihan - BLK Purworejo",COMPLETED,2026,e0e6f607-cc44-4239-bb31-b3d37dd7d62c,48,0,ON_PROCESS,Tidak,K34,BALAI PELATIHAN VOKASI DAN PRODUKTIVITAS SURAKARTA,DL.4057.SCO.011.052.0A.521211,APBN,01KTZYWNRGDS8ESMT2YSXESYTM,7166160,66399315,1,01J95KJP4YTTB3MJ809YTHDHYV,035636,24473009,2026-06-15T00:00:00Z,"Peningkatan Penyelenggaraan Pelatihan Vokasi dan Pemagangan Binalavotas, ",efbb911a-59d7-54a0-816c-d0c9fbaa93e6.RbC4gAjYfVLgw6nQ.vKlw7qzv245BRUsPoxizmIYfblFRdDNZplLZVPgwLWQ
"Paket Fullboard Meeting Moderator, Penyelenggara dan Peserta Dialog Penguatan Pembentukan LKS Bipartit di Perusahaan  ",COMPLETED,2026,36b599ae-bf25-4140-8d7e-18372e3c5ace,114,0,PAYMENT_OUTSIDE_SYSTEM,Tidak,K34,DITJEN. PEMBINAAN HUBUNGAN INDUSTRIAL DAN JAMINAN SOSIAL TENAGA KERJA,DN.2179.QDC.001.051.0A.524119,APBN,01KK0YWN4DXVWK4AXTCTEGTH9Q,92340000,65990428,1,01JTD57YZ8R69D4Z8CH4X55CSC,451270,0,2026-03-09T00:00:00Z,"Penguatan Kelembagaan dan Pencegahan Perselisihan Hubungan Industrial, ",efbb911a-59d7-54a0-816c-d0c9fbaa93e6.RbC4gAjYfVLgw6nQ.vKlw7qzv245BRUsPoxizmIYfblFRdDNZplLZVPgwLWQ
Pengadaan Jasa Tenaga Alihdaya (Outsourcing) Operator Media Sosial Gedung Vokasi Kemnaker RI,DRAFT,2026,e816ecd8-dd8a-4e80-9447-5d34a132f790,1,0,ON_PROCESS,Tidak,K34,DITJEN PEMBINAAN PELATIHAN VOKASI DAN PRODUKTIVITAS,WA.6988.EBA.994.002.0G.522191,APBN,01KHAWFE9KWSZM2WGFYA95V6K4,25744500,65397543,1,01JB0W1YHSNPS4PMNKJVCPZAM2,451026,336190,2026-02-18T00:00:00Z,"Dukungan Manajemen Direktorat Jenderal Pembinaan Pelatihan Vokasi dan Produktivitas, ",efbb911a-59d7-54a0-816c-d0c9fbaa93e6.RbC4gAjYfVLgw6nQ.vKlw7qzv245BRUsPoxizmIYfblFRdDNZplLZVPgwLWQ
6988.EBA.994.002.AS.522191.001117 Jasa Alih Daya Satpel Sawahlunto,DRAFT,2026,"983be45c-b4a9-4ed0-b13c-4a13f73f72a6, a34bd7bd-bdeb-4c19-9e2f-439f5cd519a6",63,0,ON_PROCESS,Tidak,K34,BALAI PELATIHAN VOKASI DAN PRODUKTIVITAS PADANG,WA.6988.EBA.994.002.AS.522191,APBN,01KQ6ZR1HDXS80H6W9WAP9E26K,302305806,65868304,2,01J9QMMBYE9D5DCFNMMGBYAJ48,089378,4048114,2026-04-29T00:00:00Z,"Dukungan Manajemen Direktorat Jenderal Pembinaan Pelatihan Vokasi dan Produktivitas, ",efbb911a-59d7-54a0-816c-d0c9fbaa93e6.RbC4gAjYfVLgw6nQ.vKlw7qzv245BRUsPoxizmIYfblFRdDNZplLZVPgwLWQ
Belanja Bahan Pelaksanaan Sertifikasi Lulusan Pelatihan ,COMPLETED,2026,"c747f789-fc57-4bc0-badb-e39b95a41aff, a9704d9b-45d3-4d07-972d-6d87c3fea9bb, 2d24818e-62c6-400c-ac39-4b65326667c7, c712becd-83f8-4984-8ada-99227c70203f, 8f98a452-89ae-445c-ab8a-8afc866df28b, 6348d7a2-10d5-4c79-8516-4ccb68ee4f9c, f1699f33-3739-4de5-a1c7-303e27527340, fa10a8a1-cd44-4277-86ea-86ef2659ba0e, 5af293fb-e453-49e1-92e3-58b3ea3aa86b, 032a532b-2803-466b-87bc-4cec03a9f828, 9bd9774e-54c6-4316-b6ab-64fc2f6214cc, 94858765-5bc0-4044-a7d1-71bab6e6d238, aa6a2d62-37ee-4679-8215-39df4421b64c",101,222000,COMPLETED,Tidak,K34,BALAI BESAR PELATIHAN VOKASI DAN PRODUKTIVITAS SEMARANG,DL.4053.PDI.002.051.0B.521211,APBN,01KXMNMKQD073XKAMVZ95RNJ51,3389607,62801553,13,01JYDESZTP0YA22FBCZT8CDSRE,452609,0,2026-07-16T00:00:00Z,"Pengembangan Sistem dan Pelaksanaan Sertifikasi Kompetensi Profesi Binalavotas, ",efbb911a-59d7-54a0-816c-d0c9fbaa93e6.ZztDkXORgg9Q2ZbD.XxGq2SoB6qeNTvkYvVhPrKV_DFLXltvUAUUlkDmSahE
Bahan Pelatihan Tailor Made Training 40 JP B,COMPLETED,2026,8cd0e1ca-1e96-4b80-a33e-852d0d2149eb,1,0,ON_PROCESS,Tidak,K34,BALAI PELATIHAN VOKASI DAN PRODUKTIVITAS SIDOARJO,DL.4057.SCO.003.053.0A.521211,APBN,01KYGZZF33SY32JH1D9B2EEVQH,9047666,66473758,1,01JAYK7BA0MEZ4014EFKCTSSY8,050302,759449,2026-07-27T00:00:00Z,"Peningkatan Penyelenggaraan Pelatihan Vokasi dan Pemagangan Binalavotas, ",efbb911a-59d7-54a0-816c-d0c9fbaa93e6.ZztDkXORgg9Q2ZbD.XxGq2SoB6qeNTvkYvVhPrKV_DFLXltvUAUUlkDmSahE
Pakaian Kerja 12 Paket Pelatihan Vokasi Bidang Infrastruktur PNBP,DRAFT,2026,d0ae0690-369e-48f2-a71a-5dae10489c44,192,,CANCELLED_ON_NEGOTIATION,Tidak,K34,BALAI BESAR PELATIHAN VOKASI DAN PRODUKTIVITAS MEDAN,DL.4057.SCO.004.052.0A.521211,APBN,01KJS7C3B6VN175B3F4144DBVK,34099200,65763735,1,01JVRVDEC43RX7Y20Y0KAGG81J,451094,0,,"Peningkatan Penyelenggaraan Pelatihan Vokasi dan Pemagangan Binalavotas, ",efbb911a-59d7-54a0-816c-d0c9fbaa93e6.ZztDkXORgg9Q2ZbD.XxGq2SoB6qeNTvkYvVhPrKV_DFLXltvUAUUlkDmSahE
PENGADAAN TENAGA ALIH DAYA PRAMUBAKTI BIRO PERENCANAAN DAN MANAJEMEN KINERJA SEKRETARIAT JENDERAL KEMENTERIAN KETENAGAKERJAAN,DRAFT,2026,7907e2ff-0cb3-4d2d-9a39-a2e0f7301fa3,22,,CANCELLED_ON_NEGOTIATION,Tidak,K34,BIRO PERENCANAAN,WA.2158.EBA.994.002.0E.521111,APBN,01KFWW5KGXZA8WADVX8YHA8C64,192429600,62818728,1,01JBY93PFF67PZKX4A22Z15V9M,450922,5757127,,"Peningkatan Pengelolaan dan Pelaporan Keuangan, ",efbb911a-59d7-54a0-816c-d0c9fbaa93e6.ZztDkXORgg9Q2ZbD.XxGq2SoB6qeNTvkYvVhPrKV_DFLXltvUAUUlkDmSahE
PENGADAAN BAHAN PELATIHAN,COMPLETED,2026,"f5ba76bf-0ae1-4618-ab0c-20cb23338e2f, 95f64e32-a06e-4a57-9852-e54fddd8c915, 390b0c8e-750f-4cea-a812-205206975aa8, 740254b6-c86c-4b29-b06f-c937a7c81d9c",4,0,ON_PROCESS,Tidak,K34,BALAI PELATIHAN VOKASI DAN PRODUKTIVITAS SURAKARTA,DL.4059.SCO.001.051.DL.521211,APBN,01KTVM6YBQD8X6ECR929TB7ZJ4,136530000,66351379,4,01KKXG26XSW86B5G69MGDFZVY1,035636,0,2026-06-15T00:00:00Z,"Pengembangan dan Peningkatan Produktivitas Tenaga Kerja Binalavotas, ",efbb911a-59d7-54a0-816c-d0c9fbaa93e6.ZztDkXORgg9Q2ZbD.XxGq2SoB6qeNTvkYvVhPrKV_DFLXltvUAUUlkDmSahE
Pengadaan Bahan Pelatihan 1 UPTD BLK Disnaker Kab. Kebumen,COMPLETED,2026,"938d01e4-4145-4927-b60a-898422446733, b1a83a97-0202-4e8b-9681-9bd90f0f986e, d1e024df-169b-4f6e-beef-1fd05c8f4f3a, f7d0b01b-d107-4e68-8ab2-c208e2fd3999, 0b9ea63f-e84b-46d4-8d69-d81111c7ccb9, 7e38de4d-c284-4449-81c8-a9539e7f94fa, f188e2fe-2a5a-4112-80e2-6676fa8f797e, 89b50201-97f7-4865-a66e-c9937704f2f4, 9d699e94-1238-4d38-9ae5-46b7829ef6fa, 755dea44-296e-4696-a0ce-60fb24d04533, aa7b04bd-eefd-40f9-8415-a7c4df754cfd, d516e266-8459-471b-be9a-e374cc54a310, 522b3fed-db51-426b-a543-bc504328afa1, 52fd0cce-6986-4916-a8a8-476843e411b5, b738d413-09f3-4aa3-be01-84c373e09624, 991139d2-0700-4768-8fe1-86eaa634c33d, 83c65f82-e582-448b-a560-eac9538c4a86, 4089d91e-90d7-4e31-93d3-4516b1e51ac7, 5f46cdb7-1d19-4be8-8f61-79a28a7a4b7e, ddadd9ad-684d-43cd-93cb-39834a734689, cd633aaa-0310-4006-a608-62f1177a75c5, cbed0d21-ee99-4393-8968-29c73d49f21a, 7aaa4d1a-1332-4c0a-b872-f4c5c378ff17, a9562a56-fa88-4655-9f57-5151076fbc01, d7637211-d1ff-4759-93d7-ee0359b0345f, e0118539-9467-4d49-80cf-f058b5d390fa, 98818b02-5321-41f4-847e-ab556a289652, 60c30f5a-d135-4ed9-81b5-b8166140f05c, 59418948-a170-4b5e-80fe-49a41a0fbaf7, 50e4f024-63ee-42da-804f-d21c2b7877c3, a23c418a-8b86-4962-bd3a-440ba9040771, 3f815883-b01b-4f04-93f2-e986c14607dd, 9f0b9451-51b4-4056-b8aa-fd22f4973415, 2895d1cc-db7b-4356-8ea2-3c462adeff87, f68ab4b2-45d5-49de-9454-811fb852c0c7, 9d108085-6012-4425-9801-12e79ab095c2, 3be476ee-f547-4f46-ac17-8744cafb3b4a, 9f126c2b-2b99-45e0-a71c-fe6ac3136fbe, cd575c44-57d2-4614-9115-891843b96ded, 5f3f3332-4387-44e3-8757-9d684afea3aa, 533b30a2-b5e7-4742-ac82-c800ad603c27, 6222a7c7-5ff6-44d7-8393-c58791260eb6, 776ca47a-fde1-436e-a42c-197deafbb554, caa16095-4a90-4bbb-9617-1f794c44f56b, e1938ca8-aaed-4ef1-a20c-d877f28045d5, 9fc071b9-149b-4704-8408-d10fdd611766, 814bfa41-1a3b-414b-9b22-b24d78b833d6, 22a63ecb-4112-4b91-bd78-7924cb5d660b, da089eaf-ff45-4ea3-b86f-b472c14b0236, c16fd0fd-e084-4ccb-9677-e624df32da7d, 71c7a6da-265a-440e-a06f-9a028e5b7ced, 975a40e0-c627-4e5c-8679-15f90f48b177, 94a09754-bb43-4288-a502-b2cb8841b8cf, 3a1259f5-47f7-40c1-9fa3-411130b51f27, 3367cc96-bc8f-4516-975a-86faee6bfa18, afd7eace-eaa9-4604-a521-8ddc493b38a3, a71433cd-6501-4704-b35a-c7936a199015, 97a175ea-9942-4e7e-ad08-5c84845e274e, dcce7f5f-9a43-4ef6-bada-8bcb61d0f77f, c15ee5cc-8932-4bb0-acbf-01679f8f0d2c, 062d90d9-b5f2-4031-9096-fcf5a2c90cb5, a786127e-722f-41a0-94f1-1c205316cb46, fc12431c-bf65-4192-b200-6459a3319035, d807801c-87a6-4a53-af19-2a97afd6d80b, b30f2460-53df-4567-b801-e40dff1da311, fa3156eb-ac62-457e-8fee-e49c813acaf5, 40a81ec8-f05f-448d-a03a-231e337fb134, 578cbac7-c38b-430a-8015-ab4393da527b, 7a06344c-7c48-46e5-a2ed-91ff6be99c27, 6f07fc2d-af28-4ecf-b187-6cba53a39978, 2bd8d5e3-3ab1-49de-8f57-c7b14e0af19e, 9af1b869-0d4e-49b7-bcbe-99f7454a3271, 1daeb31f-7aae-4d34-b39f-70cfc69ae077, 6ab7d370-b6e6-4cfd-bd6f-3c5579ddc391, 6eae133c-1557-409f-9f48-ff6a3ac15f00",1116,0,ON_PROCESS,Tidak,K34,BALAI PELATIHAN VOKASI DAN PRODUKTIVITAS SURAKARTA,DL.4057.SCO.011.055.OA.521211,APBN,01KXF8QQ4PFV618TQSR6HE2K3T,46614006,67427071,75,01J9D54A7WKSEQ0T7HA07D6655,035636,0,2026-07-14T00:00:00Z,"Peningkatan Penyelenggaraan Pelatihan Vokasi dan Pemagangan Binalavotas, ",efbb911a-59d7-54a0-816c-d0c9fbaa93e6.ZztDkXORgg9Q2ZbD.XxGq2SoB6qeNTvkYvVhPrKV_DFLXltvUAUUlkDmSahE
Bahan Pelatihan Menyiapkan Layanan Kebersihan Kamar 220 JP,COMPLETED,2026,4a2be64d-d5e1-4dce-81c7-42a7895b9c80,1,222000,COMPLETED,Tidak,K34,BALAI PELATIHAN VOKASI DAN PRODUKTIVITAS SIDOARJO,DL.4057.SCO.005.052.0A.521211,APBN,01KV4NT6RE1WD2DXCQEZP81581,22935708,66474522,1,01JE38V96ANYX227NYM5BTBS56,050302,990057,2026-06-15T00:00:00Z,"Peningkatan Penyelenggaraan Pelatihan Vokasi dan Pemagangan Binalavotas, ",efbb911a-59d7-54a0-816c-d0c9fbaa93e6.ZztDkXORgg9Q2ZbD.XxGq2SoB6qeNTvkYvVhPrKV_DFLXltvUAUUlkDmSahE
Sewa Kendaraan Operasional Eselon I,COMPLETED,2026,c534d28e-1d27-4f65-a7ca-6f6ca9bd26c7,12,0,COMPLETED,Tidak,K34,BADAN PERENCANAAN DAN PENGEMBANGAN KETENAGAKERJAAN,WA.6624.EBA.994.002.CF.522141,APBN,01KEH2974WEZZKREF8EQWP76FF,208791000,62540504,1,01JGMWXBFW1XQSAZHVV4NPVWS4,452677,116911009,2026-01-09T00:00:00Z,"Dukungan Manajemen Badan Perencanaan dan Pengembangan Ketenagakerjaan, ",efbb911a-59d7-54a0-816c-d0c9fbaa93e6.ZztDkXORgg9Q2ZbD.XxGq2SoB6qeNTvkYvVhPrKV_DFLXltvUAUUlkDmSahE
Belanja Bahan PBK Reguler Luring ,COMPLETED,2026,fd03e592-5b0c-458d-aa68-56d577ec4564,72,0,COMPLETED,Tidak,K34,BALAI BESAR PELATIHAN VOKASI DAN PRODUKTIVITAS SEMARANG,DL.4057.SCO.007.052.0A.521211,APBN,01KY3RRRDM60ZP29NT24HVWRC1,1422000,66186257,1,01JCYR1H5KAHWBXMZNS2PMK7NJ,452609,12452042,2026-07-22T00:00:00Z,"Peningkatan Penyelenggaraan Pelatihan Vokasi dan Pemagangan Binalavotas, ",efbb911a-59d7-54a0-816c-d0c9fbaa93e6.ZztDkXORgg9Q2ZbD.XxGq2SoB6qeNTvkYvVhPrKV_DFLXltvUAUUlkDmSahE
Belanja Bahan TMT Kerjasama Hinode,COMPLETED,2026,0996ae06-e91c-42d0-b0fa-a4f3e4940536,96,0,COMPLETED,Tidak,K34,BALAI BESAR PELATIHAN VOKASI DAN PRODUKTIVITAS SEMARANG,DL.4057.SCO.003.053.0C.521211,APBN,01KF0EK2XEWFK1TPPFV8R1MSWX,14385600,63643601,1,01JA9PQ0TDDYKB5K8QC1VDSWVA,452609,6064042,2026-01-15T00:00:00Z,"Peningkatan Penyelenggaraan Pelatihan Vokasi dan Pemagangan Binalavotas, ",efbb911a-59d7-54a0-816c-d0c9fbaa93e6.ZztDkXORgg9Q2ZbD.XxGq2SoB6qeNTvkYvVhPrKV_DFLXltvUAUUlkDmSahE
Belanja Bahan TMT Reguler,COMPLETED,2026,"ec1e3203-19c6-4329-8625-dc643bd7e63e, 1846ac58-c23b-4498-9cc4-fc5f2e13432b, 054461b3-7c95-45a3-afe4-03a7198cd27c, 4714d2be-0bfd-4ab4-a668-3935ef662e98, 5c5c7b2b-9e88-4d0d-9557-08e9be7630ba, b700f7d9-a733-4cd4-9ae8-c786e34edfcc, 35178a8f-4576-43be-a9d6-9617e14b1fb4, 4810a691-1067-4b53-84f3-bdbd0941a0ca, 801da1ec-cd84-4a2f-91cf-69db65f233a4, 1c649746-35de-43b6-b636-416cb6af13ea, 36888866-22eb-48cf-aaf6-425ff95a9564, 032a532b-2803-466b-87bc-4cec03a9f828, 94858765-5bc0-4044-a7d1-71bab6e6d238, c712becd-83f8-4984-8ada-99227c70203f, 9210fde3-ae98-474d-9630-846fb485c767, adab3958-2a1c-4cc6-a750-1e6a8a3ee7af, d88cbba5-cae9-43c1-8bd9-e415c4b5293d, f40cbdfb-4f60-4681-81ac-17fecf721d63",349,188700,COMPLETED,Tidak,K34,BALAI BESAR PELATIHAN VOKASI DAN PRODUKTIVITAS SEMARANG,DL.4057.SCO.003.053.0B.521211,APBN,01KW1J72FAZS2G608CBH5ZA39Y,9599280,65960012,18,01JYDESZTP0YA22FBCZT8CDSRE,452609,0,2026-06-27T00:00:00Z,"Peningkatan Penyelenggaraan Pelatihan Vokasi dan Pemagangan Binalavotas, ",efbb911a-59d7-54a0-816c-d0c9fbaa93e6.ZztDkXORgg9Q2ZbD.XxGq2SoB6qeNTvkYvVhPrKV_DFLXltvUAUUlkDmSahE
Pakaian Kerja,COMPLETED,2026,17a9ad3b-36ad-4808-86b1-bc51bfbdc0a7,125,0,PAYMENT_OUTSIDE_SYSTEM,Tidak,K34,BALAI PELATIHAN VOKASI DAN PRODUKTIVITAS LOMBOK TIMUR,DL.4057.SCO.003.056.0A.521211,APBN,01KTMVM6VBR19HRZ7YFMT7Z3EW,20812500,63390072,1,01JYGPS1FZS5WAVV2XF7DF1GQ7,230302,0,2026-06-09T00:00:00Z,"Peningkatan Penyelenggaraan Pelatihan Vokasi dan Pemagangan Binalavotas, ",efbb911a-59d7-54a0-816c-d0c9fbaa93e6.ZztDkXORgg9Q2ZbD.XxGq2SoB6qeNTvkYvVhPrKV_DFLXltvUAUUlkDmSahE
Paket Meeting Fullboard Konteks PPHI pada luar PHI/MA,COMPLETED,2026,81e0324d-fe12-4daa-8d13-49822c65aaa1,184,0,COMPLETED,Tidak,K34,DITJEN PHI DAN JAMSOS,DN.2181.BDC.001.057.0B.524119,APBN,01KPA55XPX6ARRHFPNJSXATJBX,150880000,65242511,1,01JWX3HTC3TZQX3WEAQAM0GT2Z,451310,0,2026-04-16T00:00:00Z,"Penyelesaian Perselisihan Hubungan Industrial, ",efbb911a-59d7-54a0-816c-d0c9fbaa93e6.ZztDkXORgg9Q2ZbD.XxGq2SoB6qeNTvkYvVhPrKV_DFLXltvUAUUlkDmSahE
Belanja Bahan Pelatihan Vokasi Bidang Industri dan Jasa Reguler,COMPLETED,2026,"5c5c7b2b-9e88-4d0d-9557-08e9be7630ba, cd6b8a1e-c63a-4323-ae0e-de3cf1b30482, 35d82d18-7eae-47ed-a44c-278e102e0531, c712becd-83f8-4984-8ada-99227c70203f, c0235fa4-0211-4689-aa6b-63838738c39e, 8a7c6e13-14c2-4223-8ae7-61206ef0f0c2, 42c4bb2f-c1c7-4e5a-bac8-e2d9c46e51a2, b023cff3-6793-49ed-b4c7-45877cebd75b, 50282f76-f1e9-49d2-8b08-0c65445648dd, 1846ac58-c23b-4498-9cc4-fc5f2e13432b, 83327303-be2b-493e-9d36-011c3e7f164b, 6348d7a2-10d5-4c79-8516-4ccb68ee4f9c, 431388c6-b03f-4b02-9c38-a7d7f4f269df, 431ce083-9b91-40a0-bdb6-01c21a1a0bf1, cf9b45ae-ec81-456c-a1b5-67df8f834662, f1699f33-3739-4de5-a1c7-303e27527340, 0fd8ee68-b7d6-4766-81b8-72f4c128c25c, c7a86e9e-96cf-4985-87de-46d44dc4158b, cf78aa9d-37d8-42c0-b008-cab47060c15b, 7843836c-f359-40df-b603-6c19a010121b, 32f6e9f8-5abd-4e2d-a2e7-fcf9c1c7dea3, 67537211-03b0-4a59-9303-7fed2d816438, 5aa6ee8f-23c2-4692-877c-a452bbe3e8b8, d7834e24-be99-4bb3-b9f7-dcddcc28157a, f1ede651-dd2a-4197-b264-d8b3095bfb25, 0948abf6-b7c7-416f-9235-d0e3d50bc435, 54dbabee-189e-4411-a8b1-db7b6316d781, 9a03b740-9490-4d3f-964b-e9a42cd7072f, 51d2c2de-3a54-47f5-bf87-e22f11ce8104, 27e15c74-09f8-4644-8e0d-8ce46f4cc38c, b700f7d9-a733-4cd4-9ae8-c786e34edfcc, ccfec9cb-f273-4095-b4da-12f166797bff, 345eeecf-cf8c-46e2-b00c-ad153ed3edd5, 9659cc9a-9e37-4849-80dd-ca03d2e1f39a, 1afdf6a3-0e6f-4463-a6a6-af229367e7ae, 97c3d480-f0e7-4c8e-8291-b2880622195e, af30a60c-0386-4e30-90b7-a3bb2874e287, 939a97a4-3d48-41f0-861a-d7af2682a100, 94858765-5bc0-4044-a7d1-71bab6e6d238, f862b65d-b3d3-41b6-81a2-451d56bb89f9, d88cbba5-cae9-43c1-8bd9-e415c4b5293d, ffd4b62e-a1e6-4a48-a279-5bac633e9b0e, 82b5bf2a-d990-481e-ae0c-3ebb39f0eb92, 254ef68a-423a-4caa-b5bc-dff17099c9eb, bfe229b1-d52b-4961-bb91-eee1ad48b229, d16188ad-2b37-477e-ad37-09d316c7f1c1, 5786842c-3b7a-42df-af92-cac22e51e378, 9bd9774e-54c6-4316-b6ab-64fc2f6214cc, 40e3a883-3d7d-4b7f-8095-7419e76041e3, af9fa84e-e995-422c-99ac-7f6a324681c5, d59f6386-f26a-4c81-99d8-d0db5001f3f0, 761d83db-342b-44f7-b678-71df73e31771, 12670287-184d-45f2-8129-e3bebffc62f1, 5af293fb-e453-49e1-92e3-58b3ea3aa86b, 6f693767-bfc5-44ae-90d9-caceefdb78e3, 432473e9-5ccb-414e-a880-328c971e4ef0, 1a00a554-34cc-4407-8a0a-dedf591e1bfa, 41a1f02d-58b1-4142-bbdc-d82984fad2d6, 10efdf35-0ba9-4aa9-a067-471a5e2e4878, 2d737d12-6d84-4076-9afd-4a5845269912, 1fd49a77-e8c7-4c2e-aaab-efd408823c38, d2e6738a-975f-4e9c-95a7-4b3b37483c28, 507da970-cf6f-4bdd-a2ef-a7216d21c920, adab3958-2a1c-4cc6-a750-1e6a8a3ee7af, 6479d9a1-5283-4669-bfda-bd5e5b11d40b, 8764476d-1ebe-41d0-b313-fe06ba84ff3c, d5482dec-c216-4171-a7b0-e333222dcfe7, d266baf9-efcc-477a-9e33-b8751b628f7e, 928808ea-2070-42fc-b6f9-5e957cf1dade",1334,0,COMPLETED,Tidak,K34,BALAI BESAR PELATIHAN VOKASI DAN PRODUKTIVITAS SEMARANG,DL.4057.SCO.003.052.0A.521211,APBN,01KJXV2205JE4GX03QNQBH9CZB,28081812,65956099,69,01JYDESZTP0YA22FBCZT8CDSRE,452609,0,2026-03-05T00:00:00Z,"Peningkatan Penyelenggaraan Pelatihan Vokasi dan Pemagangan Binalavotas, ",efbb911a-59d7-54a0-816c-d0c9fbaa93e6.ZztDkXORgg9Q2ZbD.XxGq2SoB6qeNTvkYvVhPrKV_DFLXltvUAUUlkDmSahE
Belanja Bahan TMT Klaster,COMPLETED,2026,"a9704d9b-45d3-4d07-972d-6d87c3fea9bb, 76a0766c-3528-49dd-8f0c-64456c86405d, c712becd-83f8-4984-8ada-99227c70203f, d7834e24-be99-4bb3-b9f7-dcddcc28157a, 79f8f0e4-2d58-45b0-bfd1-c1bacf50ac77, 40e3a883-3d7d-4b7f-8095-7419e76041e3, 44fe47d2-fc9c-4d2a-8f0d-02a398229a0a, 267ea927-66a3-49b5-a320-25fa972e984c, 36888866-22eb-48cf-aaf6-425ff95a9564, 54dbabee-189e-4411-a8b1-db7b6316d781, 5af293fb-e453-49e1-92e3-58b3ea3aa86b, 5dbecf76-1bc7-4863-9349-c11725c2013d, 6c587917-ef82-49ac-bd75-ccf466797164, f4fe7ba6-db4e-49e7-bd27-6d166cccc0d5, 3b1a24bb-a8aa-4fae-addb-1d6ed5083a37, c0235fa4-0211-4689-aa6b-63838738c39e, d5482dec-c216-4171-a7b0-e333222dcfe7, b700f7d9-a733-4cd4-9ae8-c786e34edfcc, e21a1b41-3355-4f5a-b5cb-a67091bab8d8, f1699f33-3739-4de5-a1c7-303e27527340, b4ff7776-4629-4fb2-8576-e8c7b2cfda81, 1c649746-35de-43b6-b636-416cb6af13ea, 9659cc9a-9e37-4849-80dd-ca03d2e1f39a, da06324a-af7b-4a3a-86d5-d82372ec0986, 054461b3-7c95-45a3-afe4-03a7198cd27c, 41a1f02d-58b1-4142-bbdc-d82984fad2d6, 33c13189-34b3-4927-9c2d-06f2fe76ca95",427,154290,COMPLETED,Tidak,K34,BALAI BESAR PELATIHAN VOKASI DAN PRODUKTIVITAS SEMARANG,DL.4057.SCO.003.053.0A.521211,APBN,01KMHMKNVJCME1C0DQETVZJX9R,7478625,66185950,27,01JYDESZTP0YA22FBCZT8CDSRE,452609,0,2026-03-25T00:00:00Z,"Peningkatan Penyelenggaraan Pelatihan Vokasi dan Pemagangan Binalavotas, ",efbb911a-59d7-54a0-816c-d0c9fbaa93e6.ZztDkXORgg9Q2ZbD.XxGq2SoB6qeNTvkYvVhPrKV_DFLXltvUAUUlkDmSahE
Belanja Bahan Pelatihan Vokasi Bidang Industri dan Jasa Reguler,DRAFT,2026,fd03e592-5b0c-458d-aa68-56d577ec4564,686,0,ON_PROCESS,Tidak,K34,BALAI BESAR PELATIHAN VOKASI DAN PRODUKTIVITAS SEMARANG,DL.4057.SCO.003.052.0A.521211,APBN,01KY3TSFCC17Q4Y1J13JQ3Z08X,13548500,65956099,1,01JCYR1H5KAHWBXMZNS2PMK7NJ,452609,12452042,2026-07-22T00:00:00Z,"Peningkatan Penyelenggaraan Pelatihan Vokasi dan Pemagangan Binalavotas, ",efbb911a-59d7-54a0-816c-d0c9fbaa93e6.ZztDkXORgg9Q2ZbD.XxGq2SoB6qeNTvkYvVhPrKV_DFLXltvUAUUlkDmSahE
Paket Meeting Multilateral,COMPLETED,2026,"bfb0e981-6b22-41d1-b032-6e69b6add280, b260a61f-08df-4aa5-8485-66aed5ebd8e7",200,0,COMPLETED,Tidak,K34,SEKRETARIAT JENDERAL KEMNAKER,WA.2162.AEC.001.051.0D.524114,APBN,01KRZA81ANY49JZEYAFSEMB3RN,180040000,62772023,2,01JWBCNH9AHC3V2J8YS213ZKZ8,450938,0,2026-05-19T00:00:00Z,"Peningkatan Pengelolaan Kerja Sama Dalam dan Luar Negeri, ",efbb911a-59d7-54a0-816c-d0c9fbaa93e6.ZztDkXORgg9Q2ZbD.XxGq2SoB6qeNTvkYvVhPrKV_DFLXltvUAUUlkDmSahE
Belanja Pemeliharaan Peralatan dan Mesin,BUYER_CONFIRMED,2026,"dab2caf7-bae8-40a6-87e5-17e277d35e9e, 6c0ef763-0f70-4264-854f-a53b30237c42",3,0,PAYMENT_OUTSIDE_SYSTEM,Tidak,K34,BALAI KESELAMATAN DAN KESEHATAN KERJA BANDUNG,WA.6622.EBA.994.002.0D.523121,APBN,01KNV3GNETTK9SWGXH8527VBNG,16650000,66812896,2,01J40YT5XD7W126RBMKNCXQ4F1,350079,1239191,2026-04-10T00:00:00Z,"Dukungan Manajemen Ditjen Pembinaan Pengawasan Ketenagakerjaan dan Keselamatan dan Kesehatan Kerja, ",efbb911a-59d7-54a0-816c-d0c9fbaa93e6.ZztDkXORgg9Q2ZbD.XxGq2SoB6qeNTvkYvVhPrKV_DFLXltvUAUUlkDmSahE
Belanja Bahan TMT Klaster,COMPLETED,2026,"f40cbdfb-4f60-4681-81ac-17fecf721d63, f4fe7ba6-db4e-49e7-bd27-6d166cccc0d5, 4810a691-1067-4b53-84f3-bdbd0941a0ca, a56256ae-65ed-4b5a-9a92-de6cfc5d639f, 27e2a10e-8817-4310-94cd-bd38bd6e2bab, 8b91cc51-2dc5-406e-b39e-d26954062c9b, adab3958-2a1c-4cc6-a750-1e6a8a3ee7af, 05805adc-5647-4d07-b37c-dd3529d95e17, bc1d8a78-70e2-48a3-8eed-d5ef2f568aea, 267ea927-66a3-49b5-a320-25fa972e984c, fb36aaa0-c1c8-4f4d-92ff-26711caf2179, df70f92b-a822-4956-8af7-0bf9ef08fe35, b251f938-6c26-4185-b3ac-aecb4f8f4cb2, 67537211-03b0-4a59-9303-7fed2d816438, b2799d15-1296-43b5-b786-3ae7590919f3, 5dbecf76-1bc7-4863-9349-c11725c2013d, 559f2282-bda7-4501-a085-e106af7a8a6e, 054461b3-7c95-45a3-afe4-03a7198cd27c, c5b67f33-0c85-405e-bc92-e3d5befff9f0, a9704d9b-45d3-4d07-972d-6d87c3fea9bb, d88cbba5-cae9-43c1-8bd9-e415c4b5293d, a5c381b0-1161-47fd-b128-1126eb02c6a4, 786a2eec-a150-4567-828f-252cf6f2b91f, 36888866-22eb-48cf-aaf6-425ff95a9564, 7f361051-7d47-4485-8198-a12ac0d6b191, a493e1db-3015-4a05-98b5-03b0af194f77, c712becd-83f8-4984-8ada-99227c70203f, 6769a2ff-4311-491d-891b-1abce57b39f3, 16bc1a6e-4c60-4562-9f2c-a15757726c1f, ae1815ec-31ba-4a6e-ae0e-c11a5d1ac242, 76a0766c-3528-49dd-8f0c-64456c86405d, 6a551cc4-3746-4fd5-82ca-72c0abf7b458, 372d959e-2954-4f2f-8a33-8c3551fb8793, 10efdf35-0ba9-4aa9-a067-471a5e2e4878, b700f7d9-a733-4cd4-9ae8-c786e34edfcc, fd2a91f7-7b94-4700-9c74-696f94ebe84b, e7a5c59d-0fe8-4e3e-a128-a928f1880801, a762a656-e2df-429a-8365-f51df8799c50, 54dbabee-189e-4411-a8b1-db7b6316d781, 1c649746-35de-43b6-b636-416cb6af13ea, da06324a-af7b-4a3a-86d5-d82372ec0986, 78e96cc9-4a3e-4e0c-b3c0-c1a456bd6b43, 032a532b-2803-466b-87bc-4cec03a9f828, 686227f6-8a4c-42fa-876f-d0ee2bfd1889, a10a4e3a-32cf-41b0-b858-64311ffcb660, f47e3f51-f91c-453c-877c-3f60acffb4f9, 6d496fd9-a7b4-4ac8-b34b-c1049cde04aa, 2d24818e-62c6-400c-ac39-4b65326667c7, eadbca52-dde9-419d-aea6-9d9c891e6f06, 5af293fb-e453-49e1-92e3-58b3ea3aa86b, 66742882-bc04-41fa-8194-83e20eb9c9c4",622,238650,COMPLETED,Tidak,K34,BALAI BESAR PELATIHAN VOKASI DAN PRODUKTIVITAS SEMARANG,DL.4057.SCO.003.053.0A.521211,APBN,01KKZFXK3ZT43R0X4VKEFGWQ3J,9940383,66185950,51,01JYDESZTP0YA22FBCZT8CDSRE,452609,0,2026-03-18T00:00:00Z,"Peningkatan Penyelenggaraan Pelatihan Vokasi dan Pemagangan Binalavotas, ",efbb911a-59d7-54a0-816c-d0c9fbaa93e6.ZztDkXORgg9Q2ZbD.XxGq2SoB6qeNTvkYvVhPrKV_DFLXltvUAUUlkDmSahE
Pengadaan Jasa Lainnya Tenaga Alih Daya Ditjen PHI dan Jamsos,DRAFT,2026,"e816ecd8-dd8a-4e80-9447-5d34a132f790, cbe3d6b1-a593-4cc8-b50a-67de3e79ff3f",19,0,ON_PROCESS,Tidak,K34,DITJEN. PEMBINAAN HUBUNGAN INDUSTRIAL DAN JAMINAN SOSIAL TENAGA KERJA,WA.6623.EBA.994.002.01.522191,APBN,01KS1WRBDHXD9FFZ0VK46B9P07,242403280,63966201,3,01JB0W1YHSNPS4PMNKJVCPZAM2,451270,336190,2026-05-20T00:00:00Z,"Dukungan Manajemen Ditjen Pembinaan Hubungan Industrial dan Jaminan Sosial Tenaga Kerja, ",efbb911a-59d7-54a0-816c-d0c9fbaa93e6.ZztDkXORgg9Q2ZbD.XxGq2SoB6qeNTvkYvVhPrKV_DFLXltvUAUUlkDmSahE
Paket Meeting Fullboard Moderator Dialog Pembentukan Arbitrase (Luar Kota),COMPLETED,2026,4c2929c9-a72b-4da1-939f-54eda77b0992,184,0,PAYMENT_OUTSIDE_SYSTEM,Tidak,K34,DITJEN PHI DAN JAMSOS,DN.2181.BDC.001.057.0A.524119,APBN,01KN6BMAYJJMQDR5MDXRFF86EX,178710000,65242486,1,01KATH1XC2G2EQJ7FN5D5EHCNM,451310,0,2026-04-02T00:00:00Z,"Penyelesaian Perselisihan Hubungan Industrial, ",efbb911a-59d7-54a0-816c-d0c9fbaa93e6.ZztDkXORgg9Q2ZbD.XxGq2SoB6qeNTvkYvVhPrKV_DFLXltvUAUUlkDmSahE
"Fullboard Moderator, Panitia Penyelenggara dan Peserta",COMPLETED,2026,2abe2cb2-5741-4285-8128-1a43ee212900,71,0,PAYMENT_OUTSIDE_SYSTEM,Tidak,K34,DITJEN PHI DAN JAMSOS,DN.6587.QDH.002.052.0B.524119,APBN,01KMYEJAZ9PCR6H8EPARHMNK57,53250000,66124022,1,01JWX4GE1PT995HZDMFKE4GKNV,451310,0,2026-03-31T00:00:00Z,"Peningkatan Pembinaan Hubungan Kerja dan Penerapan Pengupahan, ",efbb911a-59d7-54a0-816c-d0c9fbaa93e6.ZztDkXORgg9Q2ZbD.XxGq2SoB6qeNTvkYvVhPrKV_DFLXltvUAUUlkDmSahE
Belanja Bahan Pelaksanaan Sertifikasi Lulusan Pelatihan ,COMPLETED,2026,"3d975132-93cf-43db-a691-ffe46af57f57, 4f1eceeb-c8ca-4b55-8f32-b8259467d106, 37b0da26-ba64-4df1-a6fe-32908088ae00, d57fb8d5-4f92-49aa-8e23-e1a31c38f6b2, 09466ca5-22ca-4071-806d-683e502806e2, 16846b77-2651-40db-8ae3-b8e484d42318, 3697c630-ec07-4206-9997-cd7fd83267d7, a360bbee-0e29-4814-989a-44aed055b119, 95caf173-eaab-4689-902a-1a1656934cc3, 5dc0b7a0-d7ac-4aed-bcce-39512aa32dbb, 5b7d8495-bad6-4c55-91ee-d8af57115271, e0afdbc5-efff-4570-abf9-178468247a64, 4103a27e-f90e-4c76-8548-05ace9ca40d5, 6664db26-4852-4737-a46a-0eda1eb3e288",23,0,COMPLETED,Tidak,K34,BALAI BESAR PELATIHAN VOKASI DAN PRODUKTIVITAS SEMARANG,DL.4053.PDI.002.051.0B.521211,APBN,01KTNS89XFDAHENTAPJ08AXTGS,6302580,62801553,14,01JCF5TRQVKW157PX3JC6JFJ1Y,452609,2705108,2026-06-09T00:00:00Z,"Pengembangan Sistem dan Pelaksanaan Sertifikasi Kompetensi Profesi Binalavotas, ",efbb911a-59d7-54a0-816c-d0c9fbaa93e6.ZztDkXORgg9Q2ZbD.XxGq2SoB6qeNTvkYvVhPrKV_DFLXltvUAUUlkDmSahE
Jasa Petugas Keamanan,DRAFT,2026,ab1f1a76-5a67-4692-9f3d-24273ed0f2d1,80,0,ON_PROCESS,Tidak,K34,BALAI PELATIHAN VOKASI DAN PRODUKTIVITAS SAMARINDA,WA.6988.EBA.994.002.0A.522191,APBN,01KDS4S6FQAJZPKRBXWXPN9W2G,455034448,62514103,1,01JFEDC9TD1X2SA0KF7VG7FC61,451108,6871035,2025-12-31T00:00:00Z,"Dukungan Manajemen Direktorat Jenderal Pembinaan Pelatihan Vokasi dan Produktivitas, ",efbb911a-59d7-54a0-816c-d0c9fbaa93e6.ZztDkXORgg9Q2ZbD.XxGq2SoB6qeNTvkYvVhPrKV_DFLXltvUAUUlkDmSahE
Pelatihan Vokasi Bidang Industri dan Jasa Reguler Non Boarding Bisnis Manajemen,COMPLETED,2026,83e45f4b-cade-43f6-b73e-2a750656d57b,196,0,COMPLETED,Tidak,K34,BALAI PELATIHAN VOKASI DAN PRODUKTIVITAS BANYUWANGI,DL.4057.SCO.003.052.0A.521211,APBN,01KVQ6KKYFYAGB8KYYEMXRPMM2,3918040,66371943,1,01JRW9C3J6N8PP5VH3XS8Z4ZNT,051102,93353009,2026-06-22T00:00:00Z,"Peningkatan Penyelenggaraan Pelatihan Vokasi dan Pemagangan Binalavotas, ",efbb911a-59d7-54a0-816c-d0c9fbaa93e6.ZztDkXORgg9Q2ZbD.XxGq2SoB6qeNTvkYvVhPrKV_DFLXltvUAUUlkDmSahE
"Paket Pertemuan Fullboard Peserta, Moderator, dan Penyelenggara DIALOG SOSIAL BAGI PENGURUS DAN ANGGOTA SERIKAT PEKERJA/SERIKAT BURUH TINGKAT PERUSAHAAN  ",COMPLETED,2026,dc87b77f-71f5-4534-9e56-ce5f25820176,109,0,PAYMENT_OUTSIDE_SYSTEM,Tidak,K34,DITJEN. PEMBINAAN HUBUNGAN INDUSTRIAL DAN JAMINAN SOSIAL TENAGA KERJA,DN.2179.BDC.003.051.0A.524119,APBN,01KMZ0YZ8WCCSD2TPTRVYSA0SE,89380000,65992188,1,01JVBN834MAKWFXWSXQCEGVRMS,451270,0,2026-03-31T00:00:00Z,"Penguatan Kelembagaan dan Pencegahan Perselisihan Hubungan Industrial, ",efbb911a-59d7-54a0-816c-d0c9fbaa93e6.ZztDkXORgg9Q2ZbD.XxGq2SoB6qeNTvkYvVhPrKV_DFLXltvUAUUlkDmSahE
Belanja Bahan PBK Reguler Luring,DRAFT,2026,44ffcca1-045b-45e8-9c6a-e0bbafb0a26c,1242,0,ON_PROCESS,Tidak,K34,BALAI BESAR PELATIHAN VOKASI DAN PRODUKTIVITAS SEMARANG,DL.4057.SCO.005.052.0A.521211,APBN,01KY3T634YY2B85KKBCDK85RHT,24529500,66186051,1,01JD1DPS3DQ3D3DJDAWYB2WY5Z,452609,306766009,2026-07-22T00:00:00Z,"Peningkatan Penyelenggaraan Pelatihan Vokasi dan Pemagangan Binalavotas, ",efbb911a-59d7-54a0-816c-d0c9fbaa93e6.ZztDkXORgg9Q2ZbD.XxGq2SoB6qeNTvkYvVhPrKV_DFLXltvUAUUlkDmSahE
Belanja Bahan Project Based Learning B,DRAFT,2026,bba19caa-2e5f-4fe3-8566-cad5eb6ff7c1,480,0,ON_PROCESS,Tidak,K34,BALAI BESAR PELATIHAN VOKASI DAN PRODUKTIVITAS SEMARANG,DL.4057.SCO.003.051.0B.521211,APBN,01KZQ63WJCP4D8TXBXR2JXDAPB,57542400,62803988,1,01JE807JKC4M4B83DQ1RGSEQW5,452609,2413108,2026-08-11T00:00:00Z,"Peningkatan Penyelenggaraan Pelatihan Vokasi dan Pemagangan Binalavotas, ",efbb911a-59d7-54a0-816c-d0c9fbaa93e6.ZztDkXORgg9Q2ZbD.XxGq2SoB6qeNTvkYvVhPrKV_DFLXltvUAUUlkDmSahE
Belanja Bahan Pelaksanaan Sertifikasi Lulusan Pelatihan Vokasi (PNP),COMPLETED,2026,"e0afdbc5-efff-4570-abf9-178468247a64, 95caf173-eaab-4689-902a-1a1656934cc3, 3ebb8cba-73fe-4fc9-a65f-7dd5fb7f561a, 59e3619a-48af-484a-940c-5fe6f3952130, f2ca3fca-2237-4895-be39-e59424154c55, 2561b8ca-853b-4dde-af28-21bbd4c21b03",19,260850,COMPLETED,Tidak,K34,BALAI BESAR PELATIHAN VOKASI DAN PRODUKTIVITAS SEMARANG,DL.4053.PDI.002.051.0A.521211,APBN,01KRDE9CJD6V1A2Z0692SCMHY8,1960815,66185662,6,01JCF5TRQVKW157PX3JC6JFJ1Y,452609,2705108,2026-05-13T00:00:00Z,"Pengembangan Sistem dan Pelaksanaan Sertifikasi Kompetensi Profesi Binalavotas, ",efbb911a-59d7-54a0-816c-d0c9fbaa93e6.ZztDkXORgg9Q2ZbD.XxGq2SoB6qeNTvkYvVhPrKV_DFLXltvUAUUlkDmSahE
Konsumsi Peserta Pelatihan 180 JP Reguler PNBP,COMPLETED,2026,14b04ca1-3e9f-4039-818b-7d7b916821c0,276,0,PAYMENT_OUTSIDE_SYSTEM,Tidak,K34,BALAI BESAR PELATIHAN VOKASI DAN PRODUKTIVITAS MEDAN,DL.4057.SCO.005.052.0A.521211,APBN,01KN1STDEE1CPWYYQJHZK53F3D,5382000,66121303,1,01K10E7HHEM420DCD80BAM4TQS,451094,0,2026-03-31T00:00:00Z,"Peningkatan Penyelenggaraan Pelatihan Vokasi dan Pemagangan Binalavotas, ",efbb911a-59d7-54a0-816c-d0c9fbaa93e6.ZztDkXORgg9Q2ZbD.XxGq2SoB6qeNTvkYvVhPrKV_DFLXltvUAUUlkDmSahE
Pelatihan Vokasi Bidang Industri dan Jasa Program Project Based Learning,COMPLETED,2026,ce9f3216-0744-4936-b3fd-c2fb433879c8,1,0,COMPLETED,Tidak,K34,BALAI PELATIHAN VOKASI DAN PRODUKTIVITAS BANYUWANGI,DL.4057.SCO.003.051.OA.521211,APBN,01KNKQQKFR8D31XKAGSH1611Y6,28602800,62258649,1,01JE37BQK7NV4ATJ1EPJYZ03WJ,051102,300937009,2026-04-07T00:00:00Z,"Peningkatan Penyelenggaraan Pelatihan Vokasi dan Pemagangan Binalavotas, ",efbb911a-59d7-54a0-816c-d0c9fbaa93e6.ZztDkXORgg9Q2ZbD.XxGq2SoB6qeNTvkYvVhPrKV_DFLXltvUAUUlkDmSahE
Bimbingan Teknis Lembaga Penempatan Tenaga Kerja Dalam Negeri,COMPLETED,2026,bfb0e981-6b22-41d1-b032-6e69b6add280,88,0,COMPLETED,Tidak,K34,DITJEN PEMBINAAN PENEMPATAN TENAGA KERJA DAN PERLUASAN KESEMPATAN KERJA,DN.2173.BDC.001.051.0C.524114,APBN,01KP4TQKMSYKDJ8NX92YH7RX0X,88000000,66900281,1,01JWBCNH9AHC3V2J8YS213ZKZ8,451139,0,2026-04-15T00:00:00Z,"Penempatan Tenaga Kerja, ",efbb911a-59d7-54a0-816c-d0c9fbaa93e6.ZztDkXORgg9Q2ZbD.XxGq2SoB6qeNTvkYvVhPrKV_DFLXltvUAUUlkDmSahE
PENGADAAN BAHAN PELATIHAN,DRAFT,2026,"9215799f-1e4c-468b-94fa-ad6ae885b37c, 39f58f2c-22c4-44be-b809-87102b363adc",31486,,CANCELLED_ON_NEGOTIATION,Tidak,K34,BALAI PELATIHAN VOKASI DAN PRODUKTIVITAS SURAKARTA,DL.4059.SCO.001.051.DL.521211,APBN,01KVCZA6Q9MMNNM0MFWB0HK8BR,20849125,66351379,2,01JJ1ARRF06SG36TNKRH4DBQ0N,035636,266520009,,"Pengembangan dan Peningkatan Produktivitas Tenaga Kerja Binalavotas, ",efbb911a-59d7-54a0-816c-d0c9fbaa93e6.ZztDkXORgg9Q2ZbD.XxGq2SoB6qeNTvkYvVhPrKV_DFLXltvUAUUlkDmSahE
Konsumsi Peserta Pelatihan 260 JP Reguler PBK RM,DRAFT,2026,8c2b6024-3954-49d9-94a4-ad63660eb9e8,416,0,ON_PROCESS,Tidak,K34,BALAI BESAR PELATIHAN VOKASI DAN PRODUKTIVITAS MEDAN,DL.4057.SCO.003.052.0A.521211,APBN,01KX0KZYQ4EYKTQXKYARGYCGKF,8320000,66121349,1,01K7P0067ZG2CA6RAJ5KWNE08H,451094,0,2026-07-09T00:00:00Z,"Peningkatan Penyelenggaraan Pelatihan Vokasi dan Pemagangan Binalavotas, ",efbb911a-59d7-54a0-816c-d0c9fbaa93e6.ZztDkXORgg9Q2ZbD.XxGq2SoB6qeNTvkYvVhPrKV_DFLXltvUAUUlkDmSahE
"Paket Pertemuan Fullboard Peserta, Moderator, dan Penyelenggara BIMTEK PENCATATAN DAN VERIFIKASI SERIKAT PEKERJA/SERIKAT BURUH",DRAFT,2026,a187f631-de63-4efb-aba5-24601c81f5ed,110,,CANCELLED_ON_NEGOTIATION,Tidak,K34,DITJEN. PEMBINAAN HUBUNGAN INDUSTRIAL DAN JAMINAN SOSIAL TENAGA KERJA,DN.2179.BDC.007.051.0A.524119,APBN,01KJVQSA4QP7M38EY6GGDPH6NT,143000000,63841797,1,01JXVT2GVPMATBEZR6E98CPA60,451270,0,,"Penguatan Kelembagaan dan Pencegahan Perselisihan Hubungan Industrial, ",efbb911a-59d7-54a0-816c-d0c9fbaa93e6.ZztDkXORgg9Q2ZbD.XxGq2SoB6qeNTvkYvVhPrKV_DFLXltvUAUUlkDmSahE
"Pengadaan Jasa Tenaga Alih Daya Petugas Kebersihan, Pramubakti dan Pengemudi BBPKK (periode Januari 2026)",COMPLETED,2026,"5f37e118-b839-418a-ad00-97daa7c71e27, 943f872d-bbe1-4970-b357-b1e673f60632, 2e9e44f9-f4fb-4973-86fc-2ef971e2eb9d, c404d10c-6b22-4ed2-8d4f-e864932d5eeb",21,0,COMPLETED,Tidak,K34,BALAI BESAR PERLUASAN KESEMPATAN KERJA,WA.6621.EBA.994.002.0F.521111,APBN,01KF00A3XZ7KFT1A6SV54CG6W2,100800000,63289311,4,01JCF7KZC856GBJ27DTAKDJR7Q,259322,695260,2026-01-15T00:00:00Z,"Dukungan Manajemen Ditjen Pembinaan Penempatan Tenaga Kerja dan Perluasan Kesempatan Kerja, ",efbb911a-59d7-54a0-816c-d0c9fbaa93e6.ZztDkXORgg9Q2ZbD.XxGq2SoB6qeNTvkYvVhPrKV_DFLXltvUAUUlkDmSahE
6988.EBA.994.002.J.522191.001057 Jasa Alih Daya Satpel Jambi,DRAFT,2026,bc0f8bb8-0a70-4ab6-a3cb-cf5608e4959a,1,,CANCELLED_ON_NEGOTIATION,Tidak,K34,BALAI PELATIHAN VOKASI DAN PRODUKTIVITAS PADANG,WA.6988.EBA.994.002.0J.522191,APBN,01KQY5AV9PHAMFAA70XF93KFQP,5650000,65868426,1,01KCT9QZYDTNAMGMAHS5W5EH38,089378,0,,"Dukungan Manajemen Direktorat Jenderal Pembinaan Pelatihan Vokasi dan Produktivitas, ",efbb911a-59d7-54a0-816c-d0c9fbaa93e6.ZztDkXORgg9Q2ZbD.XxGq2SoB6qeNTvkYvVhPrKV_DFLXltvUAUUlkDmSahE
Belanja Bahan Pelatihan Kegiatan PBK Tailor Made Training RM Bidang Industri dan Jasa,COMPLETED,2026,"65d69b15-8c55-4d3a-93c5-e002ecafe1bf, 7c2885e4-f9c0-49b9-ae85-e5c853c17795, 370b09a5-a3c1-4dcb-bf62-6303ff816d5a, 5c643366-7c38-44ac-8a11-7c79a78c5c25, e72e3b7f-52cc-4983-8cc9-bc5614047966, 5fb84993-a016-4271-a83b-446a6bc984ae, fb9bc091-9214-425a-97d3-c94d80aa2bd0, ffc29464-de70-44a1-8ad0-e8f608c1206d, 40fb2e41-89fd-4fa2-9c6f-735324764af2, ff40626e-3afd-413d-8487-5f811afa97be, c5a70ea1-9478-4cd4-bf6c-4081ea3e6f25, c6418f1b-7ced-4970-aebe-dc49f0b2a04e, 6b2a3c26-030d-4874-ad02-c0f1b5d0c5a1, 5d7dc962-0781-43bc-978a-51c05bdbd5b9, d2435bd0-9118-4809-a795-033c82e54a87, 4e5e8ab2-9f69-43a0-b6b0-f2d3fd5d671a, c5ff5a09-56de-483a-8766-810609484e9f, 772f7421-02c3-4cc0-be75-56b78ff2ea81, 32022696-0655-47eb-93e4-ef8e89211ec5, affd4aef-b789-4c59-ae75-5d28850c5d3b, 1c50c8b0-d574-45d3-a225-fde982b3c568, 4ae154c3-8983-404e-a324-1cdfa469b057, 1f6453f7-a107-4a72-8120-5d858e7d58a2, a4408baf-15f4-43b7-a567-358ae90698a1, 70b0995d-412f-42bb-a465-29e7b44ae422",485,0,COMPLETED,Tidak,K34,BALAI BESAR PELATIHAN VOKASI DAN PRODUKTIVITAS SERANG,DL.4057.SCO.003.053.0B.521211,APBN,01KS7B51ST5J13K1VBT9FPGZ7X,37373256,66342987,25,01JPHT8R3TKWRTQ8663M9DRT2Q,426531,43475011,2026-05-25T00:00:00Z,"Peningkatan Penyelenggaraan Pelatihan Vokasi dan Pemagangan Binalavotas, ",efbb911a-59d7-54a0-816c-d0c9fbaa93e6.ZztDkXORgg9Q2ZbD.XxGq2SoB6qeNTvkYvVhPrKV_DFLXltvUAUUlkDmSahE
Belanja Jasa Lainnya Tenaga Alih Daya,DRAFT,2026,943f872d-bbe1-4970-b357-b1e673f60632,84,0,ON_PROCESS,Tidak,K34,Sekretariat Badan Nasional Sertifikasi Profesi,WA.6988.EBA.994.002.0A.522191,APBN,01KF0D8NA5G4CJ0CWD6NANHNJA,732243792,63554509,1,01JCF7KZC856GBJ27DTAKDJR7Q,452533,695260,2026-01-16T00:00:00Z,"Dukungan Manajemen Direktorat Jenderal Pembinaan Pelatihan Vokasi dan Produktivitas, ",efbb911a-59d7-54a0-816c-d0c9fbaa93e6.ZztDkXORgg9Q2ZbD.XxGq2SoB6qeNTvkYvVhPrKV_DFLXltvUAUUlkDmSahE
"Paket Pertemuan Fullboard Peserta, Moderator dan Penyelenggara Identifikasi Analisis Pemetaan Kerawanan Hubungan Industrial  ",DRAFT,2026,cbc520b5-fb4c-4632-9032-e3af7e807fca,223,,CANCELLED_ON_NEGOTIATION,Tidak,K34,DITJEN. PEMBINAAN HUBUNGAN INDUSTRIAL DAN JAMINAN SOSIAL TENAGA KERJA,DN.2179.QIH.001.051.0F.524119,APBN,01KP87G22XTA0EKPCN3MW2HNNE,174386000,65992054,1,01JJXHY278FAKWSKXAMHQMB4KT,451270,4823026,,"Penguatan Kelembagaan dan Pencegahan Perselisihan Hubungan Industrial, ",efbb911a-59d7-54a0-816c-d0c9fbaa93e6.ZztDkXORgg9Q2ZbD.XxGq2SoB6qeNTvkYvVhPrKV_DFLXltvUAUUlkDmSahE
Belanja Pengadaan Konsumsi Peserta Pelatihan UPTD Technopark Sragen,DRAFT,2026,2bf4d0f0-b2b9-462f-a99d-db980ebeaad2,2032,0,ON_PROCESS,Tidak,K34,BALAI PELATIHAN VOKASI DAN PRODUKTIVITAS SURAKARTA,DL.4057.SCO.011.057.0A.521211,APBN,01KVCQKX5BRSH38P4TA1QPQBJ9,40640000,66297988,1,01JEQEEJE65GZYS2CSFG39P481,035636,203228,2026-06-19T00:00:00Z,"Peningkatan Penyelenggaraan Pelatihan Vokasi dan Pemagangan Binalavotas, ",efbb911a-59d7-54a0-816c-d0c9fbaa93e6.ZztDkXORgg9Q2ZbD.XxGq2SoB6qeNTvkYvVhPrKV_DFLXltvUAUUlkDmSahE
Pakaian Kerja Batch 2 - BLK Sukoharjo,COMPLETED,2026,c0b64da7-59aa-4b5d-ae09-e2ce29e9770b,45,0,ON_PROCESS,Tidak,K34,BALAI PELATIHAN VOKASI DAN PRODUKTIVITAS SURAKARTA,DL.4057.SCO.011.075.0A.521211,APBN,01KVVSMTAQZYPDMCHCT2PPJSCE,6743250,66617092,1,01JMBPDEA12RH5HKKRMTTDRCXX,035636,583141,2026-06-24T00:00:00Z,"Peningkatan Penyelenggaraan Pelatihan Vokasi dan Pemagangan Binalavotas, ",efbb911a-59d7-54a0-816c-d0c9fbaa93e6.ZztDkXORgg9Q2ZbD.XxGq2SoB6qeNTvkYvVhPrKV_DFLXltvUAUUlkDmSahE
Pakaian Kerja PBL dan PBK Reguler Industri dan Jasa ,COMPLETED,2026,fff5c51a-9344-4e8c-a542-9252d1ddd16f,16,0,ON_PROCESS,Tidak,K34,BALAI PELATIHAN VOKASI DAN PRODUKTIVITAS BANDA ACEH,"DL.4057.SCO.003.051.0A.521211, DL.4057.SCO.003.052.0A.521211",APBN,01KXYKHD2RSQS7V1HQ0MMCY8VW,2717280,66455192,1,01JCTMQA7CXPF96TWY5F54W8C9,065106,4333020,2026-07-23T00:00:00Z,,efbb911a-59d7-54a0-816c-d0c9fbaa93e6.ZztDkXORgg9Q2ZbD.XxGq2SoB6qeNTvkYvVhPrKV_DFLXltvUAUUlkDmSahE
Pengadaan Bahan Pelatihan Vokasi UPTP RM (60 Paket),COMPLETED,2026,"9b7cb8dc-22c1-47ab-aac2-4f65d63b8751, 08357c96-7ae2-41d9-976a-11d40531f194, 627a2dae-6eb5-4d0d-85d9-2815c18f5b19",80,0,COMPLETED,Tidak,K34,BALAI BESAR PELATIHAN VOKASI DAN PRODUKTIVITAS SERANG,"DL.4057.SCO.003.051.0B.521211, DL.4057.SCO.003.052.0A.521211, DL.4057.SCO.003.052.0C.521211",APBN,01KX2H3HSD39HEA33YA2J6FTNB,15797520,66342568,3,01JZSP8YSK8DC78JVR8CZQCQ1H,426531,0,2026-07-14T00:00:00Z,"Peningkatan Penyelenggaraan Pelatihan Vokasi dan Pemagangan Binalavotas, ",efbb911a-59d7-54a0-816c-d0c9fbaa93e6.ZztDkXORgg9Q2ZbD.XxGq2SoB6qeNTvkYvVhPrKV_DFLXltvUAUUlkDmSahE
"Paket Pertemuan Fullboard Peserta, Moderator dan Penyelenggara Identifikasi Analisis Pemetaan Kerawanan Hubungan Industrial  ",DRAFT,2026,e2ef5f60-a1b1-43f2-9633-b2c356efb845,224,,CANCELLED_ON_NEGOTIATION,Tidak,K34,DITJEN. PEMBINAAN HUBUNGAN INDUSTRIAL DAN JAMINAN SOSIAL TENAGA KERJA,DN.2179.QIH.001.051.0F.524119,APBN,01KPWGZ6FDM4F8VR20C1GR7VEW,197120000,65992054,1,01JHQ35N9TH719K8HCW8W4XNRB,451270,0,,"Penguatan Kelembagaan dan Pencegahan Perselisihan Hubungan Industrial, ",efbb911a-59d7-54a0-816c-d0c9fbaa93e6.ZztDkXORgg9Q2ZbD.XxGq2SoB6qeNTvkYvVhPrKV_DFLXltvUAUUlkDmSahE
Belanja Bahan TMT Klaster,COMPLETED,2026,"f40cbdfb-4f60-4681-81ac-17fecf721d63, 1846ac58-c23b-4498-9cc4-fc5f2e13432b, 35178a8f-4576-43be-a9d6-9617e14b1fb4, 032a532b-2803-466b-87bc-4cec03a9f828, 04bcfa0b-8fab-4b7d-a32f-fcb2f7f55eff, 1c649746-35de-43b6-b636-416cb6af13ea, 054461b3-7c95-45a3-afe4-03a7198cd27c, 5c5c7b2b-9e88-4d0d-9557-08e9be7630ba, c712becd-83f8-4984-8ada-99227c70203f, df70f92b-a822-4956-8af7-0bf9ef08fe35, 6c587917-ef82-49ac-bd75-ccf466797164, ec1e3203-19c6-4329-8625-dc643bd7e63e, 6a551cc4-3746-4fd5-82ca-72c0abf7b458, eb7fbeec-962a-4151-b508-72c1e0916df9, 36888866-22eb-48cf-aaf6-425ff95a9564, 4810a691-1067-4b53-84f3-bdbd0941a0ca, d88cbba5-cae9-43c1-8bd9-e415c4b5293d, 5dbecf76-1bc7-4863-9349-c11725c2013d, b700f7d9-a733-4cd4-9ae8-c786e34edfcc",750,188700,COMPLETED,Tidak,K34,BALAI BESAR PELATIHAN VOKASI DAN PRODUKTIVITAS SEMARANG,DL.4057.SCO.003.053.0A.521211,APBN,01KKX7T8NG0A15G8SSH05AKBV5,18842960,66185950,19,01JYDESZTP0YA22FBCZT8CDSRE,452609,0,2026-03-17T00:00:00Z,"Peningkatan Penyelenggaraan Pelatihan Vokasi dan Pemagangan Binalavotas, ",efbb911a-59d7-54a0-816c-d0c9fbaa93e6.ZztDkXORgg9Q2ZbD.XxGq2SoB6qeNTvkYvVhPrKV_DFLXltvUAUUlkDmSahE
Pengemudi/Asisten Ahli/Tenaga Ahli Sub Profesional,DRAFT,2026,"3e3f4718-76fc-4949-b4ff-0e1d75692f0a, 9fa153ce-564d-450e-ac6d-6f116ff4383b",56,,CANCELLED_ON_NEGOTIATION,Tidak,K34,DIREKTORAT BINA KELEMBAGAAN PELATIHAN VOKASI,WA.6988.EBA.994.002.0A.522191,APBN,01KJ4NMVXMW4PWXBMKQX0K8PVZ,509690448,65017646,2,01JC8HPBWWT8NZ12ZXT6628CQG,626131,11240127,,"Dukungan Manajemen Direktorat Jenderal Pembinaan Pelatihan Vokasi dan Produktivitas, ",efbb911a-59d7-54a0-816c-d0c9fbaa93e6.ZztDkXORgg9Q2ZbD.XxGq2SoB6qeNTvkYvVhPrKV_DFLXltvUAUUlkDmSahE
Perlaksanaan Sertifikasi Lulusan Pelatihan (RM),DRAFT,2026,986059a0-4435-44d5-9c55-f8273b8b8e51,8268,0,ON_PROCESS,Tidak,K34,BALAI PELATIHAN VOKASI DAN PRODUKTIVITAS SURAKARTA,"DL.4053.PDI.002.051.0B.521211, DL.4053.PDI.002.051.0B.521213, DL.4053.PDI.002.051.0B.522151, DL.4053.PDI.002.051.0B.524111",APBN,01KVF932T3X610DFXC4WBBYCT5,164946600,62074382,1,01JH32ST1D9RS7EZ1X0Q3BC1FG,035636,345104,2026-06-22T00:00:00Z,"Pengembangan Sistem dan Pelaksanaan Sertifikasi Kompetensi Profesi Binalavotas, ",efbb911a-59d7-54a0-816c-d0c9fbaa93e6.ZztDkXORgg9Q2ZbD.XxGq2SoB6qeNTvkYvVhPrKV_DFLXltvUAUUlkDmSahE
Belanja Bahan Pelatihan TMT,DRAFT,2026,"353f7119-d1bf-46e8-a431-57ecdb733dce, d08dc900-cb3e-4f74-8a9b-52df04d4f599, 9210fde3-ae98-474d-9630-846fb485c767, 9d63a329-fb0f-4952-a927-32ca85354219, 1bdaace0-c548-4c9b-bcec-eed956ed8ea3, fdba9127-8c48-401a-a3e4-d52550339227, a4c3133d-cd6b-4fc7-9514-b429e8c9d7a9, c712becd-83f8-4984-8ada-99227c70203f, b700f7d9-a733-4cd4-9ae8-c786e34edfcc",103,133200,ON_PROCESS,Tidak,K34,BALAI BESAR PELATIHAN VOKASI DAN PRODUKTIVITAS SEMARANG,DL.4057.SCO.003.054.0C.521211,APBN,01M0045E1PB2VRN5P6S46YF0B8,2051724,66020897,9,01JYDESZTP0YA22FBCZT8CDSRE,452609,0,2026-08-15T00:00:00Z,"Peningkatan Penyelenggaraan Pelatihan Vokasi dan Pemagangan Binalavotas, ",efbb911a-59d7-54a0-816c-d0c9fbaa93e6.ZztDkXORgg9Q2ZbD.XxGq2SoB6qeNTvkYvVhPrKV_DFLXltvUAUUlkDmSahE
Belanja Sewa,COMPLETED,2026,ff860293-fa97-434e-9761-beb5809e3632,24,0,PAYMENT_OUTSIDE_SYSTEM,Tidak,K34,INSPEKTORAT JENDERAL,WA.2171.EBA.994.002.0D.522141,APBN,01KW8V040S4YCK6QHXYV52W4WD,312000008,63378375,1,01JKZD1FHK08D8Q5FFNCZHQEMV,259031,0,2026-06-29T00:00:00Z,"Dukungan Manajemen dan Dukungan Teknis Lainnya Inspektorat Jenderal, ",efbb911a-59d7-54a0-816c-d0c9fbaa93e6.ZztDkXORgg9Q2ZbD.XxGq2SoB6qeNTvkYvVhPrKV_DFLXltvUAUUlkDmSahE
Paket Meeting Fullboard Panitia dan Peserta,COMPLETED,2026,711f9683-38d0-4f55-a21b-e352cd7b0cc0,54,0,COMPLETED,Tidak,K34,DITJEN PHI DAN JAMSOS,DN.5586.BDC.002.056.0A.524119,APBN,01KTNM4S3W731J4BZ6ANVEX29F,48600000,66973485,1,01JVRQQAH8934T8B9K7C12EZV7,451310,0,2026-06-10T00:00:00Z,"Peningkatan Penerapan Jaminan Sosial Tenaga Kerja dan Fasilitasi Kesejahteraan Pekerja, ",efbb911a-59d7-54a0-816c-d0c9fbaa93e6.ZztDkXORgg9Q2ZbD.XxGq2SoB6qeNTvkYvVhPrKV_DFLXltvUAUUlkDmSahE
Pest Control,COMPLETED,2026,"66bba602-4b39-4525-8969-26c0f0b9dd86, 86fbb1ce-9ff9-4770-86db-3285ac037463",49932,0,ON_PROCESS,Tidak,K34,SEKRETARIAT JENDERAL KEMNAKER,WA.2158.EBA.994.002.0K.523111,APBN,01KYKX3PEW4HKK2R2VREHV6SME,75272490,66029467,2,01JH25183A5TVY813HBHAKEDVN,450938,3667127,2026-07-30T00:00:00Z,"Peningkatan Pengelolaan dan Pelaporan Keuangan, ",efbb911a-59d7-54a0-816c-d0c9fbaa93e6.ZztDkXORgg9Q2ZbD.XxGq2SoB6qeNTvkYvVhPrKV_DFLXltvUAUUlkDmSahE
Belanja Barang Persediaan Safety Shoes UPTD Technopark Sragen,COMPLETED,2026,ee260424-b5de-4bc2-98c2-145dbdb49ad3,32,0,ON_PROCESS,Tidak,K34,BALAI PELATIHAN VOKASI DAN PRODUKTIVITAS SURAKARTA,DL.4057.SCO.011.057.0A.521811,APBN,01KXG493BFSGEEYZMJ86ZY0MBN,11199989,66298484,1,01JR9NJ3E5JK5JKT4A18PYKCVK,035636,0,2026-07-16T00:00:00Z,"Peningkatan Penyelenggaraan Pelatihan Vokasi dan Pemagangan Binalavotas, ",efbb911a-59d7-54a0-816c-d0c9fbaa93e6.ZztDkXORgg9Q2ZbD.XxGq2SoB6qeNTvkYvVhPrKV_DFLXltvUAUUlkDmSahE
Paket Fullboard Meeting Panitia dan peserta Fullboard (Peningkatan Soft skill Mediator Hubungan Industrial),COMPLETED,2026,5a06bdc9-3e0d-434a-b870-d573930a1369,154,0,COMPLETED,Tidak,K34,DITJEN. PEMBINAAN HUBUNGAN INDUSTRIAL DAN JAMINAN SOSIAL TENAGA KERJA,DN.6586.UAC.001.051.0B.524119,APBN,01KK1A6PDRZE47EH6D9G0VAZG4,150920000,65232675,1,01JZS5N9CPG2J7AH93D3AG8CJH,451270,0,2026-03-09T00:00:00Z,"Peningkatan Kompetensi Mediator Hubungan Industrial, ",efbb911a-59d7-54a0-816c-d0c9fbaa93e6.ZztDkXORgg9Q2ZbD.XxGq2SoB6qeNTvkYvVhPrKV_DFLXltvUAUUlkDmSahE
Pembelian Laptop,COMPLETED,2026,178c1b7e-089d-4983-a53b-ee2f5e760aab,21,0,COMPLETED,Tidak,K34,PUSAT PENGEMBANGAN SUMBER DAYA MANUSIA KETENAGAKERJAAN,WA.2165.EBB.951.052.0A.532111,APBN,01KMYM0C77KZ9KCE9VY08J3E47,151491690,66472354,1,01K0DZ8FR8DB1YR8W2Z85FX463,450990,0,2026-03-30T00:00:00Z,"Peningkatan Kualitas Sumber Daya Manusia (SDM) Aparatur, ",efbb911a-59d7-54a0-816c-d0c9fbaa93e6.ZztDkXORgg9Q2ZbD.XxGq2SoB6qeNTvkYvVhPrKV_DFLXltvUAUUlkDmSahE
Belanja Bahan PBK Reguler Luring,COMPLETED,2026,fd03e592-5b0c-458d-aa68-56d577ec4564,122,0,COMPLETED,Tidak,K34,BALAI BESAR PELATIHAN VOKASI DAN PRODUKTIVITAS SEMARANG,DL.4057.SCO.005.052.0A.521211,APBN,01KN3GS5KNWJKNMFVCABYSX8ER,2409500,66186051,1,01JCYR1H5KAHWBXMZNS2PMK7NJ,452609,12452042,2026-04-01T00:00:00Z,"Peningkatan Penyelenggaraan Pelatihan Vokasi dan Pemagangan Binalavotas, ",efbb911a-59d7-54a0-816c-d0c9fbaa93e6.ZztDkXORgg9Q2ZbD.XxGq2SoB6qeNTvkYvVhPrKV_DFLXltvUAUUlkDmSahE
"Pengadaan Jasa Tenaga Alih Daya Satpam, Petugas Kebersihan dan Pramubakti Satpel Dumai (periode Juni s.d Desember 2026)",DRAFT,2026,fde638c4-f696-47c0-bb74-0ed67b21363c,80,0,ON_PROCESS,Tidak,K34,BALAI BESAR PERLUASAN KESEMPATAN KERJA,WA.6621.EBA.994.002.0f.521111,APBN,01KT684BF67SYT9SY6P14B10MH,418738560,67204007,1,01JNJ4XRTYSV2PM9D20T1ZP5JW,259322,0,2026-06-05T00:00:00Z,"Dukungan Manajemen Ditjen Pembinaan Penempatan Tenaga Kerja dan Perluasan Kesempatan Kerja, ",efbb911a-59d7-54a0-816c-d0c9fbaa93e6.ZztDkXORgg9Q2ZbD.XxGq2SoB6qeNTvkYvVhPrKV_DFLXltvUAUUlkDmSahE
"Belanja Sewa, PERBAIKAN/PEMELIHARAAN PERALATAN KANTOR (SETDITJEN)",DRAFT,2026,"d491561a-4be0-4cbb-bbf7-6059bc632677, 4ebb7007-0f97-48da-b038-817a3ed45bb5",30,0,ON_PROCESS,Tidak,K34,DITJEN. PEMBINAAN PENGAWASAN KETENAGAKERJAAN DAN K3,WA.6622.EBA.994.002.KB.522141,APBN,01KJEJHYQTYQ3M36NM8S3KA3YE,135002640,65861931,2,01JMKQKRTV4SVMQSDYS61A8NBR,651870,103807009,2026-02-27T00:00:00Z,"Dukungan Manajemen Ditjen Pembinaan Pengawasan Ketenagakerjaan dan Keselamatan dan Kesehatan Kerja, ",efbb911a-59d7-54a0-816c-d0c9fbaa93e6.ZztDkXORgg9Q2ZbD.XxGq2SoB6qeNTvkYvVhPrKV_DFLXltvUAUUlkDmSahE
Belanja Bahan TMT Klaster,COMPLETED,2026,"454ff63a-a26e-498f-840b-18e5cff6925d, 847a78e8-7102-44fa-a995-62ee95ee1548, 67e8fd2e-c11e-4d27-826d-f1b8f5feaa76, f6e45d2f-3cdf-43e0-8e5d-14e515157353, 49781587-137e-46b9-8eff-2062997961ab, 882f6bca-a433-467a-b601-9266d365d2d2, 6682d95c-9625-4024-9be8-06ff9ef21167, d3c47b42-1112-4d51-8d30-14ae23cc2eb7, 4f6fde3d-fa1b-4b92-8ebc-a20484c5422a, 166fc230-6597-4e09-8ee8-d4f736f2cb63, 60954825-ae99-4d77-a51e-2ca68ff9920e, 4a3645c0-fd2c-4424-ab08-1c14bff7c0c1, 2cfddd6a-5e9b-4ba9-9c11-7e6eb6d125b9, 3a63bb1b-4038-4b9a-a8ef-66ede4434d43, c3fce501-2577-4243-a492-484e87a8d683, a560d862-66ee-42fb-8a11-e4a8620698ef, 94247e51-d315-48b5-9c45-899b701e70f9, 7f502376-efe0-4146-8b23-d15e1f999137, b2f5c2d4-4795-4df4-93a5-f3fcd0c88336, 3a04e736-1c9a-4c00-9347-7e80089aef50, f875ba81-6cd2-4ee1-ae1c-895a6a5417bf, ae1538b1-e7bf-4cd5-b933-6d1b6323c99f, d7e0a48e-7a36-45c6-a544-f358be585074, 2e6d4e6e-0b3a-4455-8e67-4b2355a9974e, c2560eda-18ad-4c4c-80f7-1f8abca53e62, efaa8c7b-b046-48c2-903f-e525294899de, ece7f23b-fb94-4de8-af20-6cd0ab1ac3a8, 487af6c7-fcd6-4a90-87bc-141aca46d5c4, 6a95397e-f212-45e5-a37c-bf5408f63273, aa34541d-7bc4-44f0-9ac1-9960a3d6976d",299,0,COMPLETED,Tidak,K34,BALAI BESAR PELATIHAN VOKASI DAN PRODUKTIVITAS SEMARANG,DL.4057.SCO.003.053.0A.521211,APBN,01KKXFSRSDAATS8BQBE4AJNA6S,10858464,66185950,30,01J81QPN27R0FDVY86ZEFZ77TW,452609,2502042,2026-03-17T00:00:00Z,"Peningkatan Penyelenggaraan Pelatihan Vokasi dan Pemagangan Binalavotas, ",efbb911a-59d7-54a0-816c-d0c9fbaa93e6.ZztDkXORgg9Q2ZbD.XxGq2SoB6qeNTvkYvVhPrKV_DFLXltvUAUUlkDmSahE
"Belanja Pakaian Kerja, Bahan dan Konsumsi Pelatihan - BLK Purworejo",COMPLETED,2026,"6f71627d-99f4-4ee9-8983-cc91e0181a16, 3f339a62-3358-4a17-a574-4c7b404866ce, f2449961-69eb-488a-801f-cf48dbfe9a17, 8b3d34e3-ca4e-4e27-b4e4-837139c77698, dd5119c0-fe7a-45b6-88d5-22be2683811d, d4e4599f-32d6-4164-a001-b80257da0d6d, 8ef799c8-f9a1-4909-ba06-d4e9c3b6c1f4, a15c39b0-b4af-407c-826a-8e8070501a49, 5df716e4-ac0d-403f-a5db-693e4666a3d1, 2abc7ce6-a5cf-408d-a81d-c77d17c731a4, 732c6032-aea3-448d-af9c-89610e6837f8, 8cc34d6c-f1c8-4b4d-b16a-03796e8161e3, 76651e70-03b9-43f8-ad94-8f133d25a358, e2f9c113-92d2-41a8-9eaf-13eb1f830f89, febd1efe-7891-4a61-beab-ed9a8794e8dc, 5979cbf4-10b8-4704-811e-0b7686f32f5b, 99c0448e-d323-491e-b4fb-2f0ca4c9cd7c, 991b6138-1815-43c3-97ae-e9d085dfff64, 06c7ce95-0a63-4f06-b88c-fe207541518d, fc423144-5299-4812-a579-884f957fee7f, 5d20a064-6b44-4ff2-a3e1-7915ecd26fdd, 768353d2-5847-403c-b91e-727f23657f47, b1454617-e677-4b2a-84cc-a49f6a195c52, e0ad5cc6-dea6-42e3-9778-17438660cc03, beace361-ad39-40c3-b9d6-feccf31a2b2c, 661cf511-6760-456a-aa63-285c75907d16, 1b9a12f8-27ca-41fc-9603-9783434150dd, 4a19787c-1c8a-4f9a-8f0a-b7e486d6db87, 12e8592c-8b7f-4c3f-8985-41ef9352c563, 138b98a0-9969-4b1d-9f83-2a411004fd3d, 82ba6f7f-ad70-40bd-a147-e4b4d27fba19, ae24b0a6-dead-4ebe-94ca-080043e16cc3, 93c13fbb-29b3-47dc-810f-9c8c1493995c, 3d7677b7-870d-43a5-99f5-7b8808c3393a, a554098d-ec11-4c72-a76f-2ad1c80aac67, 7309b1e4-ac23-4cf1-a833-3b71464e6516, 599a21a1-80b0-4e2b-b48b-3619669b0707, fb8b1679-3763-479e-8aa0-e95b48154f17, f8967c09-87ea-4c50-bcd8-8b4a24644e80, 8ca9450a-133a-4649-afdd-43c057c07883, 7472000f-bdd9-4d47-ad73-d7c211875cca, 76190719-ab68-4e0a-955c-cccb19d10d72, 6ef5b4d4-b42e-4a49-95df-5e86342924c3, 122f9990-d20c-4cda-a553-7cc1cca8a468, a14686b5-cd0d-477d-a4f4-8ceaaa24a281, 06c24597-ae3d-4224-8995-1eefc02d56a8",1156,0,PAYMENT_OUTSIDE_SYSTEM,Tidak,K34,BALAI PELATIHAN VOKASI DAN PRODUKTIVITAS SURAKARTA,DL.4057.SCO.011.052.0A.521211,APBN,01KKTMEAG8349G7Z52GJRDY4R2,20821558,66399315,46,01KDYZZC347HPP0PGG8HJQ4QWB,035636,0,2026-03-17T00:00:00Z,"Peningkatan Penyelenggaraan Pelatihan Vokasi dan Pemagangan Binalavotas, ",efbb911a-59d7-54a0-816c-d0c9fbaa93e6.ZztDkXORgg9Q2ZbD.XxGq2SoB6qeNTvkYvVhPrKV_DFLXltvUAUUlkDmSahE
 Pengadaan Konsumsi Peserta UPTD BLK Disnaker Kab. Kebumen,DRAFT,2026,7ac2c70f-c236-4d2b-b67b-6d6bc6b8fb2b,3936,0,ON_PROCESS,Tidak,K34,BALAI PELATIHAN VOKASI DAN PRODUKTIVITAS SURAKARTA,DL.4057.SCO.011.055.OA.521211,APBN,01KXHVQ4V273MXXT4W4RH50J23,78720000,67426816,1,01JNZAF4YHH4PYCTNKGNQP9FAZ,035636,279368009,2026-07-15T00:00:00Z,"Peningkatan Penyelenggaraan Pelatihan Vokasi dan Pemagangan Binalavotas, ",efbb911a-59d7-54a0-816c-d0c9fbaa93e6.ZztDkXORgg9Q2ZbD.XxGq2SoB6qeNTvkYvVhPrKV_DFLXltvUAUUlkDmSahE
Belanja Bahan TMT Klaster,DRAFT,2026,"047da1ff-3edc-4855-9942-1d16ec6b2874, e8ecf9ed-96e9-48e4-81c9-89dcf208a625, 97d01ef5-02b8-492c-a443-7f73fca1de5e, c5036308-9996-47ee-bc19-02af83b96320, 821e784f-c519-400c-a90c-69478ba79928, dc3d1d54-73ba-43ac-8c96-a7334e234c84, dc298d78-472f-4826-875c-fb3dae62e516, 215eb937-1339-42a7-b978-4e8831af4a09, f094d94c-d9ff-4487-b27b-6e2153774b9a, 66ae3ffe-e82e-4428-ab3f-b0ebe4de9f3e, d62db7d2-a7d9-49ea-8423-5d424e069ab8, 947675cf-0038-4b85-80d8-a042b2cefe08, e3be2ffa-1e92-484c-a5f8-4067069a1223, 8224ceb0-3451-423d-aae6-9f4cebb4b737, c699f0be-0170-4796-85dd-500b3bf62acf, 00836862-2324-4c59-8bdc-fff624c3a600, 1bc977c5-fd63-4692-ad3f-e7d782c192ba, 4615043f-d8e2-4f85-bc34-63ab586b21f4, 508d3ebd-ab99-41a7-8bc4-91e4b13f334a, 07d00fa0-5829-460e-9312-2c33c3535316, cea7b184-6134-49ac-9a63-a9705923ab24, 237de430-839f-418f-b1d1-b294ee999269, f3589cc0-f06f-4b13-bca4-2d6fddee04dc, 10d54e24-81e8-495f-b12b-ba7f39470cbd, c9e71334-0dcb-4be0-bd3e-6bfdb2ecb243, c421dcd0-8c12-41d1-8054-eb286cd7e573, 2de69143-6910-4e53-8a34-e4ba7ff37a73, 56df9991-a9ed-480f-a668-adc88bcf58ff, 2bb0e0b7-c2ab-46ba-9f19-1d2a99f099bc, f83b6915-a5b2-4310-9baf-242c3701a253, b15d8d19-5206-4407-9de5-11f49f1a1feb, a3a7d430-54b0-4307-a066-c6388f696d02, dc822963-783d-49be-8f6c-2b7ee2dc555a, ad2f3a4d-58bc-4db4-ac09-d4aa9f079c1c, 871a30ea-a9e3-4833-ae89-76d8278cc11c, e0849b80-de10-4c42-9f70-af6f34604fe2, f3028d9d-90fb-407c-a1e0-18400d0853af, 6ab89c10-4243-4b74-abe3-453cb1c3c146, 81096e85-3265-4c11-bcc0-e338e1555397, f7b5bc64-1390-480e-921f-60ee83301d57, eb0c8d5c-e273-49e4-94c3-dddf9bbd3159, 74481692-4337-4928-99ef-a29842738922, 89913618-6cd1-4242-82ee-2fbbfd5f7f0b, a5245bb5-1ac9-4e08-acc2-7b979d93391c, 89a0b7c9-da4e-453f-a764-2ceba4a00f84, 35054f49-ec75-424f-9bb4-16070007a6dc, 4a08a393-b104-4109-8e90-120a8168895f, 43c112b2-b2a9-44b9-bf6d-5a5354e23dac, c34932ff-8ff9-4cdd-a6ba-c2da28315481, 9d81b28c-af8a-4124-baa8-21113f9fe418, ed5db028-208f-4e08-9a5e-1aedc894e716, 7356bd63-e812-4834-a563-d53479f83dd7, 680ff6fe-9275-4173-92d8-94a418acd06f, ae867c68-b9e3-4e7a-a210-9ecf3428535f, 446f164d-a51b-4242-9a62-5d876dae87cd, cef1d8a5-7f77-4fb1-aa05-66631ef19b96, 959839a2-9dd7-49ba-880a-cc0d7db9857e, e4ccdb0b-17c1-424a-a7b0-4550b196299b, 027b0a8f-d47e-4df8-9ae8-4012b3b2dcde, 37e308e8-5a0a-44ba-98d7-d57b7519700a, 4072bbf7-7f23-4002-98b8-c794d36fe1db, a5aa2a64-3a5f-4ac5-a1c3-0a4604325c0b, e181c0ba-fd6a-4724-9e88-f8236a20520f, eaa0fcf1-7030-419c-beb7-d5dd5cd8fd78, d5269bca-a80e-4886-a2ae-fb89aebdadcd",429,,CANCELLED_ON_REVIEW,Tidak,K34,BALAI BESAR PELATIHAN VOKASI DAN PRODUKTIVITAS SEMARANG,DL.4057.SCO.003.053.0A.521211,APBN,01KM0DHRNJJKKZPY8WRDCJ2QRV,12287922,66185950,65,01K2KX48KE5DQHRAJ0REG26EE5,452609,0,,"Peningkatan Penyelenggaraan Pelatihan Vokasi dan Pemagangan Binalavotas, ",efbb911a-59d7-54a0-816c-d0c9fbaa93e6.ZztDkXORgg9Q2ZbD.XxGq2SoB6qeNTvkYvVhPrKV_DFLXltvUAUUlkDmSahE
Pengadaan Perlengkapan Peserta dan Pengajar Kegiatan Pembekalan TKM Lanjutan ,COMPLETED,2026,"f5badf64-1718-4c00-9c13-ab3141dc9609, f29f907a-763c-4c37-b5c7-ef3b96df1d62, bbba501e-8df5-4620-bbbc-0976a1d18ca3, 659063a1-05c1-449d-b53c-9c674f76bc19, 02a05522-8647-4d94-9a29-f68480fa7bb0, b3fcda2e-55c8-4172-ab9b-81381d944a21, 7d969f78-1997-40c2-94f8-0366a52ab55c",4170,0,PAYMENT_OUTSIDE_SYSTEM,Tidak,K34,BALAI BESAR PERLUASAN KESEMPATAN KERJA,DN.2175.QDC.001.051.0B.521811,APBN,01KVF9WN42XNY268N5B9SXDT34,89904006,65564389,7,01JBG8W1SCEJJ7HYJAS6NNM8SW,259322,21910014,2026-06-19T00:00:00Z,"Perluasan Kesempatan Kerja, ",efbb911a-59d7-54a0-816c-d0c9fbaa93e6.ZztDkXORgg9Q2ZbD.XxGq2SoB6qeNTvkYvVhPrKV_DFLXltvUAUUlkDmSahE
Langganan Layanan Up to Bandwidth Rumah Dinas Ligamas,DRAFT,2026,d34d8f12-9816-4316-8217-5152e8f59deb,12,0,ON_PROCESS,Tidak,K34,BADAN PERENCANAAN DAN PENGEMBANGAN KETENAGAKERJAAN,WA.6624.EBA.994.002.BC.522119,APBN,01KDPSCFT1HWNM1SQZ7JQYDFXR,179826660,62245144,1,01J9ARYBFRM5PHXQ5MVCCQQKT9,452677,3196119,2025-12-31T00:00:00Z,"Dukungan Manajemen Badan Perencanaan dan Pengembangan Ketenagakerjaan, ",efbb911a-59d7-54a0-816c-d0c9fbaa93e6.ZztDkXORgg9Q2ZbD.XxGq2SoB6qeNTvkYvVhPrKV_DFLXltvUAUUlkDmSahE
"Belanja Pakaian Kerja, Bahan dan Konsumsi Pelatihan - BLK Purworejo",COMPLETED,2026,"6ee07b58-f6d3-47fd-9fcd-2288efd08247, 679e5c4f-5dc3-4cdf-a67b-8a6c3e113909, de833488-9134-4b65-92a3-73c7f6846c47, 7fd5e652-b8af-4ef8-9b75-d534db4c2dd2, 9a3e8310-4381-4296-a366-dcc39ef045e6, 52a4b198-4987-4607-b48e-9e4074b9e819, 2e69c392-2084-481d-a204-1c57b71acbf1, 0884860d-05f0-4b7e-a259-fa1f407a17f7, c71ad646-ab72-49b0-ac4a-cbd49c47aa17, 1f4a2741-10a8-4bb2-8e59-02c556a212fa, 971b2758-355f-4da2-9302-b9a3a4a8a851, fe3443bc-2d13-4f74-b79b-8cd9bd12b900, 1867488a-ee7c-4290-a175-a6395b856b42, 29e21a5f-0376-4722-81de-4315c9cf4d17, b9d06ea0-0359-419d-abb1-075d5077635c, 7f1730ff-3985-44eb-9bf5-649c172b10ea, 32087eab-d275-4e98-8c31-edf17ce2449e, 5e0b7b47-7b23-468c-8a1c-52fdb99948dc, 2b3d13e6-a0ac-420d-9348-9218262be0a0, 8245ebbf-eaba-401f-94ad-74b2de192642, 439cd61a-01ca-4423-ac4a-d8615048428a, f635a2c9-06c6-41d1-a8d1-d235ca541207, 8dc4f1d2-9ffa-4324-b7f4-8dd8a0b33314, 24b686e4-831b-484a-bd6e-e5d3124919c2, bf1cd5c9-34d6-4e4a-b7df-d00dedb445f2, 77fe3713-4fa3-42d5-abd0-a29b723a6336, 4218dc20-5722-44d2-9fb3-6761296fc667",280,0,ON_PROCESS,Tidak,K34,BALAI PELATIHAN VOKASI DAN PRODUKTIVITAS SURAKARTA,DL.4057.SCO.011.052.0A.521211,APBN,01KTWKC6JXHJMTB0BAJGSPM65G,17523592,66399315,27,01JK0ADAEF2QJ3HZX1H9D2SRGN,035636,683146,2026-06-12T00:00:00Z,"Peningkatan Penyelenggaraan Pelatihan Vokasi dan Pemagangan Binalavotas, ",efbb911a-59d7-54a0-816c-d0c9fbaa93e6.ZztDkXORgg9Q2ZbD.XxGq2SoB6qeNTvkYvVhPrKV_DFLXltvUAUUlkDmSahE
"Pengadaan Jasa Tenaga Alih Daya Satpam, Petugas Kebersihan dan Pramubakti Satpel Dumai (periode Januari s.d Mei 2026)",DRAFT,2026,fde638c4-f696-47c0-bb74-0ed67b21363c,10,0,ON_PROCESS,Tidak,K34,BALAI BESAR PERLUASAN KESEMPATAN KERJA,WA.6621.EBA.994.002.0f.521111,APBN,01KFYJZGMEGZE10636CJ8MY376,315733890,63513640,1,01JNJ4XRTYSV2PM9D20T1ZP5JW,259322,0,2026-01-27T00:00:00Z,"Dukungan Manajemen Ditjen Pembinaan Penempatan Tenaga Kerja dan Perluasan Kesempatan Kerja, ",efbb911a-59d7-54a0-816c-d0c9fbaa93e6.ZztDkXORgg9Q2ZbD.XxGq2SoB6qeNTvkYvVhPrKV_DFLXltvUAUUlkDmSahE
Belanja Jasa Lainnya BDC 003,DRAFT,2026,7907e2ff-0cb3-4d2d-9a39-a2e0f7301fa3,200,0,ON_PROCESS,Tidak,K34,DIREKTORAT BINA PERLUASAN KESEMPATAN KERJA,DN.2175.BDC.003.051.0A.522191,APBN,01KDQ1KTW9R5X9NWE6EYG6PGE0,1586650200,62567306,1,01JBY93PFF67PZKX4A22Z15V9M,626041,5757127,2025-12-31T00:00:00Z,"Perluasan Kesempatan Kerja, ",efbb911a-59d7-54a0-816c-d0c9fbaa93e6.ZztDkXORgg9Q2ZbD.XxGq2SoB6qeNTvkYvVhPrKV_DFLXltvUAUUlkDmSahE
Pengadaan Paket Fullboard Meeting Luar Kota LISTRAF Komponen C,COMPLETED,2026,"d7f66cff-52fa-4f06-9694-5e6423aa4cf6, ecd08809-3556-4aad-b1be-06741119c97f",68,0,COMPLETED,Tidak,K34,BIRO PERENCANAAN,WA.2160.AEA.002.055.0O.524119,APBN,01KNGX304M6Y73MK9CV4BXG89M,69180000,65584502,2,01JSBSCX6K88Y1YQEK8DZQEGM6,450922,0,2026-04-07T00:00:00Z,"Peningkatan Perencanaan Program dan Anggaran, ",efbb911a-59d7-54a0-816c-d0c9fbaa93e6.ZztDkXORgg9Q2ZbD.XxGq2SoB6qeNTvkYvVhPrKV_DFLXltvUAUUlkDmSahE
Belanja Bahan Pelaksanaan Sertifikasi Lulusan Pelatihan ,COMPLETED,2026,"ee4425aa-84df-4b9e-afa2-169a7e40ce7e, 3d481c92-797e-41aa-b86d-b76b1aa15e66, ef3ee103-1bc6-41d5-8542-910523f91bf4, 6c19c185-6ffb-4500-b85a-95be51f98bd3, 847a78e8-7102-44fa-a995-62ee95ee1548",5,66600,COMPLETED,Tidak,K34,BALAI BESAR PELATIHAN VOKASI DAN PRODUKTIVITAS SEMARANG,DL.4053.PDI.002.051.0B.521211,APBN,01KY3XYCW2BJEYMGMR21S300QK,845598,62801553,5,01J81QPN27R0FDVY86ZEFZ77TW,452609,2502042,2026-07-22T00:00:00Z,"Pengembangan Sistem dan Pelaksanaan Sertifikasi Kompetensi Profesi Binalavotas, ",efbb911a-59d7-54a0-816c-d0c9fbaa93e6.ZztDkXORgg9Q2ZbD.XxGq2SoB6qeNTvkYvVhPrKV_DFLXltvUAUUlkDmSahE
Pengadaan Jasa Outsourcing/ Alih Daya dan Keamanan Pusat Pasar Kerja Tahun 2026,DRAFT,2026,7d042e1e-30be-4e8d-a217-06806e19f59c,36,0,ON_PROCESS,Tidak,K34,PUSAT PASAR KERJA,WA.6595.EBA.994.002.0A.521111,APBN,01KDPWDCTA2HCGTBRY1E96FPBT,293106600,62551102,1,01KBEP5ZS97JXQ3E3619KYN5C4,626011,0,2025-12-30T00:00:00Z,"Peningkatan Pelayanan Pasar Kerja, ",efbb911a-59d7-54a0-816c-d0c9fbaa93e6.ZztDkXORgg9Q2ZbD.XxGq2SoB6qeNTvkYvVhPrKV_DFLXltvUAUUlkDmSahE
Safety Shoes Pelatihan Vokasi yang Mendukung Pekerjaan Hijau (Green Jobs,DRAFT,2026,4f760a74-84ae-4a1d-8cec-59f7e8293f61,416,0,ON_PROCESS,Tidak,K34,BALAI BESAR PELATIHAN VOKASI DAN PRODUKTIVITAS BANDUNG,DL.4057.SCO.008.052.0A.521211,APBN,01KZX6VCZ57GP48HA8MTTQ0XQX,145516738,63633232,1,01JJ60PW5XQT9D735C4V5K2XBN,452542,10244014,2026-08-14T00:00:00Z,"Peningkatan Penyelenggaraan Pelatihan Vokasi dan Pemagangan Binalavotas, ",efbb911a-59d7-54a0-816c-d0c9fbaa93e6.ZztDkXORgg9Q2ZbD.XxGq2SoB6qeNTvkYvVhPrKV_DFLXltvUAUUlkDmSahE
Belanja Pengadaan Pakaian Kerja Peserta UPTD Technopark Sragen,COMPLETED,2026,f2c36222-cc6d-4c2b-b33c-69c51e04c7a1,32,0,ON_PROCESS,Tidak,K34,BALAI PELATIHAN VOKASI DAN PRODUKTIVITAS SURAKARTA,DL.4057.SCO.011.057.0A.521211,APBN,01KXG3YAYF25VQF1WS2R5YGCR9,4653120,66296592,1,01JR9NJ3E5JK5JKT4A18PYKCVK,035636,0,2026-07-16T00:00:00Z,"Peningkatan Penyelenggaraan Pelatihan Vokasi dan Pemagangan Binalavotas, ",efbb911a-59d7-54a0-816c-d0c9fbaa93e6.ZztDkXORgg9Q2ZbD.XxGq2SoB6qeNTvkYvVhPrKV_DFLXltvUAUUlkDmSahE
Belanja Bahan TMT Klaster,COMPLETED,2026,"d7e0a48e-7a36-45c6-a544-f358be585074, 94247e51-d315-48b5-9c45-899b701e70f9, d5a40cea-449c-4c57-ac7e-66d55c6c641b, ece7f23b-fb94-4de8-af20-6cd0ab1ac3a8, 3a04e736-1c9a-4c00-9347-7e80089aef50, 9d224d0c-1dd9-4178-9f5c-708a70b21c58, 847a78e8-7102-44fa-a995-62ee95ee1548, 4f6fde3d-fa1b-4b92-8ebc-a20484c5422a, e35b484d-00d0-4686-bde7-ba7f9c0f9cca, c3fce501-2577-4243-a492-484e87a8d683, 2e6d4e6e-0b3a-4455-8e67-4b2355a9974e, 60954825-ae99-4d77-a51e-2ca68ff9920e, ae1538b1-e7bf-4cd5-b933-6d1b6323c99f, 166fc230-6597-4e09-8ee8-d4f736f2cb63, 882f6bca-a433-467a-b601-9266d365d2d2, 49781587-137e-46b9-8eff-2062997961ab, 0b24e404-b7e9-4187-b851-5342f52bb0a3, d02bfec9-e739-42f8-846f-f8c2a707aa81, a560d862-66ee-42fb-8a11-e4a8620698ef, 3a63bb1b-4038-4b9a-a8ef-66ede4434d43, 6682d95c-9625-4024-9be8-06ff9ef21167, 67e8fd2e-c11e-4d27-826d-f1b8f5feaa76, 08b6134a-72fd-4279-a8bd-bc9b21b02e95, efaa8c7b-b046-48c2-903f-e525294899de, 487af6c7-fcd6-4a90-87bc-141aca46d5c4, aa34541d-7bc4-44f0-9ac1-9960a3d6976d, f873fea9-e88f-4b4d-bfce-24afc9a292a8",263,0,COMPLETED,Tidak,K34,BALAI BESAR PELATIHAN VOKASI DAN PRODUKTIVITAS SEMARANG,DL.4057.SCO.003.053.0A.521211,APBN,01KKZ890GSPYKQA2G3K3ZH7T3Y,10330770,66185950,27,01J81QPN27R0FDVY86ZEFZ77TW,452609,2502042,2026-03-18T00:00:00Z,"Peningkatan Penyelenggaraan Pelatihan Vokasi dan Pemagangan Binalavotas, ",efbb911a-59d7-54a0-816c-d0c9fbaa93e6.ZztDkXORgg9Q2ZbD.XxGq2SoB6qeNTvkYvVhPrKV_DFLXltvUAUUlkDmSahE
Bahan Pelatihan Tailor Made Training 40 JP,COMPLETED,2026,f62bcd27-064c-456d-8313-a3a8965ecfdb,2,49950,COMPLETED,Tidak,K34,BALAI PELATIHAN VOKASI DAN PRODUKTIVITAS SIDOARJO,DL.4057.SCO.003.053.0B.521211,APBN,01KMQ78MJ7ZJ70MTANS896Z116,16703502,66474105,1,01JAYK7BA0MEZ4014EFKCTSSY8,050302,759449,2026-03-27T00:00:00Z,"Peningkatan Penyelenggaraan Pelatihan Vokasi dan Pemagangan Binalavotas, ",efbb911a-59d7-54a0-816c-d0c9fbaa93e6.ZztDkXORgg9Q2ZbD.XxGq2SoB6qeNTvkYvVhPrKV_DFLXltvUAUUlkDmSahE
Belanja Bahan Project Based Learning B,DELIVERED,2026,"926c13fa-eb00-446d-9a2e-06ba121250d4, 879da92f-a6bd-4252-86f6-890531669a26, cb8b6d95-a6fc-48ee-9ad0-90567d193483, 3570b990-0ae9-46c4-8a05-2d1b6f679c44, 88ba6ccf-e3c3-4a82-9994-bc629a4fa5f5, 28a0a3ec-53bc-47de-84a8-e017555933a5, 1878d8d8-bd12-4107-b5f8-26ae594777d6, 078480f1-a88b-4bf5-9bd8-b9d6f701200c, c95809b2-840a-4372-8d58-91f92d4f91dd, ad934d34-7f81-4e88-bb41-824946ffbe4e, 5451f26d-453c-4f64-bbe8-5d16759ea849, 30391a7b-59dc-4d8d-855b-f87d1d12dacb, 6fb6f11d-18fe-473c-ab03-e58cc8d6d94e, 6d062f18-9a09-40bc-ba5a-8b2d0fef9270, 093c41f4-7406-4ea2-8789-5d1f793bd8b4, f93d9574-1f63-4e31-9d05-e11896f76e93, 5cdf8c5d-f893-4d82-bfcf-dc6215665753, 7efb666b-3103-4367-9d4d-5cb316324b60, bfb8be90-38a7-4d55-8e74-9b95c2af0756, aa9978fa-c60e-4bd1-b9fb-1e08f6b33fa6, 133217c0-613a-43f3-9b27-3f2232e423bf, 1eb79332-6f38-4c09-98e3-4ec6b0f728bb, 2b0fc1ec-9df4-493c-b470-eeb6876ffdec, 8421cb82-0608-43cd-99a4-7f5a265d08d9, 3f639d2e-39a6-4b9f-a8ec-0267c4694ca3, 58766467-9cbd-4d96-bbc6-16934e8e5a6f, 5e4aa6bd-bc75-426d-af9c-d51d587b355f, 973ddf80-cec7-4a95-a884-48b6f6ea97c4, 5972dbff-c6cd-406f-9011-8e6f027cefe6, d99f336e-0a73-41db-97c9-939045b9f650, fbfa0be0-163d-45f8-ba2c-eac75450b3f0, ee5cf2cb-cd3e-43c5-b537-9a20ce6f0aab, 9d298530-3603-4657-b2fa-5ff580039f58, c76943a4-2b26-4a3c-86c1-f27fe58b6175, 4361655a-96c4-4a93-908d-366094c1b17a, ed6111cd-aedc-4959-8d5c-b1cb897faa7a, 93ac34a7-e718-47bd-a990-4c96357085e6, 7a136164-cbd1-4089-a2c5-19a83f7a6f02, 6d2324b0-0214-4f40-ae50-379b29a78020, 8effb905-b9b3-4e20-8eaf-749e921ec920, 14766c20-3762-49b0-b693-cc68269adf68, eac71b0b-6045-4e24-b56f-6b57d56cfec5, 11b08312-ebe2-4ca3-817c-156bc70969ba, 6a0f8b3c-00c6-45fb-816c-074b6d69875b, bb6bd730-280a-475f-9497-1e69246baeaf, 5b7931b9-27bc-44a6-b202-dd5e7a715299, bb9cbaa9-7aee-4450-9628-d9ac8d2fcbde, 4c43a8ba-3134-4780-985a-0eede1a7d606, 0cd61505-2de6-49f1-996e-06826db50563, 83de243d-1dea-4853-a3e7-13e078ffd06e, 4981c0fb-3ffd-46e1-a4b9-0b680d1b6d8c, c92bf75f-cb7f-445e-b898-92f1cb72de2b, 9d764b51-81dc-427d-8251-5f3211b855e7, 142b3014-7b6b-4e74-a97f-5c34106490ba, a3c837c6-fd50-47d2-b175-641d125d1e23",640,0,ON_PROCESS,Tidak,K34,BALAI BESAR PELATIHAN VOKASI DAN PRODUKTIVITAS SEMARANG,DL.4057.SCO.003.051.0B.521211,APBN,01KYRX5AP22G1M9PM0DKNEDG8G,46883292,62803988,55,01K21VM9ENQAGGV8BA9GQQY5VC,452609,0,2026-07-30T00:00:00Z,"Peningkatan Penyelenggaraan Pelatihan Vokasi dan Pemagangan Binalavotas, ",efbb911a-59d7-54a0-816c-d0c9fbaa93e6.ZztDkXORgg9Q2ZbD.XxGq2SoB6qeNTvkYvVhPrKV_DFLXltvUAUUlkDmSahE
Jasa Event Organizer dan Multimedia,DRAFT,2026,41565c39-4ff5-4329-8b5a-16ffd641c664,1,,CANCELLED_ON_NEGOTIATION,Tidak,K34,DITJEN. PEMBINAAN HUBUNGAN INDUSTRIAL DAN JAMINAN SOSIAL TENAGA KERJA,DN.5586.BDC.002.056.0C.522191,APBN,01KKJEAH3259PYSVRD7S5FFE66,721500,66263354,1,01JHHE3CRNHK3NZG76G3T65V71,451270,83587619009,,"Peningkatan Penerapan Jaminan Sosial Tenaga Kerja dan Fasilitasi Kesejahteraan Pekerja, ",efbb911a-59d7-54a0-816c-d0c9fbaa93e6.ZztDkXORgg9Q2ZbD.XxGq2SoB6qeNTvkYvVhPrKV_DFLXltvUAUUlkDmSahE
Belanja Pengadaan Pakaian Kerja Peserta UPTD BLK Disnaker Sragen,COMPLETED,2026,f2c36222-cc6d-4c2b-b33c-69c51e04c7a1,48,0,PAYMENT_OUTSIDE_SYSTEM,Tidak,K34,BALAI PELATIHAN VOKASI DAN PRODUKTIVITAS SURAKARTA,DL.4057.SCO.011.054.0A.521211,APBN,01KVCDDGB6JFW0FXEWT9NVZBVD,7006320,66299553,1,01JR9NJ3E5JK5JKT4A18PYKCVK,035636,0,2026-06-19T00:00:00Z,"Peningkatan Penyelenggaraan Pelatihan Vokasi dan Pemagangan Binalavotas, ",efbb911a-59d7-54a0-816c-d0c9fbaa93e6.ZztDkXORgg9Q2ZbD.XxGq2SoB6qeNTvkYvVhPrKV_DFLXltvUAUUlkDmSahE
Konsumsi Peserta Pelatihan 180 JP Reguler PNBP,DRAFT,2026,ff6ecf37-0598-4d3b-805f-e8b6273f095c,288,0,ON_PROCESS,Tidak,K34,BALAI BESAR PELATIHAN VOKASI DAN PRODUKTIVITAS MEDAN,DL.4057.SCO.005.052.0A.521211,APBN,01KX0JCYTZYGJECGPMAKS6PNSY,5760000,66121303,1,01K58D7JY1JYPTGJFWZ2X04A9N,451094,0,2026-07-09T00:00:00Z,"Peningkatan Penyelenggaraan Pelatihan Vokasi dan Pemagangan Binalavotas, ",efbb911a-59d7-54a0-816c-d0c9fbaa93e6.ZztDkXORgg9Q2ZbD.XxGq2SoB6qeNTvkYvVhPrKV_DFLXltvUAUUlkDmSahE
"Belanja Pakaian Kerja, Bahan dan Konsumsi Pelatihan - BLK Purworejo",COMPLETED,2026,8810589e-c9ab-434f-8e01-7ca704d634d4,1744,0,ON_PROCESS,Tidak,K34,BALAI PELATIHAN VOKASI DAN PRODUKTIVITAS SURAKARTA,DL.4057.SCO.011.052.0A.521211,APBN,01KKWSBG8MSWPVRSDFS1VFTH99,34705600,66399315,1,01JK5EHN63GQ7WVVK8C23JZJHP,035636,78039009,2026-03-26T00:00:00Z,"Peningkatan Penyelenggaraan Pelatihan Vokasi dan Pemagangan Binalavotas, ",efbb911a-59d7-54a0-816c-d0c9fbaa93e6.ZztDkXORgg9Q2ZbD.XxGq2SoB6qeNTvkYvVhPrKV_DFLXltvUAUUlkDmSahE
Belanja Jasa Lainnya Tenaga Alih Daya,DRAFT,2026,2e9e44f9-f4fb-4973-86fc-2ef971e2eb9d,96,0,ON_PROCESS,Tidak,K34,Sekretariat Badan Nasional Sertifikasi Profesi,WA.6988.EBA.994.002.0A.522191,APBN,01KF0D0C1AMZ00SZMDX6MZFHVW,858527808,63554509,1,01JCF7KZC856GBJ27DTAKDJR7Q,452533,695260,2026-01-16T00:00:00Z,"Dukungan Manajemen Direktorat Jenderal Pembinaan Pelatihan Vokasi dan Produktivitas, ",efbb911a-59d7-54a0-816c-d0c9fbaa93e6.ZztDkXORgg9Q2ZbD.XxGq2SoB6qeNTvkYvVhPrKV_DFLXltvUAUUlkDmSahE
Konsumsi Peserta Pelatihan Project Based Learning,COMPLETED,2026,ff896644-cb7d-4e73-b034-9498615077af,2012,0,ON_PROCESS,Tidak,K34,BALAI BESAR PELATIHAN VOKASI DAN PRODUKTIVITAS BANDUNG,"DL.4057.SCO.003.051.0A.521211, DL.4057.SCO.003.051.0B.521211",APBN,01KW96DC4Q6WJA3N8M848X63JD,39837600,67393346,1,01K7NWVP5XPCQQAMDY0ZTYHP75,452542,0,2026-06-30T00:00:00Z,"Peningkatan Penyelenggaraan Pelatihan Vokasi dan Pemagangan Binalavotas, ",efbb911a-59d7-54a0-816c-d0c9fbaa93e6.ZztDkXORgg9Q2ZbD.XxGq2SoB6qeNTvkYvVhPrKV_DFLXltvUAUUlkDmSahE
Bahan Pelatihan Pemrograman Embedded System Berbasis IoT 380 JP,COMPLETED,2026,a0fec47c-5754-4364-a4d1-dc09f3b99437,1,222000,ON_PROCESS,Tidak,K34,BALAI PELATIHAN VOKASI DAN PRODUKTIVITAS SIDOARJO,DL.4057.SCO.003.052.0A.521211,APBN,01KXMTFE89ZB5J2EJE5NEJ2VGQ,40895730,66472517,1,01JE38V96ANYX227NYM5BTBS56,050302,990057,2026-07-16T00:00:00Z,"Peningkatan Penyelenggaraan Pelatihan Vokasi dan Pemagangan Binalavotas, ",efbb911a-59d7-54a0-816c-d0c9fbaa93e6.ZztDkXORgg9Q2ZbD.XxGq2SoB6qeNTvkYvVhPrKV_DFLXltvUAUUlkDmSahE
Belanja Pengadaan Bahan Pelatihan UPTD Technopark Sragen,COMPLETED,2026,ad4059ee-278e-467c-86f0-bfa79c62e18f,1,0,PAYMENT_OUTSIDE_SYSTEM,Tidak,K34,BALAI PELATIHAN VOKASI DAN PRODUKTIVITAS SURAKARTA,DL.4057.SCO.011.057.0A.521211,APBN,01KVCS3R112VT8AKZHF83TFVXK,17800000,66297464,1,01JR9NJ3E5JK5JKT4A18PYKCVK,035636,0,2026-06-19T00:00:00Z,"Peningkatan Penyelenggaraan Pelatihan Vokasi dan Pemagangan Binalavotas, ",efbb911a-59d7-54a0-816c-d0c9fbaa93e6.ZztDkXORgg9Q2ZbD.XxGq2SoB6qeNTvkYvVhPrKV_DFLXltvUAUUlkDmSahE
Tailor Made Training,DELIVERED,2026,"8327efa0-df7b-4fef-a974-532f44ea6e7a, 73bdc936-7c99-43e3-b6b4-fd1f2ed0ff23, be882d06-8bdb-40c3-89d2-20deaea956f6, d5312136-4c54-478e-b20d-a71944ba5ea6, f4c3f6e8-3528-4c65-a641-fc8bb5010aed, fc3736a3-f298-4e71-90ef-a374d658fd01, 58880fa5-2c32-43b1-950b-83688dbaf43c, fe173714-2e29-4b5f-9723-c44ab14240b0, 1bcaaa6a-761a-4b03-8ec2-c3b40a518065, 7cdfcbc0-7215-4248-b2b3-6e57e468282c, 88cd3f57-8c48-484c-8882-3d82a2e22497, 71189c2e-76c7-4933-879d-05e659ddc30d, eb6e9553-7045-4090-a246-7af750d4b8d9",13,0,ON_PROCESS,Tidak,K34,BALAI PELATIHAN VOKASI DAN PRODUKTIVITAS SURAKARTA,"DL.4057.SCO.003.053.0A.521211, DL.4057.SCO.003.053.0A.521219, DL.4057.SCO.003.053.0A.524111, DL.4057.SCO.003.053.0A.526312, DL.4057.SCO.003.053.0B.521211, DL.4057.SCO.003.053.0B.521219, DL.4057.SCO.003.053.0B.524111, DL.4057.SCO.003.053.0B.526312, DL.4057.SCO.003.053.0C.521211, DL.4057.SCO.003.053.0C.521219, DL.4057.SCO.003.053.0C.524111, DL.4057.SCO.003.053.0C.526312, DL.4057.SCO.003.053.0D.521211, DL.4057.SCO.003.053.0D.521219, DL.4057.SCO.003.053.0D.524111, DL.4057.SCO.003.053.0D.526312, DL.4057.SCO.003.053.0E.521211, DL.4057.SCO.003.053.0E.522191, DL.4057.SCO.003.053.0E.524111, DL.4057.SCO.003.053.0F.521211, DL.4057.SCO.003.053.0G.524111",APBN,01KY7023HESSP9REB3NQ076RKZ,108447000,62084505,13,01K5EFESEE0FAFSHMS5HT2D4DE,035636,0,2026-07-24T00:00:00Z,"Peningkatan Penyelenggaraan Pelatihan Vokasi dan Pemagangan Binalavotas, ",efbb911a-59d7-54a0-816c-d0c9fbaa93e6.ZztDkXORgg9Q2ZbD.XxGq2SoB6qeNTvkYvVhPrKV_DFLXltvUAUUlkDmSahE
"Tenaga Alih Daya, Petugas Kebersihan, Satpam dan Pengemudi BBPVP Bekasi",DRAFT,2026,"3e33bf20-0215-4b81-9c23-dad167bf90a0, a652648c-360e-46a6-9491-f6c78184f6b9, fc3719e8-866d-444c-a7f7-2451f888636d",528,0,ON_PROCESS,Tidak,K34,BALAI BESAR PELATIHAN VOKASI DAN PRODUKTIVITAS BEKASI,WA.6988.EBA.994.002.0C.521111,APBN,01KEEZW87RZQ412PR514W1BRW3,2638308000,62766537,4,01JC8JCGTVBWCQFZ9RNBJGRW32,452558,15607127,2026-01-09T00:00:00Z,"Dukungan Manajemen Direktorat Jenderal Pembinaan Pelatihan Vokasi dan Produktivitas, ",efbb911a-59d7-54a0-816c-d0c9fbaa93e6.ZztDkXORgg9Q2ZbD.XxGq2SoB6qeNTvkYvVhPrKV_DFLXltvUAUUlkDmSahE
Belanja Barang Persediaan  Komsumsi Peserta ,COMPLETED,2026,df73ad84-9d80-4c67-a598-795797b73390,180,0,ON_PROCESS,Tidak,K34,BALAI PELATIHAN VOKASI DAN PRODUKTIVITAS BANTAENG,DL.4057.SCO.027.055.02.613191,APBN,01KZATD358QE1S2880J3CEBWRN,4500000,67623484,1,01JAC8KSE1JRZHTAY35MHK486Y,191206,0,2026-08-06T00:00:00Z,"Peningkatan Penyelenggaraan Pelatihan Vokasi dan Pemagangan Binalavotas, ",efbb911a-59d7-54a0-816c-d0c9fbaa93e6.ZztDkXORgg9Q2ZbD.XxGq2SoB6qeNTvkYvVhPrKV_DFLXltvUAUUlkDmSahE
Pakaian Kerja 62 Paket Pelatihan Vokasi Bidang Pariwisata dan Industri Kreatif PNBP,DRAFT,2026,d0ae0690-369e-48f2-a71a-5dae10489c44,800,,CANCELLED_ON_NEGOTIATION,Tidak,K34,BALAI BESAR PELATIHAN VOKASI DAN PRODUKTIVITAS MEDAN,DL.4057.SCO.005.052.0A.521211,APBN,01KJS7T14RF1H3V26N8VMXCSYP,142080000,65763837,1,01JVRVDEC43RX7Y20Y0KAGG81J,451094,0,,"Peningkatan Penyelenggaraan Pelatihan Vokasi dan Pemagangan Binalavotas, ",efbb911a-59d7-54a0-816c-d0c9fbaa93e6.ZztDkXORgg9Q2ZbD.XxGq2SoB6qeNTvkYvVhPrKV_DFLXltvUAUUlkDmSahE
Pengadaan Jasa Lainnya Tenaga Alih Daya Ditjen PHI dan Jamsos,DRAFT,2026,"cbe3d6b1-a593-4cc8-b50a-67de3e79ff3f, e816ecd8-dd8a-4e80-9447-5d34a132f790",19,,CANCELLED,Tidak,K34,DITJEN. PEMBINAAN HUBUNGAN INDUSTRIAL DAN JAMINAN SOSIAL TENAGA KERJA,WA.6623.EBA.994.002.01.522191,APBN,01KR06CJ40WDPKRVP3DJCNQV4M,238545947,63966201,3,01JB0W1YHSNPS4PMNKJVCPZAM2,451270,336190,2026-05-12T00:00:00Z,"Dukungan Manajemen Ditjen Pembinaan Hubungan Industrial dan Jaminan Sosial Tenaga Kerja, ",efbb911a-59d7-54a0-816c-d0c9fbaa93e6.ZztDkXORgg9Q2ZbD.XxGq2SoB6qeNTvkYvVhPrKV_DFLXltvUAUUlkDmSahE
Belanja Bahan Pelaksanaan Sertifikasi Lulusan Pelatihan Vokasi (PNP),COMPLETED,2026,"c023fc3e-9ec0-483f-9280-64068f8267e8, e0afdbc5-efff-4570-abf9-178468247a64, 09466ca5-22ca-4071-806d-683e502806e2, 4103a27e-f90e-4c76-8548-05ace9ca40d5",10,0,COMPLETED,Tidak,K34,BALAI BESAR PELATIHAN VOKASI DAN PRODUKTIVITAS SEMARANG,DL.4053.PDI.002.051.0A.521211,APBN,01KQF1XRJ4WM1KMACA2Q24T91N,3677985,66185662,4,01JCF5TRQVKW157PX3JC6JFJ1Y,452609,2705108,2026-05-03T00:00:00Z,"Pengembangan Sistem dan Pelaksanaan Sertifikasi Kompetensi Profesi Binalavotas, ",efbb911a-59d7-54a0-816c-d0c9fbaa93e6.ZztDkXORgg9Q2ZbD.XxGq2SoB6qeNTvkYvVhPrKV_DFLXltvUAUUlkDmSahE
Pengadaan Pakaian Kerja dan Kaos Peserta Pelatihan (189 Paket),COMPLETED,2026,"dbed8759-b7be-4c27-a876-fd30e16cfc2c, ff913ca8-4573-41e9-b773-b4dd2a09f116",544,0,PAYMENT_OUTSIDE_SYSTEM,Tidak,K34,BALAI BESAR PELATIHAN VOKASI DAN PRODUKTIVITAS SERANG,"DL.4057.SCO.003.051.0A.521211, DL.4057.SCO.003.051.0B.521211, DL.4057.SCO.003.052.0A.521211, DL.4057.SCO.003.052.0C.521211, DL.4057.SCO.003.053.0A.521211, DL.4057.SCO.003.053.0B.521211, DL.4057.SCO.003.054.0A.521211, DL.4057.SCO.005.052.0A.521211, DL.4057.SCO.005.052.0C.521211, DL.4057.SCO.007.052.0A.521211, DL.4057.SCO.007.052.0C.521211, DL.4057.SCO.008.052.0A.521211, DL.4057.SCO.008.052.0B.521211, DL.4057.SCO.035.051.0B.521211, DL.4057.SCO.035.054.0B.521211, DL.4057.SCO.035.055.0B.521211, DL.4057.SCO.035.056.0B.521211",APBN,01KV519MVCKBW1D2PRXQHRXG00,68269440,63093792,11,01JBGDSJNXNZCRFFDHX1P49CE2,426531,16727127,2026-06-17T00:00:00Z,"Peningkatan Penyelenggaraan Pelatihan Vokasi dan Pemagangan Binalavotas, ",efbb911a-59d7-54a0-816c-d0c9fbaa93e6.ZztDkXORgg9Q2ZbD.XxGq2SoB6qeNTvkYvVhPrKV_DFLXltvUAUUlkDmSahE
Pengadaan Jasa Outsourcing (Alih Daya) ,DRAFT,2026,"6b1e9ae8-b6d9-4828-b634-84398c8530b5, 774f98f7-e54a-47a9-bb7c-6b8073d8abe6",49,0,ON_PROCESS,Tidak,K34,BALAI BESAR PELATIHAN VOKASI DAN PRODUKTIVITAS SERANG,"WA.6988.EBA.994.002.0I.522191, WA.6988.EBA.994.002.0J.522191",APBN,01KSEZ1C9P3FCKAJ69BGZFWJ8C,250349400,66939410,3,01JWZFJ3ZV3VQEMXA3Q3MADA6T,426531,0,2026-05-29T00:00:00Z,"Dukungan Manajemen Direktorat Jenderal Pembinaan Pelatihan Vokasi dan Produktivitas, ",efbb911a-59d7-54a0-816c-d0c9fbaa93e6.ZztDkXORgg9Q2ZbD.XxGq2SoB6qeNTvkYvVhPrKV_DFLXltvUAUUlkDmSahE
Belanja Bahan Pelaksanaan Sertifikasi Lulusan Pelatihan Vokasi (PNP),COMPLETED,2026,fd03e592-5b0c-458d-aa68-56d577ec4564,76,0,COMPLETED,Tidak,K34,BALAI BESAR PELATIHAN VOKASI DAN PRODUKTIVITAS SEMARANG,DL.4053.PDI.002.051.0A.521211,APBN,01KQRK55WKGS63E9E91EH56C7H,1501000,66185662,1,01JCYR1H5KAHWBXMZNS2PMK7NJ,452609,12452042,2026-05-04T00:00:00Z,"Pengembangan Sistem dan Pelaksanaan Sertifikasi Kompetensi Profesi Binalavotas, ",efbb911a-59d7-54a0-816c-d0c9fbaa93e6.ZztDkXORgg9Q2ZbD.XxGq2SoB6qeNTvkYvVhPrKV_DFLXltvUAUUlkDmSahE
Paket Meeting Kerja Sama Dalam Negeri,COMPLETED,2026,25fe5e71-c81a-4ee2-9117-c12594064248,80,0,COMPLETED,Tidak,K34,SEKRETARIAT JENDERAL KEMNAKER,WA.2162.AEC.001.052.0A.524114,APBN,01KQXQZAYDFVMA3W691WEATA1H,95760000,62773117,1,01K2E74191MBNTKP9NTR2QADKV,450938,0,2026-05-07T00:00:00Z,"Peningkatan Pengelolaan Kerja Sama Dalam dan Luar Negeri, ",efbb911a-59d7-54a0-816c-d0c9fbaa93e6.ZztDkXORgg9Q2ZbD.XxGq2SoB6qeNTvkYvVhPrKV_DFLXltvUAUUlkDmSahE
Layanan SMS Premium (OTP/Broadcast) ,DRAFT,2026,bb68b719-6e83-4e03-aef0-822626b139a7,3225806,0,ON_PROCESS,Ya,K34,BADAN PERENCANAAN DAN PENGEMBANGAN KETENAGAKERJAAN,WA.6624.EBA.994.002.BC.522191,APBN,01KN3KYN9TEGHPWNEAX87WJN05,1958612629,65907643,1,01JHFBGKDFP6HFR8Z2TWK89S45,452677,17993127,2026-04-01T00:00:00Z,"Dukungan Manajemen Badan Perencanaan dan Pengembangan Ketenagakerjaan, ",efbb911a-59d7-54a0-816c-d0c9fbaa93e6.ZztDkXORgg9Q2ZbD.XxGq2SoB6qeNTvkYvVhPrKV_DFLXltvUAUUlkDmSahE
Paket Meeting Fullboard Peserta dan Panitia,COMPLETED,2026,ef683eb6-2720-444b-95b8-fb5e655b186f,108,0,COMPLETED,Tidak,K34,DITJEN. PEMBINAAN HUBUNGAN INDUSTRIAL DAN JAMINAN SOSIAL TENAGA KERJA,DN.5586.BDC.001.051.0A.524114,APBN,01KKB1BJF0CY0Y6517NB9N39EP,106920000,66262515,1,01JZ7AW85Y5KPZY8E4N1CKS8MZ,451270,0,2026-03-10T00:00:00Z,"Peningkatan Penerapan Jaminan Sosial Tenaga Kerja dan Fasilitasi Kesejahteraan Pekerja, ",efbb911a-59d7-54a0-816c-d0c9fbaa93e6.ZztDkXORgg9Q2ZbD.XxGq2SoB6qeNTvkYvVhPrKV_DFLXltvUAUUlkDmSahE
Pelatihan Vokasi di Provinsi Jawa Timur UPT BLK Kota Probolinggo,DRAFT,2026,1eeacad5-e76e-44ca-9609-a1d02b120791,24,,CANCELLED_ON_NEGOTIATION,Tidak,K34,BALAI PELATIHAN VOKASI DAN PRODUKTIVITAS BANYUWANGI,DL.4057.SCO.013.066.OA.521211,APBN,01KWEB93DBMPQJYCZ2APPFZVST,3599064,62259233,1,01JYJKZNT9AFMQQBMR3RP3W44A,051102,0,,"Peningkatan Penyelenggaraan Pelatihan Vokasi dan Pemagangan Binalavotas, ",efbb911a-59d7-54a0-816c-d0c9fbaa93e6.ZztDkXORgg9Q2ZbD.XxGq2SoB6qeNTvkYvVhPrKV_DFLXltvUAUUlkDmSahE
"Paket Meeting Fullboard Peserta, Penyelenggara, dan Moderator",DRAFT,2026,492c8ec9-6ff6-4996-abaf-e042cfaf964d,80,,CANCELLED_ON_REVIEW,Tidak,K34,DITJEN. PEMBINAAN HUBUNGAN INDUSTRIAL DAN JAMINAN SOSIAL TENAGA KERJA,DN.6587.BDC.001.051.0B.524119,APBN,01KP5MC479BHRG26Q2ZT3798J6,57600000,66123873,1,01KJW2ZY5ZBYCDZW364XGD5709,451270,0,,"Peningkatan Pembinaan Hubungan Kerja dan Penerapan Pengupahan, ",efbb911a-59d7-54a0-816c-d0c9fbaa93e6.ZztDkXORgg9Q2ZbD.XxGq2SoB6qeNTvkYvVhPrKV_DFLXltvUAUUlkDmSahE
Belanja Bahan Pelaksanaan Sertifikasi Lulusan Pelatihan Vokasi (PNP),COMPLETED,2026,"4ff1dcfe-5387-4638-a0f5-b976f8c213bb, b2ab6f13-1a1a-4515-99fc-81c464f304b5",40500,0,COMPLETED,Tidak,K34,BALAI BESAR PELATIHAN VOKASI DAN PRODUKTIVITAS SEMARANG,DL.4053.PDI.002.051.0A.521211,APBN,01KNTTWAA1XQQS0PB0P5S6VKGF,15473400,66185662,2,01JECVJTV2F83YZ3N92P8EB0C0,452609,4035029,2026-04-10T00:00:00Z,"Pengembangan Sistem dan Pelaksanaan Sertifikasi Kompetensi Profesi Binalavotas, ",efbb911a-59d7-54a0-816c-d0c9fbaa93e6.ZztDkXORgg9Q2ZbD.XxGq2SoB6qeNTvkYvVhPrKV_DFLXltvUAUUlkDmSahE
Pakaian Kerja,COMPLETED,2026,17a9ad3b-36ad-4808-86b1-bc51bfbdc0a7,23,0,PAYMENT_OUTSIDE_SYSTEM,Tidak,K34,BALAI PELATIHAN VOKASI DAN PRODUKTIVITAS LOMBOK TIMUR,DL.4057.SCO.003.056.0B.521211,APBN,01KTMWDGM7AKA0TJ01YA9RNMTY,3829500,63390080,1,01JYGPS1FZS5WAVV2XF7DF1GQ7,230302,0,2026-06-09T00:00:00Z,"Peningkatan Penyelenggaraan Pelatihan Vokasi dan Pemagangan Binalavotas, ",efbb911a-59d7-54a0-816c-d0c9fbaa93e6.ZztDkXORgg9Q2ZbD.XxGq2SoB6qeNTvkYvVhPrKV_DFLXltvUAUUlkDmSahE
Konsumsi Peserta Pelatihan 420 JP Reguler PBK RM,DRAFT,2026,116f359b-901a-45f8-a60d-2712a0806444,1072,,CANCELLED_ON_NEGOTIATION,Tidak,K34,BALAI BESAR PELATIHAN VOKASI DAN PRODUKTIVITAS MEDAN,DL.4057.SCO.003.052.0A.521211,APBN,01KN17S1K3KE5KHV5NJS9RWMXA,21440000,66121341,1,01JDRRYY3RKB31B6D8MQTVFZK7,451094,5079026,,"Peningkatan Penyelenggaraan Pelatihan Vokasi dan Pemagangan Binalavotas, ",efbb911a-59d7-54a0-816c-d0c9fbaa93e6.ZztDkXORgg9Q2ZbD.XxGq2SoB6qeNTvkYvVhPrKV_DFLXltvUAUUlkDmSahE
Konsumsi Peserta Pelatihan 240 JP Reguler PNBP,DRAFT,2026,8c2b6024-3954-49d9-94a4-ad63660eb9e8,374,0,ON_PROCESS,Tidak,K34,BALAI BESAR PELATIHAN VOKASI DAN PRODUKTIVITAS MEDAN,DL.4057.SCO.007.052.0A.521211,APBN,01KNPC0CE7D2XWZF4NZ43PHFNP,7480000,66121071,1,01K7P0067ZG2CA6RAJ5KWNE08H,451094,0,2026-04-08T00:00:00Z,"Peningkatan Penyelenggaraan Pelatihan Vokasi dan Pemagangan Binalavotas, ",efbb911a-59d7-54a0-816c-d0c9fbaa93e6.6OsVNRtw-x7ooXDg.A4lfbyO5QC5AHaEYE4Wlb9yWLCA1BRdQIy5ayzim-Ps
Pengadaan Bahan Sertifikasi Lulusan (231 Paket),COMPLETED,2026,"4e5e8ab2-9f69-43a0-b6b0-f2d3fd5d671a, c5a70ea1-9478-4cd4-bf6c-4081ea3e6f25, 6c93b200-5e6e-40b7-bda0-2a3fa3e34be8, 32022696-0655-47eb-93e4-ef8e89211ec5",100,0,COMPLETED,Tidak,K34,BALAI BESAR PELATIHAN VOKASI DAN PRODUKTIVITAS SERANG,"DL.4053.PDI.002.051.0A.521211, DL.4053.PDI.002.051.0B.521211, DL.4053.PDI.003.051.0A.521211",APBN,01KP55DVVH0V3KP0QNMASSVCWA,12454200,63091859,4,01JPHT8R3TKWRTQ8663M9DRT2Q,426531,43475011,2026-04-16T00:00:00Z,"Pengembangan Sistem dan Pelaksanaan Sertifikasi Kompetensi Profesi Binalavotas, ",efbb911a-59d7-54a0-816c-d0c9fbaa93e6.6OsVNRtw-x7ooXDg.A4lfbyO5QC5AHaEYE4Wlb9yWLCA1BRdQIy5ayzim-Ps
Belanja Bahan Pelaksanaan Sertifikasi Lulusan Pelatihan Vokasi (PNP),COMPLETED,2026,"5af293fb-e453-49e1-92e3-58b3ea3aa86b, 1fd49a77-e8c7-4c2e-aaab-efd408823c38, 6c2e1459-de37-4029-96a1-80cb707b5eac, 431388c6-b03f-4b02-9c38-a7d7f4f269df, fab17c70-af5c-4f92-9ffe-335cb0e2ca98, 032a532b-2803-466b-87bc-4cec03a9f828, 054461b3-7c95-45a3-afe4-03a7198cd27c, a9704d9b-45d3-4d07-972d-6d87c3fea9bb, f1699f33-3739-4de5-a1c7-303e27527340, 4aaf9534-40ee-4b5b-92e6-e2e21f5af757, 04bcfa0b-8fab-4b7d-a32f-fcb2f7f55eff, bc1d8a78-70e2-48a3-8eed-d5ef2f568aea, 41355477-a4d0-4a27-8bcc-8c02ec9af4bf",97,0,COMPLETED,Tidak,K34,BALAI BESAR PELATIHAN VOKASI DAN PRODUKTIVITAS SEMARANG,DL.4053.PDI.002.051.0A.521211,APBN,01KRDGVY1M1FFWCQXTWQMYD33H,4115325,66185662,13,01JYDESZTP0YA22FBCZT8CDSRE,452609,0,2026-05-12T00:00:00Z,"Pengembangan Sistem dan Pelaksanaan Sertifikasi Kompetensi Profesi Binalavotas, ",efbb911a-59d7-54a0-816c-d0c9fbaa93e6.6OsVNRtw-x7ooXDg.A4lfbyO5QC5AHaEYE4Wlb9yWLCA1BRdQIy5ayzim-Ps
Bahan Pelatihan Teknisi AC Residential 180 JP,COMPLETED,2026,915a05b8-dcd5-4b02-9c88-c7a7c2ffd06e,1,277500,COMPLETED,Tidak,K34,BALAI PELATIHAN VOKASI DAN PRODUKTIVITAS SIDOARJO,DL.4057.SCO.003.052.0A.521211,APBN,01KN9PSWAVMANH4GXXW07K2PKA,21986464,66472832,1,01JE38V96ANYX227NYM5BTBS56,050302,990057,2026-04-06T00:00:00Z,"Peningkatan Penyelenggaraan Pelatihan Vokasi dan Pemagangan Binalavotas, ",efbb911a-59d7-54a0-816c-d0c9fbaa93e6.6OsVNRtw-x7ooXDg.A4lfbyO5QC5AHaEYE4Wlb9yWLCA1BRdQIy5ayzim-Ps
Sewa Peralatan Pelatihan,DRAFT,2026,83ef4fdf-b1a6-45b8-9c59-d0e9bf230d53,32,0,ON_PROCESS,Tidak,K34,BALAI BESAR PELATIHAN VOKASI DAN PRODUKTIVITAS BANDUNG,DL.4057.SCO.007.052.0A.522141,APBN,01KYH5XCTYQ77VTT6V54PQ0DTR,37296000,67568320,1,01K0X9N5AQ5G0G03FB8G6GVBBV,452542,0,2026-07-27T00:00:00Z,"Peningkatan Penyelenggaraan Pelatihan Vokasi dan Pemagangan Binalavotas, ",efbb911a-59d7-54a0-816c-d0c9fbaa93e6.6OsVNRtw-x7ooXDg.A4lfbyO5QC5AHaEYE4Wlb9yWLCA1BRdQIy5ayzim-Ps
Jasa Event Organizer dan Multimedia,DRAFT,2026,ebe90a35-fbc3-4941-8cbd-debcacdaa829,20,,CANCELLED_ON_NEGOTIATION,Tidak,K34,DITJEN. PEMBINAAN HUBUNGAN INDUSTRIAL DAN JAMINAN SOSIAL TENAGA KERJA,DN.5586.BDC.002.056.0C.522191,APBN,01KKJG6YVQPYH0V4DRCX01ZYT9,7770000,66263354,1,01JHHE3CRNHK3NZG76G3T65V71,451270,83587619009,,"Peningkatan Penerapan Jaminan Sosial Tenaga Kerja dan Fasilitasi Kesejahteraan Pekerja, ",efbb911a-59d7-54a0-816c-d0c9fbaa93e6.6OsVNRtw-x7ooXDg.A4lfbyO5QC5AHaEYE4Wlb9yWLCA1BRdQIy5ayzim-Ps
Belanja Bahan PBK Reguler Daring,COMPLETED,2026,0996ae06-e91c-42d0-b0fa-a4f3e4940536,160,0,COMPLETED,Tidak,K34,BALAI BESAR PELATIHAN VOKASI DAN PRODUKTIVITAS SEMARANG,DL.4057.SCO.007.052.0B.521211,APBN,01KP7Z3V2C38W3X9EDMGJ0CKKS,23976000,66186288,1,01JA9PQ0TDDYKB5K8QC1VDSWVA,452609,6064042,2026-04-15T00:00:00Z,"Peningkatan Penyelenggaraan Pelatihan Vokasi dan Pemagangan Binalavotas, ",efbb911a-59d7-54a0-816c-d0c9fbaa93e6.6OsVNRtw-x7ooXDg.A4lfbyO5QC5AHaEYE4Wlb9yWLCA1BRdQIy5ayzim-Ps
"Paket Fullboard Moderator, Penyelenggara, dan Peserta PEMASYARAKATAN HUBUNGAN INDUSTRIAL PANCASILA BAGI DUNIA USAHA  Luar Kota",COMPLETED,2026,ef0bef1b-c8f2-471f-acf3-4e1d4d4867be,110,0,COMPLETED,Tidak,K34,DITJEN. PEMBINAAN HUBUNGAN INDUSTRIAL DAN JAMINAN SOSIAL TENAGA KERJA,DN.2179.BDC.004.051.0A.524119,APBN,01KXZFEGV9ZE26KXBY7STDTT73,99000000,65992183,1,01JXKR4CQ7C0QBE4YWK7XYAPGA,451270,0,2026-07-21T00:00:00Z,"Penguatan Kelembagaan dan Pencegahan Perselisihan Hubungan Industrial, ",efbb911a-59d7-54a0-816c-d0c9fbaa93e6.6OsVNRtw-x7ooXDg.A4lfbyO5QC5AHaEYE4Wlb9yWLCA1BRdQIy5ayzim-Ps
"Fullboard Moderator, Panitia Penyelenggara dan Peserta",COMPLETED,2026,ea2e6ab2-3a28-4143-9363-f4f44ba385e8,68,0,COMPLETED,Tidak,K34,DITJEN PHI DAN JAMSOS,DN.6587.QDH.002.052.0A.524119,APBN,01KMY2DY00NM8C010D56YGND3R,54400000,66124023,1,01JSP6RJAVNJ7BP0DA7ZED79WD,451310,0,2026-03-31T00:00:00Z,"Peningkatan Pembinaan Hubungan Kerja dan Penerapan Pengupahan, ",efbb911a-59d7-54a0-816c-d0c9fbaa93e6.6OsVNRtw-x7ooXDg.A4lfbyO5QC5AHaEYE4Wlb9yWLCA1BRdQIy5ayzim-Ps
"Langganan Zoom,Google Drive, Microsoft",COMPLETED,2026,fb847fe6-5ef6-4e97-a7e8-3a0f63541995,1,0,ON_PROCESS,Tidak,K34,DITJEN PEMBINAAN PELATIHAN VOKASI DAN PRODUKTIVITAS,WA.6988.EBA.994.002.0D.522119,APBN,01KS1W0D359J04SXZRZYGX3JTC,59990000,62341600,1,01JSZR2SWRBXVQ6YNEAG5E30XW,451026,0,2026-05-21T00:00:00Z,"Dukungan Manajemen Direktorat Jenderal Pembinaan Pelatihan Vokasi dan Produktivitas, ",efbb911a-59d7-54a0-816c-d0c9fbaa93e6.6OsVNRtw-x7ooXDg.A4lfbyO5QC5AHaEYE4Wlb9yWLCA1BRdQIy5ayzim-Ps
Bahan Pelatihan Tailor Made Training 40 JP C,DRAFT,2026,2e4fad7b-09d2-49f3-b1d3-d934b1ec6074,1,,CANCELLED_ON_NEGOTIATION,Tidak,K34,BALAI PELATIHAN VOKASI DAN PRODUKTIVITAS SIDOARJO,DL.4057.SCO.003.053.0A.521211,APBN,01KYH26M8YP6XFS00JYDSN3EEX,9444546,66473686,1,01JBANK0M75W3E7ZJ6P77ZAXDP,050302,0,,"Peningkatan Penyelenggaraan Pelatihan Vokasi dan Pemagangan Binalavotas, ",efbb911a-59d7-54a0-816c-d0c9fbaa93e6.6OsVNRtw-x7ooXDg.A4lfbyO5QC5AHaEYE4Wlb9yWLCA1BRdQIy5ayzim-Ps
Belanja Bahan Pelatihan Vokasi Bidang Industri dan Jasa Reguler,DRAFT,2026,"290f25ed-370d-4bbf-8098-a65722530d53, 4dcaa821-00e1-4e43-9079-e8675afa6ebc, 3d606762-8010-45a8-9742-099b6cd8d1c4, 5b827715-a331-45ea-98ff-2e45e8600af0, 8b776f96-37de-4209-9b3c-52031cf13d69, 0213cf15-7868-40af-990b-45a465daece8, d9e5da72-d60f-4ade-9a65-99ae25632bce, b1c85f15-2aec-4f10-89dc-472df8f0a260, c4cf45d9-7290-4a4b-b59e-4db1d414793c, 5da694ff-cedf-47ba-9f7c-c4569157cd25, f31ac036-379c-44e1-9991-0d63b0181c24, 39a337aa-2c1e-422f-be90-e47926c892e5, de3a2fe4-dc5c-4a48-8cb5-4ec49a8f3579, 8a195c34-fec4-4635-a741-10dcb857a6af, c84547be-109b-4d71-97a8-2fafe43eda0d, 3b2c8374-724a-4843-9bae-c3d5508bab20, 5553ff90-b3f8-4358-8439-f721bc86b2a5, 460ae3e9-ac74-44b2-82ea-1c98ab19f068, 3697c630-ec07-4206-9997-cd7fd83267d7, e0afdbc5-efff-4570-abf9-178468247a64, 95caf173-eaab-4689-902a-1a1656934cc3, 5b7d8495-bad6-4c55-91ee-d8af57115271, 4103a27e-f90e-4c76-8548-05ace9ca40d5, 7a5441fa-29a1-4e81-a1e0-3a87709289b5",193,,CANCELLED_ON_NEGOTIATION,Tidak,K34,BALAI BESAR PELATIHAN VOKASI DAN PRODUKTIVITAS SEMARANG,DL.4057.SCO.003.052.0A.521211,APBN,01KJXZ6FK2KC1P2EBFW7VB5CZ9,13222875,65956099,24,01JCF5TRQVKW157PX3JC6JFJ1Y,452609,2705108,,"Peningkatan Penyelenggaraan Pelatihan Vokasi dan Pemagangan Binalavotas, ",efbb911a-59d7-54a0-816c-d0c9fbaa93e6.6OsVNRtw-x7ooXDg.A4lfbyO5QC5AHaEYE4Wlb9yWLCA1BRdQIy5ayzim-Ps
Paket Meeting Fullboard Panitia dan Peserta,COMPLETED,2026,fd44c937-7405-4eb0-a294-1f2915b40432,76,0,COMPLETED,Tidak,K34,DITJEN. PEMBINAAN HUBUNGAN INDUSTRIAL DAN JAMINAN SOSIAL TENAGA KERJA,DN.5586.BDC.002.054.0A.524119,APBN,01KN3YXEADAEZ5YJDVFFBK8MCA,72200000,66262998,1,01JZPHD65YSSPDGHVQ5C6PQ9W4,451270,0,2026-04-01T00:00:00Z,"Peningkatan Penerapan Jaminan Sosial Tenaga Kerja dan Fasilitasi Kesejahteraan Pekerja, ",efbb911a-59d7-54a0-816c-d0c9fbaa93e6.6OsVNRtw-x7ooXDg.A4lfbyO5QC5AHaEYE4Wlb9yWLCA1BRdQIy5ayzim-Ps
Pengadaan Bahan Sertifikasi Lulusan (231 Paket),DRAFT,2026,"0cb93240-55e1-4657-a214-76054428632b, ab5ad1f9-724a-4020-969e-a9c43e728713, 55eb755c-5b94-4822-baff-4220513c3f58, 63e27dc7-8a48-40b7-8daa-fb215c03b5e8, 1eb3f200-c362-426f-8f8c-e9b0ef8baa4d, 56bab1cb-3649-4527-a091-4895a403829f, be39e832-2314-4edb-8534-e3f3d6465a88, 9caa512b-3143-48d5-80f0-dbcb838a72ba, 231b7930-46bc-451e-a009-f3ef38bf8861, 52c06a0a-1162-40be-869a-f86f94afaebf",79,0,ON_PROCESS,Tidak,K34,BALAI BESAR PELATIHAN VOKASI DAN PRODUKTIVITAS SERANG,"DL.4053.PDI.002.051.0A.521211, DL.4053.PDI.002.051.0B.521211, DL.4053.PDI.003.051.0A.521211",APBN,01KZTBDNGYR5TTZHM5RXDK6NPT,18406797,63091859,21,01JRS73EC81MM9JM6Z4608CME9,426531,26434127,2026-08-13T00:00:00Z,"Pengembangan Sistem dan Pelaksanaan Sertifikasi Kompetensi Profesi Binalavotas, ",efbb911a-59d7-54a0-816c-d0c9fbaa93e6.6OsVNRtw-x7ooXDg.A4lfbyO5QC5AHaEYE4Wlb9yWLCA1BRdQIy5ayzim-Ps
6988.EBA.994.002.AP.522191.001084 Jasa Alih Daya BPVP Padang,DRAFT,2026,"90b24b7d-7918-4c7f-89aa-bcd60e33cb55, 73450e78-af77-44d3-9e0a-c90f12ee441e, cf9f1067-9a4b-468b-b853-ca6cef66d35a, 4db1d141-5f20-438f-90c7-c7e695f660a3",242,,CANCELLED_ON_NEGOTIATION,Tidak,K34,BALAI PELATIHAN VOKASI DAN PRODUKTIVITAS PADANG,WA.6988.EBA.994.002.AP.522191,APBN,01KJ828PN4XBCZV96WE9A4J872,1196986450,65867795,4,01J9QMMBYE9D5DCFNMMGBYAJ48,089378,4048114,,"Dukungan Manajemen Direktorat Jenderal Pembinaan Pelatihan Vokasi dan Produktivitas, ",efbb911a-59d7-54a0-816c-d0c9fbaa93e6.6OsVNRtw-x7ooXDg.A4lfbyO5QC5AHaEYE4Wlb9yWLCA1BRdQIy5ayzim-Ps
Licence Service Automation For Microservices ,DRAFT,2026,3a0db18f-0dc3-45ee-b03e-b4441e387cdd,2,0,ON_PROCESS,Ya,K34,BADAN PERENCANAAN DAN PENGEMBANGAN KETENAGAKERJAAN,DN.6766.FAB.001.055.0C.523199,APBN,01KY9JR8GT3N0YJ7CYRHKSECT7,5252520000,67322873,2,01K01JCSAV59FE4ERDTBR3ZX4F,452677,0,2026-07-24T00:00:00Z,"Pengelolaan Data dan Teknologi Informasi Ketenagakerjaan, ",efbb911a-59d7-54a0-816c-d0c9fbaa93e6.6OsVNRtw-x7ooXDg.A4lfbyO5QC5AHaEYE4Wlb9yWLCA1BRdQIy5ayzim-Ps
Pengadaan Jasa Tenaga Alih Daya Satpam BBPKK (periode Januari 2026),COMPLETED,2026,11508fb4-5296-4c33-bf1e-e832aaf11582,10,0,COMPLETED,Tidak,K34,BALAI BESAR PERLUASAN KESEMPATAN KERJA,WA.6621.EBA.994.002.0F.521111,APBN,01KFCH3SQB5S7VC1JFFW09X386,48000000,64810766,1,01JNMSKBWHWH5CAP3G4WCJKEWD,259322,18014014,2026-01-20T00:00:00Z,"Dukungan Manajemen Ditjen Pembinaan Penempatan Tenaga Kerja dan Perluasan Kesempatan Kerja, ",efbb911a-59d7-54a0-816c-d0c9fbaa93e6.6OsVNRtw-x7ooXDg.A4lfbyO5QC5AHaEYE4Wlb9yWLCA1BRdQIy5ayzim-Ps
Sewa Mesin Fotokopi Biro Keuangan dan BMN,COMPLETED,2026,f7c27f00-6d5d-477e-bc48-98ae972e89d2,1,0,COMPLETED,Tidak,K34,SEKRETARIAT JENDERAL KEMNAKER,WA.2158.EBA.994.002.0A.522141,APBN,01KFAHVHTQHA83A3P50D480KME,65999999,62918717,1,01JA3C5B6CMH4CQ2DHXBR49BX8,450938,14434119,2026-01-20T00:00:00Z,"Peningkatan Pengelolaan dan Pelaporan Keuangan, ",efbb911a-59d7-54a0-816c-d0c9fbaa93e6.6OsVNRtw-x7ooXDg.A4lfbyO5QC5AHaEYE4Wlb9yWLCA1BRdQIy5ayzim-Ps
Bahan Pelatihan Tailor Made Training 40 JP B,DRAFT,2026,5b299bc6-9bb3-492e-82ce-8c3d45e4a5e0,1,,CANCELLED_ON_NEGOTIATION,Tidak,K34,BALAI PELATIHAN VOKASI DAN PRODUKTIVITAS SIDOARJO,DL.4057.SCO.003.053.0A.521211,APBN,01KN6K41BQ5BG38WVG6T2SPQYE,9060930,66473758,1,01JHHRZPE4EYNR91T2A4YDH7JS,050302,203207,,"Peningkatan Penyelenggaraan Pelatihan Vokasi dan Pemagangan Binalavotas, ",efbb911a-59d7-54a0-816c-d0c9fbaa93e6.6OsVNRtw-x7ooXDg.A4lfbyO5QC5AHaEYE4Wlb9yWLCA1BRdQIy5ayzim-Ps
Belanja Bahan Pelaksanaan Sertifikasi Lulusan Pelatihan Vokasi (PNP),COMPLETED,2026,"37ed8f18-651e-494f-bd4c-ac83443df8ed, 8a6c4d10-0c4a-4773-9f53-0884590132c8, 166c236d-8c61-4ee1-8ee5-53658064e749, 9a67cd03-e273-402c-b6f4-fbe1ccf76bfb, c34932ff-8ff9-4cdd-a6ba-c2da28315481, 5b486211-b847-43f0-97ad-3d48a2b63feb, 0f721eca-9935-4db1-ab62-ceb183f0adb1, 5ebcd157-93b5-4559-bf49-fd277934e86b, a6604d31-831b-4800-8f0c-1143f37aff96, 1b31dada-4db0-4a33-bf7c-74a42818ea75, 508d3ebd-ab99-41a7-8bc4-91e4b13f334a, 8acf4d47-97d7-45bb-95f3-f5e9cc8e254a, 047da1ff-3edc-4855-9942-1d16ec6b2874, 215eb937-1339-42a7-b978-4e8831af4a09, a5245bb5-1ac9-4e08-acc2-7b979d93391c, e4e76222-51a0-4637-98f3-d74425ceeec5, a86adcf8-d899-4270-a967-c31c6efa2c51, d3cd8347-1dd6-474c-9575-60166129ba74, eb0c8d5c-e273-49e4-94c3-dddf9bbd3159, 69be835f-53a5-4c61-8231-63c927630070, 4ea4bda6-27ad-4cc2-8256-c5418a0801b1, ed5db028-208f-4e08-9a5e-1aedc894e716, 8844cb3e-4df7-4b97-9fc8-a84ac5475fec, 58984344-6f9f-487f-b21e-06d1a66e1baa, 4a08a393-b104-4109-8e90-120a8168895f, f7b5bc64-1390-480e-921f-60ee83301d57",170,444000,COMPLETED,Tidak,K34,BALAI BESAR PELATIHAN VOKASI DAN PRODUKTIVITAS SEMARANG,DL.4053.PDI.002.051.0A.521211,APBN,01KQ91CZM5AQV430GQWE6JXTDZ,5677650,66185662,26,01K2KX48KE5DQHRAJ0REG26EE5,452609,0,2026-04-28T00:00:00Z,"Pengembangan Sistem dan Pelaksanaan Sertifikasi Kompetensi Profesi Binalavotas, ",efbb911a-59d7-54a0-816c-d0c9fbaa93e6.6OsVNRtw-x7ooXDg.A4lfbyO5QC5AHaEYE4Wlb9yWLCA1BRdQIy5ayzim-Ps
Paket Meeting Fullboard Tahap Pelaksanaan Rekrutmen (Dalam Kota),COMPLETED,2026,13ee82bd-0950-4fc6-8163-2b1fe79c4b23,112,0,COMPLETED,Tidak,K34,DITJEN PHI DAN JAMSOS,DN.2181.BDC.002.051.0A.524114,APBN,01KSHBGP6WJXWMKBZ1G7DVD0TZ,112000000,65846990,1,01KJ9ZYWG7HWR8R126W34ZD993,451310,0,2026-05-29T00:00:00Z,"Penyelesaian Perselisihan Hubungan Industrial, ",efbb911a-59d7-54a0-816c-d0c9fbaa93e6.6OsVNRtw-x7ooXDg.A4lfbyO5QC5AHaEYE4Wlb9yWLCA1BRdQIy5ayzim-Ps
Project Based Learning,DRAFT,2026,"5533c76a-56e4-47e9-b975-2f3642e1d152, fa9c15e4-5d03-429a-bad8-1189f4ba1cd1, b0509ad0-da8e-4487-9235-bebc0a088049, 9e01c104-0d77-4184-ad39-7ad7ee31507c, 423a94fc-a578-4417-b54c-8f4089e1a245, 5dcf0a3b-5a31-4b07-bb1a-007ecacf4c40, b8cfaa71-dbfe-431f-8147-f7f8bca8e776, b878a70c-6b77-4556-b4b1-77f3512fc0be, 7ad1ac49-cbbf-4774-ac3d-bc192fc61b56, ea141fb0-f721-4443-ae98-f0d33f31d17e, 935e64c9-ddab-44f1-aad5-493fb8964fd3, 3ec84991-d14b-4d99-8bcb-005ca960daa4, e87f9fa0-251a-4244-8207-209eed845c19",15,,CANCELLED_ON_NEGOTIATION,Tidak,K34,BALAI PELATIHAN VOKASI DAN PRODUKTIVITAS SURAKARTA,"DL.4057.SCO.003.051.0A.521211, DL.4057.SCO.003.051.0A.521213, DL.4057.SCO.003.051.0A.521219, DL.4057.SCO.003.051.0A.521811, DL.4057.SCO.003.051.0A.522151, DL.4057.SCO.003.051.0A.524111, DL.4057.SCO.003.051.0A.526312, DL.4057.SCO.003.051.0B.521211, DL.4057.SCO.003.051.0B.521213, DL.4057.SCO.003.051.0B.521219, DL.4057.SCO.003.051.0B.521811, DL.4057.SCO.003.051.0B.522151, DL.4057.SCO.003.051.0B.524111, DL.4057.SCO.003.051.0B.526312, DL.4057.SCO.003.051.0C.521211, DL.4057.SCO.003.051.0C.521213, DL.4057.SCO.003.051.0C.521219, DL.4057.SCO.003.051.0C.521811, DL.4057.SCO.003.051.0C.522151, DL.4057.SCO.003.051.0C.524111, DL.4057.SCO.003.051.0C.526312, DL.4057.SCO.003.051.0D.521211, DL.4057.SCO.003.051.0E.521211, DL.4057.SCO.003.051.0E.524111",APBN,01KJ4KJV2P3F0RP0JT2W18ENHP,329180907,62084433,13,01K5DF5BGXKHFFXM49JDTCQ98T,035636,0,,"Peningkatan Penyelenggaraan Pelatihan Vokasi dan Pemagangan Binalavotas, ",efbb911a-59d7-54a0-816c-d0c9fbaa93e6.6OsVNRtw-x7ooXDg.A4lfbyO5QC5AHaEYE4Wlb9yWLCA1BRdQIy5ayzim-Ps
Pengadaan Paket Fullboard Meeting Luar Kota LISTRAF Komponen C,COMPLETED,2026,16220798-310a-4a8c-8533-fea92f3e899a,174,0,COMPLETED,Tidak,K34,BIRO PERENCANAAN,WA.2160.AEA.002.055.0O.524119,APBN,01KSHQHM4H3MC944Y0QBPCM1QV,150858000,65584502,1,01JW5K0QZDNEWZ4Y8EQ619H1RW,450922,0,2026-05-28T00:00:00Z,"Peningkatan Perencanaan Program dan Anggaran, ",efbb911a-59d7-54a0-816c-d0c9fbaa93e6.6OsVNRtw-x7ooXDg.A4lfbyO5QC5AHaEYE4Wlb9yWLCA1BRdQIy5ayzim-Ps
Paket Meeting Fullboard Moderator Penyelenggara dan Peserta - Konsultasi Teknis PPHI pada PHI/MA,COMPLETED,2026,214ed531-f3ec-4a68-8f0a-32c1e94553bc,184,0,COMPLETED,Tidak,K34,DITJEN PHI DAN JAMSOS,DN.2181.BDC.001.057.0C.524119,APBN,01KMY7HTHBG8QZPB021FWV60X8,174800000,65242517,1,01K0R4JF9GY1FW82DJ8DR6CT8G,451310,0,2026-03-30T00:00:00Z,"Penyelesaian Perselisihan Hubungan Industrial, ",efbb911a-59d7-54a0-816c-d0c9fbaa93e6.6OsVNRtw-x7ooXDg.A4lfbyO5QC5AHaEYE4Wlb9yWLCA1BRdQIy5ayzim-Ps
Bahan Pelatihan Tailor Made Training 40 JP C,COMPLETED,2026,678c8f61-38d6-4d10-aa11-230506c2c444,1,0,ON_PROCESS,Tidak,K34,BALAI PELATIHAN VOKASI DAN PRODUKTIVITAS SIDOARJO,DL.4057.SCO.003.053.0A.521211,APBN,01KYHCGMN2KNVA0J9DB6WNVMGF,8260620,66473686,1,01JBANK0M75W3E7ZJ6P77ZAXDP,050302,0,2026-07-27T00:00:00Z,"Peningkatan Penyelenggaraan Pelatihan Vokasi dan Pemagangan Binalavotas, ",efbb911a-59d7-54a0-816c-d0c9fbaa93e6.6OsVNRtw-x7ooXDg.A4lfbyO5QC5AHaEYE4Wlb9yWLCA1BRdQIy5ayzim-Ps
Bahan Pelatihan Pengoperasian Instalasi Kontrol Industri Berbasis Programmable Logic Controller (PLC),COMPLETED,2026,fffb5bbf-4408-401a-b772-b04b75274ed0,1,222000,ON_PROCESS,Tidak,K34,BALAI PELATIHAN VOKASI DAN PRODUKTIVITAS SIDOARJO,DL.4057.SCO.003.052.0A.521211,APBN,01KXMTQNP8ZTV98BAPVN9S8R05,42221126,66471884,1,01JE38V96ANYX227NYM5BTBS56,050302,990057,2026-07-16T00:00:00Z,"Peningkatan Penyelenggaraan Pelatihan Vokasi dan Pemagangan Binalavotas, ",efbb911a-59d7-54a0-816c-d0c9fbaa93e6.6OsVNRtw-x7ooXDg.A4lfbyO5QC5AHaEYE4Wlb9yWLCA1BRdQIy5ayzim-Ps
Pakaian Kerja,DRAFT,2026,e7f98b8c-c978-4b80-a760-56e016f2fda0,96,,CANCELLED_ON_NEGOTIATION,Tidak,K34,BALAI BESAR PELATIHAN VOKASI DAN PRODUKTIVITAS MEDAN,DL.4057.SCO.005.054.0A.521211,APBN,01KJS4QSGMADS3TV17MNK93VN0,15840037,65400721,1,01JNSVF8WS0A8QV2VWYK2V7KAK,451094,2058308,,"Peningkatan Penyelenggaraan Pelatihan Vokasi dan Pemagangan Binalavotas, ",efbb911a-59d7-54a0-816c-d0c9fbaa93e6.6OsVNRtw-x7ooXDg.A4lfbyO5QC5AHaEYE4Wlb9yWLCA1BRdQIy5ayzim-Ps
Penambahan Kapasitas Langganan layanan Bandwidth Rumah Dinas Pimpinan 2,DRAFT,2026,dedcbe29-74a8-43ad-9c23-007198f8b680,9,0,ON_PROCESS,Tidak,K34,BADAN PERENCANAAN DAN PENGEMBANGAN KETENAGAKERJAAN,WA.6624.EBA.994.002.BC.522119,APBN,01KKX28WPK0NWAAV7V093WWX59,54999945,62540500,1,01J9ARYBFRM5PHXQ5MVCCQQKT9,452677,3196119,2026-03-27T00:00:00Z,"Dukungan Manajemen Badan Perencanaan dan Pengembangan Ketenagakerjaan, ",efbb911a-59d7-54a0-816c-d0c9fbaa93e6.6OsVNRtw-x7ooXDg.A4lfbyO5QC5AHaEYE4Wlb9yWLCA1BRdQIy5ayzim-Ps
Sosialisasi Ketenagakerjaan di Media,DRAFT,2026,ac9fbcb0-4d70-4b13-9967-591cb07d60fe,40,0,PAYMENT_OUTSIDE_SYSTEM,Tidak,K34,SEKRETARIAT JENDERAL KEMNAKER,WA.2163.EBA.958.054.0A.522191,APBN,01KJVWAP2JFE4DNB5BQX0YC4ZB,239999804,65135780,1,01JHQ8GWQQQVSFS8SRQN8GZ1NP,450938,19033127,2026-03-06T00:00:00Z,"Peningkatan dan Pengelolaan Hubungan Masyarakat, ",efbb911a-59d7-54a0-816c-d0c9fbaa93e6.6OsVNRtw-x7ooXDg.A4lfbyO5QC5AHaEYE4Wlb9yWLCA1BRdQIy5ayzim-Ps
Perpanjangan Lisensi Perangkat WAF (Fortinet),DRAFT,2026,"f79f149d-65da-4e01-880d-3aa63e8a47eb, e64ba63d-4cf4-45f0-b7fc-657ad129f202",4,0,ON_PROCESS,Ya,K34,BADAN PERENCANAAN DAN PENGEMBANGAN KETENAGAKERJAAN,DN.6766.FAB.001.055.0B.523199,APBN,01KXQQNNCM2XBED9MQ7NZTP158,3036960000,67426580,4,01HRXA4EK912MFCX8ETFKH12JB,452677,0,2026-07-20T00:00:00Z,"Pengelolaan Data dan Teknologi Informasi Ketenagakerjaan, ",efbb911a-59d7-54a0-816c-d0c9fbaa93e6.6OsVNRtw-x7ooXDg.A4lfbyO5QC5AHaEYE4Wlb9yWLCA1BRdQIy5ayzim-Ps
"Fullboard Moderator, Panitia Penyelenggara dan Peserta",COMPLETED,2026,d356a8d2-ec68-4821-939d-78a0e166a785,92,0,COMPLETED,Tidak,K34,DITJEN. PEMBINAAN HUBUNGAN INDUSTRIAL DAN JAMINAN SOSIAL TENAGA KERJA,DN.6587.AEG.001.051.0D.524119,APBN,01KTN6RG95W1ZSC86D8Y1TDS26,82800000,66135360,1,01JHEXX9RWN12MPZSGQYS2CE1Z,451270,2393192,2026-06-09T00:00:00Z,"Peningkatan Pembinaan Hubungan Kerja dan Penerapan Pengupahan, ",efbb911a-59d7-54a0-816c-d0c9fbaa93e6.6OsVNRtw-x7ooXDg.A4lfbyO5QC5AHaEYE4Wlb9yWLCA1BRdQIy5ayzim-Ps
Sewa Kendaraan Operasional Eselon II,DRAFT,2026,343f38e2-04f3-4bb0-a0b9-009b8920d1b1,24,,CANCELLED_ON_NEGOTIATION,Tidak,K34,BADAN PERENCANAAN DAN PENGEMBANGAN KETENAGAKERJAAN,WA.6624.EBA.994.002.CF.522141,APBN,01KDTDNFESRWZXBKYWBBGTT9VR,336000000,62540495,1,01JBE5A6AKHXKKPTG6YD75P12Q,452677,269796009,,"Dukungan Manajemen Badan Perencanaan dan Pengembangan Ketenagakerjaan, ",efbb911a-59d7-54a0-816c-d0c9fbaa93e6.6OsVNRtw-x7ooXDg.A4lfbyO5QC5AHaEYE4Wlb9yWLCA1BRdQIy5ayzim-Ps
Konsumsi Peserta Pelatihan Project Based Learning,DRAFT,2026,00c479d0-d20a-4558-aa61-3acf03af656f,1248,,CANCELLED_ON_NEGOTIATION,Tidak,K34,BALAI BESAR PELATIHAN VOKASI DAN PRODUKTIVITAS BANDUNG,"DL.4057.SCO.003.051.0A.521211, DL.4057.SCO.003.051.0B.521211",APBN,01KYNPAY2WQJPV5SJX3THWQ6YA,24960000,67393346,1,01JMH38V945SCD5WRTV8ES5A68,452542,10339014,,"Peningkatan Penyelenggaraan Pelatihan Vokasi dan Pemagangan Binalavotas, ",efbb911a-59d7-54a0-816c-d0c9fbaa93e6.6OsVNRtw-x7ooXDg.A4lfbyO5QC5AHaEYE4Wlb9yWLCA1BRdQIy5ayzim-Ps
Alih daya Petugas Kebersihan,DRAFT,2026,3c688a1a-8cec-4713-8386-aa2bc5ace51d,21,0,ON_PROCESS,Tidak,K34,BALAI PELATIHAN VOKASI DAN PRODUKTIVITAS BANDUNG BARAT,WA.6988.EBA.994.002.0B.522191,APBN,01KFCR30M7NYCP7JXS0YHXPV98,1239747264,62723251,1,01JGZV93G6KR0AGM187TX710XQ,021212,15375014,2026-01-21T00:00:00Z,"Dukungan Manajemen Direktorat Jenderal Pembinaan Pelatihan Vokasi dan Produktivitas, ",efbb911a-59d7-54a0-816c-d0c9fbaa93e6.6OsVNRtw-x7ooXDg.A4lfbyO5QC5AHaEYE4Wlb9yWLCA1BRdQIy5ayzim-Ps
Peningkatan Kapasitas Perangkat DNS (Domain Name System),DRAFT,2026,"2b4d8ead-569f-4e89-83ba-055d2eead1b6, 5e0190e3-9321-42c0-8409-5604dbb410f5",7,0,ON_ADDENDUM,Ya,K34,BADAN PERENCANAAN DAN PENGEMBANGAN KETENAGAKERJAAN,DN.6766.FAB.001.055.0A.532111,APBN,01KY7E9MHXZ3QC0XQX6ZVJHGC7,5199240000,67591969,2,01JJX96B3EVQQP4098G68CB9MT,452677,23546127,2026-07-23T00:00:00Z,"Pengelolaan Data dan Teknologi Informasi Ketenagakerjaan, ",efbb911a-59d7-54a0-816c-d0c9fbaa93e6.6OsVNRtw-x7ooXDg.A4lfbyO5QC5AHaEYE4Wlb9yWLCA1BRdQIy5ayzim-Ps
Pengadaan Jasa Konsumsi Peserta Pelatihan Kegiatan PBK Reguler BLK Pandeglang,COMPLETED,2026,bfbc4d61-5a43-4755-8f93-f69a849779a7,2300,0,COMPLETED,Tidak,K34,BALAI BESAR PELATIHAN VOKASI DAN PRODUKTIVITAS SERANG,DL.4057.SCO.035.054.0B.521211,APBN,01KVCG6MKYVFDM7TQSX5CR48KJ,45540000,66282026,1,01K9RSESWX1BJXXF2E7MCDGQFT,426531,0,2026-06-19T00:00:00Z,"Peningkatan Penyelenggaraan Pelatihan Vokasi dan Pemagangan Binalavotas, ",efbb911a-59d7-54a0-816c-d0c9fbaa93e6.6OsVNRtw-x7ooXDg.A4lfbyO5QC5AHaEYE4Wlb9yWLCA1BRdQIy5ayzim-Ps
PENGADAAN BAHAN PELATIHAN,COMPLETED,2026,a3369c53-e2b1-4be5-b3f1-73bdd657cfa7,2018,0,ON_PROCESS,Tidak,K34,BALAI PELATIHAN VOKASI DAN PRODUKTIVITAS SURAKARTA,DL.4059.SCO.001.051.DL.521211,APBN,01KN6344RQZWERE6EC4RPBQ2AT,40360000,66351379,1,01JZQTR6FX7JZF90AA006RV8W9,035636,0,2026-04-02T00:00:00Z,"Pengembangan dan Peningkatan Produktivitas Tenaga Kerja Binalavotas, ",efbb911a-59d7-54a0-816c-d0c9fbaa93e6.6OsVNRtw-x7ooXDg.A4lfbyO5QC5AHaEYE4Wlb9yWLCA1BRdQIy5ayzim-Ps
Belanja Bahan Operasional Dukungan Pelaksanaan Sertifikasi ,COMPLETED,2026,"f2ca3fca-2237-4895-be39-e59424154c55, d211a601-2043-4a2f-9158-c9ad73a24e5f, d81aa313-eb82-4af2-a33b-646fd97f05de, b9efdaa3-f103-4fc3-a4b6-54bc2cf8c4d8, ca3f2151-263d-4a57-bfff-5db83bb4402d, a46fb4d4-7812-479e-aa2f-7c1fc1610fef, b211237b-38ae-42df-81c1-898165d6253f, 1c17eef3-04ad-4da1-a1b8-5e468c8f7520, 36a0e9e0-8b85-420b-9358-5b83cbb55763, 66c16efc-e4cf-4eb9-b363-e203313bff80, ec0ea933-d26f-46db-94ad-89ff907f16d4, 5b827715-a331-45ea-98ff-2e45e8600af0, 10124a10-ef9d-4463-83f4-8643753888fe, db29bd78-3480-4837-83ab-d8f5844931bc, 7f6a21d9-1930-43c5-b085-342ff5af2138, 7ade82f0-5110-4ee2-8240-83ea33b0c989, d58a213e-877e-4d3b-b8bd-69e8dd092dcf, c84547be-109b-4d71-97a8-2fafe43eda0d, f3a5b05b-cd9a-4a93-a921-8ac5b97320be, 91527085-db65-4ccd-9c93-2210f813c080, fcb6a6bf-d164-4d0e-82ee-3fab362d11fd, c023fc3e-9ec0-483f-9280-64068f8267e8, ee408668-bbb0-4f3e-b1cc-c3f8bbac3886, e79910cf-eefb-4dea-9668-fe9fcfdf02b0, 681a797a-9ef2-4a7a-8cc5-e4df8ce2f1a5, 21b01f18-428c-47d2-b60a-40effbbece89, 16aff307-0256-4a7b-a50d-79295daf35a6, 6a19955e-6ef0-41b3-891f-074c0d4a5174, 03ff2c6c-2f1f-4367-a448-69f1dbdbd650, c1110948-458f-4bc1-86ce-00563b0281f9, e195240b-1c71-40cb-b1c1-e1b9efc384e5, 6c7aa853-118c-4866-86af-12ef7d4b7f74, 9c23b732-b294-46b8-8e22-30f120d23e15, 13ea417b-d2da-404d-98f2-e1494a6d8084",108,0,COMPLETED,Tidak,K34,BALAI BESAR PELATIHAN VOKASI DAN PRODUKTIVITAS SEMARANG,DL.4053.PDI.002.052.0A.521211,APBN,01KHAHWBYSMGB6ZNNQAJN3NY4Z,5526579,65572112,34,01JCF5TRQVKW157PX3JC6JFJ1Y,452609,2705108,2026-02-13T00:00:00Z,"Pengembangan Sistem dan Pelaksanaan Sertifikasi Kompetensi Profesi Binalavotas, ",efbb911a-59d7-54a0-816c-d0c9fbaa93e6.6OsVNRtw-x7ooXDg.A4lfbyO5QC5AHaEYE4Wlb9yWLCA1BRdQIy5ayzim-Ps
Konsumsi Peserta Pelatihan 260 JP Reguler PNBP,DRAFT,2026,8c2b6024-3954-49d9-94a4-ad63660eb9e8,384,,CANCELLED,Tidak,K34,BALAI BESAR PELATIHAN VOKASI DAN PRODUKTIVITAS MEDAN,DL.4057.SCO.004.052.0A.521211,APBN,01KVM5GSE9RM02H2EQFMMWRMSZ,7680000,66121211,1,01K7P0067ZG2CA6RAJ5KWNE08H,451094,0,2026-06-22T00:00:00Z,"Peningkatan Penyelenggaraan Pelatihan Vokasi dan Pemagangan Binalavotas, ",efbb911a-59d7-54a0-816c-d0c9fbaa93e6.6OsVNRtw-x7ooXDg.A4lfbyO5QC5AHaEYE4Wlb9yWLCA1BRdQIy5ayzim-Ps
Belanja Bahan PBK Reguler Luring,COMPLETED,2026,0996ae06-e91c-42d0-b0fa-a4f3e4940536,445,0,COMPLETED,Tidak,K34,BALAI BESAR PELATIHAN VOKASI DAN PRODUKTIVITAS SEMARANG,DL.4057.SCO.005.052.0A.521211,APBN,01KHAHPN5MCG7Y197AKJS3GMM3,67177200,62806112,1,01JA9PQ0TDDYKB5K8QC1VDSWVA,452609,6064042,2026-02-13T00:00:00Z,"Peningkatan Penyelenggaraan Pelatihan Vokasi dan Pemagangan Binalavotas, ",efbb911a-59d7-54a0-816c-d0c9fbaa93e6.6OsVNRtw-x7ooXDg.A4lfbyO5QC5AHaEYE4Wlb9yWLCA1BRdQIy5ayzim-Ps
Kamera Zoom Meeting,COMPLETED,2026,859b8cce-e8fa-4475-bd4c-5fa519acd129,1,0,PAYMENT_OUTSIDE_SYSTEM,Tidak,K34,BADAN PERENCANAAN DAN PENGEMBANGAN KETENAGAKERJAAN,WA.6624.EBB.951.053.0A.532111,APBN,01KMHCXEAWZQ8X0K5SKAVEN7VA,54700800,62532436,1,01JN30P309DS3H1TATVTBKJ0QN,452677,350653009,2026-03-25T00:00:00Z,"Dukungan Manajemen Badan Perencanaan dan Pengembangan Ketenagakerjaan, ",efbb911a-59d7-54a0-816c-d0c9fbaa93e6.6OsVNRtw-x7ooXDg.A4lfbyO5QC5AHaEYE4Wlb9yWLCA1BRdQIy5ayzim-Ps
Operasional dan Pemeliharaan Kantor,DRAFT,2026,"43650fc4-b6d8-4eca-b447-99168d5c52e1, 9213957a-6d10-47a5-ae1b-ebb029301112, afc1f337-0092-4360-a3de-eb471366dbc3, a91a43ec-84a6-4102-872b-d1091d9a99f4, 3635f624-1db1-4cc2-8d1d-9e30c0195944, 6101fd6b-0043-49f8-b6b7-197b4844290d, b3663aab-ca18-44c3-a025-5e76986a5380, 48943b95-eafb-4bd1-a828-397b3a73b8f6",672,,CANCELLED_ON_NEGOTIATION,Tidak,K34,BALAI PELATIHAN VOKASI DAN PRODUKTIVITAS SURAKARTA,"WA.6988.EBA.994.002.0A.521111, WA.6988.EBA.994.002.0A.521114, WA.6988.EBA.994.002.0A.521115, WA.6988.EBA.994.002.0A.521811, WA.6988.EBA.994.002.0B.523111, WA.6988.EBA.994.002.0B.523112, WA.6988.EBA.994.002.0C.523121, WA.6988.EBA.994.002.0C.523123, WA.6988.EBA.994.002.0D.522111, WA.6988.EBA.994.002.0D.522112, WA.6988.EBA.994.002.0D.522113, WA.6988.EBA.994.002.0D.522119, WA.6988.EBA.994.002.0E.522191, WA.6988.EBA.994.002.0F.521252, WA.6988.EBA.994.002.0G.521111, WA.6988.EBA.994.002.0G.521115, WA.6988.EBA.994.002.0G.521211, WA.6988.EBA.994.002.0G.521252, WA.6988.EBA.994.002.0G.522111, WA.6988.EBA.994.002.0G.522112, WA.6988.EBA.994.002.0G.522113, WA.6988.EBA.994.002.0G.522191, WA.6988.EBA.994.002.0G.523111, WA.6988.EBA.994.002.0G.524111",APBN,01KDN3FQPPHCE9EZ19QR8CXQFR,2458165155,62084676,8,01JBB82CQ3S6AZPTA9DK7H8NW5,035636,0,,"Dukungan Manajemen Direktorat Jenderal Pembinaan Pelatihan Vokasi dan Produktivitas, ",efbb911a-59d7-54a0-816c-d0c9fbaa93e6.6OsVNRtw-x7ooXDg.A4lfbyO5QC5AHaEYE4Wlb9yWLCA1BRdQIy5ayzim-Ps
Pengadaan Bahan Pelatihan PBL - PNBP Program Pembuatan Konten Visual untuk Sosial Media,COMPLETED,2026,"a87c2695-c916-4326-98d8-d2af29a91488, 732bbd9c-8aaa-403c-84fc-a45e0e89d8af",20,0,COMPLETED,Tidak,K34,BALAI PELATIHAN VOKASI DAN PRODUKTIVITAS BELITUNG,DL.4057.SCO.003.051.0A.521211,APBN,01KYP4X1CM7TMH1YQG8N37HP99,3757350,65598972,2,01HQWTWAB8NBREJQVG41JZXRA7,352631,0,2026-07-30T00:00:00Z,"Peningkatan Penyelenggaraan Pelatihan Vokasi dan Pemagangan Binalavotas, ",efbb911a-59d7-54a0-816c-d0c9fbaa93e6.6OsVNRtw-x7ooXDg.A4lfbyO5QC5AHaEYE4Wlb9yWLCA1BRdQIy5ayzim-Ps
Bahan pengujian,DRAFT,2026,"a025c9fd-2379-4028-9054-763696972fe9, ff33fd7c-c4cf-46af-8680-11fb8d553192, c33d7e4b-8f18-415e-afa4-adb30d6d153a, 6616235b-2f45-41a3-8144-fde3727f223d, ae86ad70-451b-4570-9623-385c704b7113",11,,CANCELLED_ON_NEGOTIATION,Tidak,K34,BALAI KESELAMATAN DAN KESEHATAN KERJA BANDUNG,DN.6592.QAC.001.051.0E.521811,APBN,01KXF4AMCBXP328HFANRTXYF9M,90809100,63147453,5,01JRYDSFP5H1B3JRX8TDT7NW32,350079,92458009,,"Pengujian Keselamatan dan Kesehatan Kerja, ",efbb911a-59d7-54a0-816c-d0c9fbaa93e6.6OsVNRtw-x7ooXDg.A4lfbyO5QC5AHaEYE4Wlb9yWLCA1BRdQIy5ayzim-Ps
Belanja Bahan Pelatihan TMT,DRAFT,2026,"353f7119-d1bf-46e8-a431-57ecdb733dce, 71557448-e109-4ec3-874d-917306317b70, 622efa8f-316d-4917-a20f-80f7212d3f7c, d3f18d45-f4e9-4608-9044-6cfb0b46d45b, d24af90a-ef79-4bda-ae8b-d2abe9abd257, 5ee15946-8e8a-4c78-ba3d-b5d5489391da, db22f34d-6b6c-451c-a5c6-5184e0bb3132, eb7fbeec-962a-4151-b508-72c1e0916df9, b0085936-1f2e-41e8-9d1b-7f9b759cc2e1, fa10a8a1-cd44-4277-86ea-86ef2659ba0e, 6345853a-8cdb-47c2-80ca-f4ec52873e2e, b700f7d9-a733-4cd4-9ae8-c786e34edfcc, 8e44302b-b195-4fd3-ad09-ae7979d5dcd2, 9d63a329-fb0f-4952-a927-32ca85354219",3216,355200,ON_PROCESS,Tidak,K34,BALAI BESAR PELATIHAN VOKASI DAN PRODUKTIVITAS SEMARANG,DL.4057.SCO.003.054.0C.521211,APBN,01M005JRZHDMRARGPXNECGKAVX,20979888,66020897,14,01JYDESZTP0YA22FBCZT8CDSRE,452609,0,2026-08-15T00:00:00Z,"Peningkatan Penyelenggaraan Pelatihan Vokasi dan Pemagangan Binalavotas, ",efbb911a-59d7-54a0-816c-d0c9fbaa93e6.6OsVNRtw-x7ooXDg.A4lfbyO5QC5AHaEYE4Wlb9yWLCA1BRdQIy5ayzim-Ps
"Belanja Sewa, PERAWATAN PEMELIHARAAN KENDARAAN RODA 4 DAN SEWA KENDARAAN PIMPINAN",DRAFT,2026,db5515a5-e6c1-40f4-bb17-4218e69eecf3,10,0,ON_PROCESS,Tidak,K34,DITJEN. PEMBINAAN PENGAWASAN KETENAGAKERJAAN DAN K3,WA.6622.EBA.994.002.KD.522141,APBN,01KJPME9185V6Y6MGW879PHHV0,132500700,66185581,1,01JP9PV4XPVXXTVPBPR4WJWBDT,651870,0,2026-03-03T00:00:00Z,"Dukungan Manajemen Ditjen Pembinaan Pengawasan Ketenagakerjaan dan Keselamatan dan Kesehatan Kerja, ",efbb911a-59d7-54a0-816c-d0c9fbaa93e6.6OsVNRtw-x7ooXDg.A4lfbyO5QC5AHaEYE4Wlb9yWLCA1BRdQIy5ayzim-Ps
Belanja Bahan TMT Klaster,COMPLETED,2026,"d5a40cea-449c-4c57-ac7e-66d55c6c641b, 60954825-ae99-4d77-a51e-2ca68ff9920e, 3a04e736-1c9a-4c00-9347-7e80089aef50, 4f6fde3d-fa1b-4b92-8ebc-a20484c5422a, c2560eda-18ad-4c4c-80f7-1f8abca53e62, f875ba81-6cd2-4ee1-ae1c-895a6a5417bf, 03cdfcdf-3f6e-4243-8a73-f8d034f77a51, efaa8c7b-b046-48c2-903f-e525294899de, 67e8fd2e-c11e-4d27-826d-f1b8f5feaa76, ece7f23b-fb94-4de8-af20-6cd0ab1ac3a8, 6682d95c-9625-4024-9be8-06ff9ef21167, 7333dc0a-ea40-4f3e-b7ff-75bf431ef2fe, aa34541d-7bc4-44f0-9ac1-9960a3d6976d, 49781587-137e-46b9-8eff-2062997961ab, 973e5486-897f-41ba-a5a5-11b30c07a324, d7e0a48e-7a36-45c6-a544-f358be585074, 487af6c7-fcd6-4a90-87bc-141aca46d5c4, 94247e51-d315-48b5-9c45-899b701e70f9, c3fce501-2577-4243-a492-484e87a8d683, a560d862-66ee-42fb-8a11-e4a8620698ef, 454ff63a-a26e-498f-840b-18e5cff6925d, 166fc230-6597-4e09-8ee8-d4f736f2cb63, 65a1ea83-5889-46d9-bf61-c0a8a315d557, ae1538b1-e7bf-4cd5-b933-6d1b6323c99f, 3a63bb1b-4038-4b9a-a8ef-66ede4434d43, 0bb1b7ce-fe2b-4b47-996d-cc35d82f347d, 882f6bca-a433-467a-b601-9266d365d2d2, e4c5f43b-66d4-4f1e-9052-475525001992",293,0,COMPLETED,Tidak,K34,BALAI BESAR PELATIHAN VOKASI DAN PRODUKTIVITAS SEMARANG,DL.4057.SCO.003.053.0A.521211,APBN,01KKXAX2P6F1N0AKN12M5JZY4W,9879999,66185950,31,01J81QPN27R0FDVY86ZEFZ77TW,452609,2502042,2026-03-17T00:00:00Z,"Peningkatan Penyelenggaraan Pelatihan Vokasi dan Pemagangan Binalavotas, ",efbb911a-59d7-54a0-816c-d0c9fbaa93e6.6OsVNRtw-x7ooXDg.A4lfbyO5QC5AHaEYE4Wlb9yWLCA1BRdQIy5ayzim-Ps
Pelatihan Vokasi Bidang Industri dan Jasa Reguler Non Boarding Bisnis Manajemen,COMPLETED,2026,be6724a9-d132-48e6-a317-ab37a3211b84,856,0,PAYMENT_OUTSIDE_SYSTEM,Tidak,K34,BALAI PELATIHAN VOKASI DAN PRODUKTIVITAS BANYUWANGI,DL.4057.SCO.003.052.0A.521211,APBN,01KWB75DFKY2P0X1A0APSBTBXK,128271600,66371943,1,01JRFB3WWH4HWS6R0ZNGN3Z1XE,051102,40786011,2026-07-01T00:00:00Z,"Peningkatan Penyelenggaraan Pelatihan Vokasi dan Pemagangan Binalavotas, ",efbb911a-59d7-54a0-816c-d0c9fbaa93e6.6OsVNRtw-x7ooXDg.A4lfbyO5QC5AHaEYE4Wlb9yWLCA1BRdQIy5ayzim-Ps
Sosialisasi Ketenagakerjaan di Media,DRAFT,2026,36121ff4-23b6-4d3a-ac0f-7af0bec0dee8,60,0,PAYMENT_OUTSIDE_SYSTEM,Tidak,K34,SEKRETARIAT JENDERAL KEMNAKER,WA.2163.EBA.958.054.0A.522191,APBN,01KK0G70VC8FA1RWE3X6YG046C,239999960,65135780,1,01JGN2VB1G5MFVWQQEDNGR5SPA,450938,12650119,2026-03-09T00:00:00Z,"Peningkatan dan Pengelolaan Hubungan Masyarakat, ",efbb911a-59d7-54a0-816c-d0c9fbaa93e6.6OsVNRtw-x7ooXDg.A4lfbyO5QC5AHaEYE4Wlb9yWLCA1BRdQIy5ayzim-Ps
Langganan Layanan Metro E P2P Bandwidth ke Komputasi Awan,DRAFT,2026,"05ea737c-1d4b-4ffe-8ea3-15b55c7a2cb9, 0dd118be-cc80-4c4e-ba05-573922522391, 0e284d3c-fe3f-41ee-ba44-aab0f21d171a",48,0,ON_PROCESS,Tidak,K34,BADAN PERENCANAAN DAN PENGEMBANGAN KETENAGAKERJAAN,WA.6624.EBA.994.002.BC.522119,APBN,01KDNN0TD7JRZZXR1D4CH6T3Z4,2519998812,62244898,3,01J7073CEET2NWM8MBT7ZHZHRR,452677,0,2025-12-31T00:00:00Z,"Dukungan Manajemen Badan Perencanaan dan Pengembangan Ketenagakerjaan, ",efbb911a-59d7-54a0-816c-d0c9fbaa93e6.6OsVNRtw-x7ooXDg.A4lfbyO5QC5AHaEYE4Wlb9yWLCA1BRdQIy5ayzim-Ps
Paket Meeting Fullboard - Penguatan Teknik PPHI BUMN (Luar Kota),COMPLETED,2026,9eacd7c3-efdf-4205-8c71-228b3933962c,182,0,COMPLETED,Tidak,K34,DITJEN PHI DAN JAMSOS,DN.2181.BDC.001.051.0A.524119,APBN,01KJCEBR134V18FFEW3F2S3DRJ,182000000,65241381,1,01JWATA9SKZVDA022CGSQKZ3CY,451310,0,2026-03-02T00:00:00Z,"Penyelesaian Perselisihan Hubungan Industrial, ",efbb911a-59d7-54a0-816c-d0c9fbaa93e6.6OsVNRtw-x7ooXDg.A4lfbyO5QC5AHaEYE4Wlb9yWLCA1BRdQIy5ayzim-Ps
Pengadaan Jasa Outsourcing (Alih Daya) ,DRAFT,2026,dcee9166-fa33-4a46-b527-4fe34d355b0d,28,0,ON_PROCESS,Tidak,K34,BALAI BESAR PELATIHAN VOKASI DAN PRODUKTIVITAS BANDUNG,WA.6988.EBA.994.002.0A.522191,APBN,01KJEPC55J7QA889623HBA7EGZ,150315452,62688727,1,01JFVY8NWER8851J0JN4YR6SXJ,452542,22726014,2026-03-02T00:00:00Z,"Dukungan Manajemen Direktorat Jenderal Pembinaan Pelatihan Vokasi dan Produktivitas, ",efbb911a-59d7-54a0-816c-d0c9fbaa93e6.6OsVNRtw-x7ooXDg.A4lfbyO5QC5AHaEYE4Wlb9yWLCA1BRdQIy5ayzim-Ps
Belanja Bahan PBK Reguler Luring,COMPLETED,2026,fab17c70-af5c-4f92-9ffe-335cb0e2ca98,80,0,COMPLETED,Tidak,K34,BALAI BESAR PELATIHAN VOKASI DAN PRODUKTIVITAS SEMARANG,DL.4057.SCO.005.052.0A.521211,APBN,01KN3KVJRQA9R1NKHMY43NMB53,754800,66186051,1,01JYDESZTP0YA22FBCZT8CDSRE,452609,0,2026-04-01T00:00:00Z,"Peningkatan Penyelenggaraan Pelatihan Vokasi dan Pemagangan Binalavotas, ",efbb911a-59d7-54a0-816c-d0c9fbaa93e6.6OsVNRtw-x7ooXDg.A4lfbyO5QC5AHaEYE4Wlb9yWLCA1BRdQIy5ayzim-Ps
Pelatihan Vokasi di Provinsi Jawa Timur UPT BLK Kota Probolinggo,DRAFT,2026,cf91f981-b5b0-4db8-be15-2ab3c0e8366a,2880,0,PAYMENT_OUTSIDE_SYSTEM,Tidak,K34,BALAI PELATIHAN VOKASI DAN PRODUKTIVITAS BANYUWANGI,DL.4057.SCO.013.066.OA.521211,APBN,01KVEGZGVMY9X7379ZJQMD7945,57600000,62259233,1,01JBZSH1FR0JJ684459YZXDSPM,051102,29665009,2026-06-19T00:00:00Z,"Peningkatan Penyelenggaraan Pelatihan Vokasi dan Pemagangan Binalavotas, ",efbb911a-59d7-54a0-816c-d0c9fbaa93e6.6OsVNRtw-x7ooXDg.A4lfbyO5QC5AHaEYE4Wlb9yWLCA1BRdQIy5ayzim-Ps
Pengadaan Safety Shoes Peserta Pelatihan (72 Paket),COMPLETED,2026,607d1a88-612d-4fde-9a40-40143af9ef21,192,0,COMPLETED,Tidak,K34,BALAI BESAR PELATIHAN VOKASI DAN PRODUKTIVITAS SERANG,"DL.4057.SCO.003.051.0A.521211, DL.4057.SCO.003.051.0B.521211, DL.4057.SCO.003.052.0A.521211, DL.4057.SCO.003.054.0A.521211, DL.4057.SCO.008.052.0B.521211",APBN,01KXQBWP2ZD26TAHC1FMK2BDY4,61378560,63094681,9,01JRAYK2HX1ZX9Y4MZ6TJA70XX,426531,0,2026-07-20T00:00:00Z,"Peningkatan Penyelenggaraan Pelatihan Vokasi dan Pemagangan Binalavotas, ",efbb911a-59d7-54a0-816c-d0c9fbaa93e6.6OsVNRtw-x7ooXDg.A4lfbyO5QC5AHaEYE4Wlb9yWLCA1BRdQIy5ayzim-Ps
Belanja Bahan Pelaksanaan Sertifikasi Lulusan Pelatihan ,COMPLETED,2026,"fa10a8a1-cd44-4277-86ea-86ef2659ba0e, 032a532b-2803-466b-87bc-4cec03a9f828, 552109db-f78f-4b1d-ab4d-c73f7cbfc7b9, 9bd9774e-54c6-4316-b6ab-64fc2f6214cc, 6f693767-bfc5-44ae-90d9-caceefdb78e3, a9704d9b-45d3-4d07-972d-6d87c3fea9bb, 8f98a452-89ae-445c-ab8a-8afc866df28b, f1699f33-3739-4de5-a1c7-303e27527340, 5af293fb-e453-49e1-92e3-58b3ea3aa86b, 2d24818e-62c6-400c-ac39-4b65326667c7, 94858765-5bc0-4044-a7d1-71bab6e6d238, c712becd-83f8-4984-8ada-99227c70203f, 6348d7a2-10d5-4c79-8516-4ccb68ee4f9c",207,0,COMPLETED,Tidak,K34,BALAI BESAR PELATIHAN VOKASI DAN PRODUKTIVITAS SEMARANG,DL.4053.PDI.002.051.0B.521211,APBN,01KXMBPRW4Y6H74M3CS0XHKSRJ,5946159,62801553,13,01JYDESZTP0YA22FBCZT8CDSRE,452609,0,2026-07-16T00:00:00Z,"Pengembangan Sistem dan Pelaksanaan Sertifikasi Kompetensi Profesi Binalavotas, ",efbb911a-59d7-54a0-816c-d0c9fbaa93e6.6OsVNRtw-x7ooXDg.A4lfbyO5QC5AHaEYE4Wlb9yWLCA1BRdQIy5ayzim-Ps
Bahan Pelatihan Tailor Made Training 40 JP B,COMPLETED,2026,b8a915a2-5df9-4b43-85f8-573a16bdacb9,1,222000,COMPLETED,Tidak,K34,BALAI PELATIHAN VOKASI DAN PRODUKTIVITAS SIDOARJO,DL.4057.SCO.003.053.0A.521211,APBN,01KN90CX0FY94A05ME6QQ464EV,8394930,66473758,1,01JKB1JG8N0H77FGGM62DRPEGB,050302,0,2026-04-06T00:00:00Z,"Peningkatan Penyelenggaraan Pelatihan Vokasi dan Pemagangan Binalavotas, ",efbb911a-59d7-54a0-816c-d0c9fbaa93e6.6OsVNRtw-x7ooXDg.A4lfbyO5QC5AHaEYE4Wlb9yWLCA1BRdQIy5ayzim-Ps
Operasional dan Pemeliharaan Kantor,DRAFT,2026,a66d177e-c798-467b-aae8-cfd06db90a42,60,0,ON_PROCESS,Tidak,K34,BALAI PELATIHAN VOKASI DAN PRODUKTIVITAS SURAKARTA,"WA.6988.EBA.994.002.0A.521111, WA.6988.EBA.994.002.0A.521114, WA.6988.EBA.994.002.0A.521115, WA.6988.EBA.994.002.0A.521811, WA.6988.EBA.994.002.0B.523111, WA.6988.EBA.994.002.0B.523112, WA.6988.EBA.994.002.0C.523121, WA.6988.EBA.994.002.0C.523123, WA.6988.EBA.994.002.0D.522111, WA.6988.EBA.994.002.0D.522112, WA.6988.EBA.994.002.0D.522113, WA.6988.EBA.994.002.0D.522119, WA.6988.EBA.994.002.0E.522191, WA.6988.EBA.994.002.0F.521252, WA.6988.EBA.994.002.0G.521111, WA.6988.EBA.994.002.0G.521115, WA.6988.EBA.994.002.0G.521211, WA.6988.EBA.994.002.0G.521252, WA.6988.EBA.994.002.0G.522111, WA.6988.EBA.994.002.0G.522112, WA.6988.EBA.994.002.0G.522113, WA.6988.EBA.994.002.0G.522191, WA.6988.EBA.994.002.0G.523111, WA.6988.EBA.994.002.0G.524111",APBN,01KDM3NAF8214F801NSTF8E8DX,100432800,62084676,1,01J7073CEET2NWM8MBT7ZHZHRR,035636,0,2025-12-30T00:00:00Z,"Dukungan Manajemen Direktorat Jenderal Pembinaan Pelatihan Vokasi dan Produktivitas, ",efbb911a-59d7-54a0-816c-d0c9fbaa93e6.6OsVNRtw-x7ooXDg.A4lfbyO5QC5AHaEYE4Wlb9yWLCA1BRdQIy5ayzim-Ps
Belanja Bahan Pelaksanaan Sertifikasi Lulusan Pelatihan Vokasi (PNP),COMPLETED,2026,"c712becd-83f8-4984-8ada-99227c70203f, 9bd9774e-54c6-4316-b6ab-64fc2f6214cc, 6348d7a2-10d5-4c79-8516-4ccb68ee4f9c, 6c587917-ef82-49ac-bd75-ccf466797164, 6f693767-bfc5-44ae-90d9-caceefdb78e3, 5dbecf76-1bc7-4863-9349-c11725c2013d, a9704d9b-45d3-4d07-972d-6d87c3fea9bb, f1699f33-3739-4de5-a1c7-303e27527340, 35d82d18-7eae-47ed-a44c-278e102e0531, 552109db-f78f-4b1d-ab4d-c73f7cbfc7b9",149,0,COMPLETED,Tidak,K34,BALAI BESAR PELATIHAN VOKASI DAN PRODUKTIVITAS SEMARANG,DL.4053.PDI.002.051.0A.521211,APBN,01KP5DB185X805KJARYZ1YRFEA,3325893,66185662,10,01JYDESZTP0YA22FBCZT8CDSRE,452609,0,2026-04-14T00:00:00Z,"Pengembangan Sistem dan Pelaksanaan Sertifikasi Kompetensi Profesi Binalavotas, ",efbb911a-59d7-54a0-816c-d0c9fbaa93e6.6OsVNRtw-x7ooXDg.A4lfbyO5QC5AHaEYE4Wlb9yWLCA1BRdQIy5ayzim-Ps
Belanja Bahan TMT Reguler,COMPLETED,2026,bba19caa-2e5f-4fe3-8566-cad5eb6ff7c1,80,0,COMPLETED,Tidak,K34,BALAI BESAR PELATIHAN VOKASI DAN PRODUKTIVITAS SEMARANG,DL.4057.SCO.003.053.0B.521211,APBN,01KHQMGA3KN47MBZ0CHDEWHHF6,9590400,65960012,1,01JE807JKC4M4B83DQ1RGSEQW5,452609,2413108,2026-02-19T00:00:00Z,"Peningkatan Penyelenggaraan Pelatihan Vokasi dan Pemagangan Binalavotas, ",efbb911a-59d7-54a0-816c-d0c9fbaa93e6.6OsVNRtw-x7ooXDg.A4lfbyO5QC5AHaEYE4Wlb9yWLCA1BRdQIy5ayzim-Ps
 Pengadaan Jasa Layanan Internet (periode April - Desember 2026),COMPLETED,2026,e44120eb-1aaf-4f5f-b817-d3b4fb2d638d,1,0,COMPLETED,Tidak,K34,BALAI BESAR PERLUASAN KESEMPATAN KERJA,WA.6621.EBA.994.002.0c.522119,APBN,01KNG8T1XJWA91BW6PTAJSH52V,28860000,66023615,1,01JD1AEPSHWYGXZ0JKGX3VSRPN,259322,12616047,2026-04-06T00:00:00Z,"Dukungan Manajemen Ditjen Pembinaan Penempatan Tenaga Kerja dan Perluasan Kesempatan Kerja, ",efbb911a-59d7-54a0-816c-d0c9fbaa93e6.6OsVNRtw-x7ooXDg.A4lfbyO5QC5AHaEYE4Wlb9yWLCA1BRdQIy5ayzim-Ps
"Paket Meeting Fullboard Peserta, Penyelenggara, dan Moderator",DRAFT,2026,9f11c7ae-f0f4-4628-a847-3c03ce8f1af2,80,,CANCELLED_ON_REVIEW,Tidak,K34,DITJEN. PEMBINAAN HUBUNGAN INDUSTRIAL DAN JAMINAN SOSIAL TENAGA KERJA,DN.6587.BDC.001.051.0A.524119,APBN,01KXFB0RGZSZV7MTVEN0V0RKTK,72000000,66123872,1,01JQ5MK6SHNP3P0FB3Q1NH89CM,451270,285323016009,,"Peningkatan Pembinaan Hubungan Kerja dan Penerapan Pengupahan, ",efbb911a-59d7-54a0-816c-d0c9fbaa93e6.6OsVNRtw-x7ooXDg.A4lfbyO5QC5AHaEYE4Wlb9yWLCA1BRdQIy5ayzim-Ps
Pengadaan Bahan Pelatihan PBK Reguler UPTP (54 Paket),COMPLETED,2026,"260e7d47-35d5-4566-b8c5-fa7ad27439e6, f20b681d-3962-48aa-8c0f-0fb1aba4bbb8, f5d669ec-29e6-4970-bd6a-543f94fe6199, f79f5180-6302-4d8d-9264-473281aab65d, 4f9140ba-a4e9-4c23-8211-43dd75bdca56, 9006c12b-c809-4332-ba86-be3ba01f9656, 4d901ae4-7919-4408-bbf1-c3ae18511e64, 53ff7726-0f47-488c-bdde-80df0451b512, d5a1d2dd-cc1d-4d72-8189-bdfe42622569, fb9bc091-9214-425a-97d3-c94d80aa2bd0, 1a9480a4-89e3-4dca-a91c-4c88174bcf0b, ab1c430a-e34f-47f5-af47-2812e6cda2c6, 734595c0-94a5-449c-b6f3-c617db2f7a84, e719128f-57e0-48c7-847d-cf19047704ca, c5a70ea1-9478-4cd4-bf6c-4081ea3e6f25, df690b79-f047-467d-9821-e0bf53a50745, 34c7c37c-6c5d-4af1-b3dc-ec9544ede5d3, abc3730a-d9bf-4cb2-affa-f0c279735b34, 6c93b200-5e6e-40b7-bda0-2a3fa3e34be8, 9d3c6805-d118-46c3-a3cd-a3ea87bab865, 1f6453f7-a107-4a72-8120-5d858e7d58a2, ebe8b8f6-52f1-46f7-a634-f76a6c821e3d, 772f7421-02c3-4cc0-be75-56b78ff2ea81, 7c2885e4-f9c0-49b9-ae85-e5c853c17795, 55c30c15-9fc3-4e11-afb7-c1ca61fcbe31, 6c34ee70-82cf-4782-a995-8dcf5c24458d, d2435bd0-9118-4809-a795-033c82e54a87, db1fba49-aa2d-4aca-91d1-3da5a095b9f5, 32022696-0655-47eb-93e4-ef8e89211ec5, 76775df7-7907-48f9-a153-e8dabdd23bbd, e72e3b7f-52cc-4983-8cc9-bc5614047966, 2a8f92fc-8034-45a5-a885-8f2c4cbd3147, e17f25bf-7afc-4a65-b2de-48850ad1f946, 70b0995d-412f-42bb-a465-29e7b44ae422, 5de56928-e1be-4d5d-ac05-c8cc4b286194, 1c50c8b0-d574-45d3-a225-fde982b3c568, 1f8dc073-c303-4242-bbd6-6bfc39330be8",3072,0,COMPLETED,Tidak,K34,BALAI BESAR PELATIHAN VOKASI DAN PRODUKTIVITAS SERANG,"DL.4057.SCO.003.052.0A.521211, DL.4057.SCO.005.052.0A.521211, DL.4057.SCO.007.052.0A.521211, DL.4057.SCO.008.052.0B.521211",APBN,01KHSZD93ZNDK7MCQREFTKT2SG,334674546,63096783,38,01JPHT8R3TKWRTQ8663M9DRT2Q,426531,43475011,2026-02-23T00:00:00Z,"Peningkatan Penyelenggaraan Pelatihan Vokasi dan Pemagangan Binalavotas, ",efbb911a-59d7-54a0-816c-d0c9fbaa93e6.6OsVNRtw-x7ooXDg.A4lfbyO5QC5AHaEYE4Wlb9yWLCA1BRdQIy5ayzim-Ps
Konsumsi Peserta Pelatihan 180 JP Reguler PNBP,DRAFT,2026,8c2b6024-3954-49d9-94a4-ad63660eb9e8,288,0,ON_PROCESS,Tidak,K34,BALAI BESAR PELATIHAN VOKASI DAN PRODUKTIVITAS MEDAN,DL.4057.SCO.005.052.0A.521211,APBN,01KSC1SW16ZA37XBNPTV084EDN,5760000,66121303,1,01K7P0067ZG2CA6RAJ5KWNE08H,451094,0,2026-05-25T00:00:00Z,"Peningkatan Penyelenggaraan Pelatihan Vokasi dan Pemagangan Binalavotas, ",efbb911a-59d7-54a0-816c-d0c9fbaa93e6.6OsVNRtw-x7ooXDg.A4lfbyO5QC5AHaEYE4Wlb9yWLCA1BRdQIy5ayzim-Ps
Paket Fullboard Peserta dan Panitia,COMPLETED,2026,070db3fb-5472-4c36-ae9b-ef0b95cb567b,108,0,ON_PROCESS,Tidak,K34,DITJEN PHI DAN JAMSOS,DN.5586.BDC.001.052.0A.524119,APBN,01KYGW6R8TZY5AFRJCS7J3DZ43,102600000,66262571,1,01JF6MX47BHZ24QHGHWBGVE54Q,451310,1794601,2026-07-28T00:00:00Z,"Peningkatan Penerapan Jaminan Sosial Tenaga Kerja dan Fasilitasi Kesejahteraan Pekerja, ",efbb911a-59d7-54a0-816c-d0c9fbaa93e6.6OsVNRtw-x7ooXDg.A4lfbyO5QC5AHaEYE4Wlb9yWLCA1BRdQIy5ayzim-Ps
"Paket Meeting Fullboard Peserta, Penyelenggara, dan Moderator",COMPLETED,2026,0b17f52c-2489-4040-82e0-a46c3384bc6a,80,0,COMPLETED,Tidak,K34,DITJEN. PEMBINAAN HUBUNGAN INDUSTRIAL DAN JAMINAN SOSIAL TENAGA KERJA,DN.6587.BDC.001.051.0A.524114,APBN,01KRZS5RCE94SDGNFV1VNRKYXP,95200000,66123868,1,01JYKEJWDHEXQ5MR7ATG0HGJ3X,451270,0,2026-05-20T00:00:00Z,"Peningkatan Pembinaan Hubungan Kerja dan Penerapan Pengupahan, ",efbb911a-59d7-54a0-816c-d0c9fbaa93e6.6OsVNRtw-x7ooXDg.A4lfbyO5QC5AHaEYE4Wlb9yWLCA1BRdQIy5ayzim-Ps
"Paket Meeting Fullboard Peserta, Penyelenggara, dan Moderator",DRAFT,2026,0b17f52c-2489-4040-82e0-a46c3384bc6a,80,,CANCELLED_ON_REVIEW,Tidak,K34,DITJEN. PEMBINAAN HUBUNGAN INDUSTRIAL DAN JAMINAN SOSIAL TENAGA KERJA,DN.6587.BDC.001.051.0A.524114,APBN,01KRZP7TZFQ5EGVM2PTSAEZXZ6,95760000,66123868,1,01JYKEJWDHEXQ5MR7ATG0HGJ3X,451270,0,,"Peningkatan Pembinaan Hubungan Kerja dan Penerapan Pengupahan, ",efbb911a-59d7-54a0-816c-d0c9fbaa93e6.6OsVNRtw-x7ooXDg.A4lfbyO5QC5AHaEYE4Wlb9yWLCA1BRdQIy5ayzim-Ps
Pengadaan Safety Shoes Peserta Pelatihan (72 Paket),COMPLETED,2026,607d1a88-612d-4fde-9a40-40143af9ef21,32,0,COMPLETED,Tidak,K34,BALAI BESAR PELATIHAN VOKASI DAN PRODUKTIVITAS SERANG,"DL.4057.SCO.003.051.0A.521211, DL.4057.SCO.003.051.0B.521211, DL.4057.SCO.003.052.0A.521211, DL.4057.SCO.003.054.0A.521211, DL.4057.SCO.008.052.0B.521211",APBN,01KTP4646SE8AB9V1FBKJP7C1M,10229760,63094681,5,01JRAYK2HX1ZX9Y4MZ6TJA70XX,426531,0,2026-06-10T00:00:00Z,"Peningkatan Penyelenggaraan Pelatihan Vokasi dan Pemagangan Binalavotas, ",efbb911a-59d7-54a0-816c-d0c9fbaa93e6.6OsVNRtw-x7ooXDg.A4lfbyO5QC5AHaEYE4Wlb9yWLCA1BRdQIy5ayzim-Ps
Belanja Bahan TMT Reguler,COMPLETED,2026,"a9704d9b-45d3-4d07-972d-6d87c3fea9bb, 35178a8f-4576-43be-a9d6-9617e14b1fb4, 54dbabee-189e-4411-a8b1-db7b6316d781, 67537211-03b0-4a59-9303-7fed2d816438, b251f938-6c26-4185-b3ac-aecb4f8f4cb2, ae1815ec-31ba-4a6e-ae0e-c11a5d1ac242, 66742882-bc04-41fa-8194-83e20eb9c9c4, 94858765-5bc0-4044-a7d1-71bab6e6d238, 6769a2ff-4311-491d-891b-1abce57b39f3, 372d959e-2954-4f2f-8a33-8c3551fb8793, da06324a-af7b-4a3a-86d5-d82372ec0986, 5af293fb-e453-49e1-92e3-58b3ea3aa86b, f4fe7ba6-db4e-49e7-bd27-6d166cccc0d5, 10efdf35-0ba9-4aa9-a067-471a5e2e4878, eadbca52-dde9-419d-aea6-9d9c891e6f06, 9382205c-c0bb-4af4-8482-2a24cfbf3094, 36888866-22eb-48cf-aaf6-425ff95a9564, 7843836c-f359-40df-b603-6c19a010121b, 786a2eec-a150-4567-828f-252cf6f2b91f, fb3ea6a8-74c2-4d3e-bf4e-4f9255b4447e, 9659cc9a-9e37-4849-80dd-ca03d2e1f39a, 2d24818e-62c6-400c-ac39-4b65326667c7, 8f98a452-89ae-445c-ab8a-8afc866df28b, 1c649746-35de-43b6-b636-416cb6af13ea, c5b67f33-0c85-405e-bc92-e3d5befff9f0, d88cbba5-cae9-43c1-8bd9-e415c4b5293d, ddbfe7d6-6b10-451a-bda3-9e349f612f21, 27e2a10e-8817-4310-94cd-bd38bd6e2bab, 6d496fd9-a7b4-4ac8-b34b-c1049cde04aa, 16bc1a6e-4c60-4562-9f2c-a15757726c1f, c648bc41-c470-4731-9417-3008cd16ba82, b2799d15-1296-43b5-b786-3ae7590919f3, 4810a691-1067-4b53-84f3-bdbd0941a0ca, 51d2c2de-3a54-47f5-bf87-e22f11ce8104, 78e96cc9-4a3e-4e0c-b3c0-c1a456bd6b43, fa10a8a1-cd44-4277-86ea-86ef2659ba0e, 032a532b-2803-466b-87bc-4cec03a9f828, 05805adc-5647-4d07-b37c-dd3529d95e17, 83327303-be2b-493e-9d36-011c3e7f164b, f40cbdfb-4f60-4681-81ac-17fecf721d63, c712becd-83f8-4984-8ada-99227c70203f, 267ea927-66a3-49b5-a320-25fa972e984c, 2d737d12-6d84-4076-9afd-4a5845269912, 71557448-e109-4ec3-874d-917306317b70, a762a656-e2df-429a-8365-f51df8799c50, 8b91cc51-2dc5-406e-b39e-d26954062c9b",536,244200,COMPLETED,Tidak,K34,BALAI BESAR PELATIHAN VOKASI DAN PRODUKTIVITAS SEMARANG,DL.4057.SCO.003.053.0B.521211,APBN,01KW1GJW77ACMHWFVEK75T6G0R,9344313,65960012,46,01JYDESZTP0YA22FBCZT8CDSRE,452609,0,2026-06-27T00:00:00Z,"Peningkatan Penyelenggaraan Pelatihan Vokasi dan Pemagangan Binalavotas, ",efbb911a-59d7-54a0-816c-d0c9fbaa93e6.6OsVNRtw-x7ooXDg.A4lfbyO5QC5AHaEYE4Wlb9yWLCA1BRdQIy5ayzim-Ps
Konsumsi Peserta Pelatihan 260 JP Reguler PNBP,DRAFT,2026,ff6ecf37-0598-4d3b-805f-e8b6273f095c,480,0,ON_PROCESS,Tidak,K34,BALAI BESAR PELATIHAN VOKASI DAN PRODUKTIVITAS MEDAN,DL.4057.SCO.004.052.0A.521211,APBN,01KYA5QY22WPXDN0JS815VSZ7V,9600000,66121211,1,01K58D7JY1JYPTGJFWZ2X04A9N,451094,0,2026-07-25T00:00:00Z,"Peningkatan Penyelenggaraan Pelatihan Vokasi dan Pemagangan Binalavotas, ",efbb911a-59d7-54a0-816c-d0c9fbaa93e6.6OsVNRtw-x7ooXDg.A4lfbyO5QC5AHaEYE4Wlb9yWLCA1BRdQIy5ayzim-Ps
Pengadaan Bahan School Operation Non Boarding,COMPLETED,2026,0aaef396-1c07-41cf-b236-7f2f7aa2f6cf,1710,0,PAYMENT_OUTSIDE_SYSTEM,Tidak,K34,BALAI PELATIHAN VOKASI DAN PRODUKTIVITAS BANYUWANGI,DL.4057.SCO.003.056.0A.521211,APBN,01KN65NHY1VPARBFRGAGBE317B,34200000,66372375,1,01JE5AQH3WV1RNVK9JKD5R3VHN,051102,2520072,2026-04-02T00:00:00Z,"Peningkatan Penyelenggaraan Pelatihan Vokasi dan Pemagangan Binalavotas, ",efbb911a-59d7-54a0-816c-d0c9fbaa93e6.6OsVNRtw-x7ooXDg.A4lfbyO5QC5AHaEYE4Wlb9yWLCA1BRdQIy5ayzim-Ps
"Fullboard Moderator, Panitia Penyelenggara dan Peserta",DRAFT,2026,05cd57df-d511-496e-9e0d-c361aacebc93,92,,CANCELLED_ON_NEGOTIATION,Tidak,K34,DITJEN. PEMBINAAN HUBUNGAN INDUSTRIAL DAN JAMINAN SOSIAL TENAGA KERJA,DN.6587.AEG.001.051.0D.524119,APBN,01KWNMVZGRNWES8WZ86HNC3DHT,75992000,66135360,1,01KWBJZJ0P4AFEQW08P1RGQYEH,451270,0,,"Peningkatan Pembinaan Hubungan Kerja dan Penerapan Pengupahan, ",efbb911a-59d7-54a0-816c-d0c9fbaa93e6.6OsVNRtw-x7ooXDg.A4lfbyO5QC5AHaEYE4Wlb9yWLCA1BRdQIy5ayzim-Ps
Baju Lapangan,COMPLETED,2026,286e5457-c57e-41e0-9d8a-b85fc4a11c7a,49,188700,COMPLETED,Tidak,K34,BALAI KESELAMATAN DAN KESEHATAN KERJA SAMARINDA,DN.6592.QAC.001.051.0B.521211,APBN,01KVSCW7GNNA70HJVSBZN4Q9F7,6068700,62680404,1,01HY227ZBAMFYDJEMP8HHKJ7GV,350083,0,2026-06-24T00:00:00Z,"Pengujian Keselamatan dan Kesehatan Kerja, ",efbb911a-59d7-54a0-816c-d0c9fbaa93e6.6OsVNRtw-x7ooXDg.A4lfbyO5QC5AHaEYE4Wlb9yWLCA1BRdQIy5ayzim-Ps
WA Blasting Pemetaan Pengantar Kerja,DRAFT,2026,f71694c3-c7e5-4c18-8055-9f2625d1a58a,60000,,CANCELLED_ON_NEGOTIATION,Tidak,K34,DITJEN PEMBINAAN PENEMPATAN TENAGA KERJA DAN PERLUASAN KESEMPATAN KERJA,DN.6593.DCI.002.052.0F.522141,APBN,01KK0HXYBS27SM6ZGSCPVSYEZ3,99900000,63898321,1,01K3N4GW53SV272W3X4PMWPJ71,451139,0,,"Peningkatan Kompetensi Pengantar Kerja, ",efbb911a-59d7-54a0-816c-d0c9fbaa93e6.6OsVNRtw-x7ooXDg.A4lfbyO5QC5AHaEYE4Wlb9yWLCA1BRdQIy5ayzim-Ps
Sewa Kendaraan Operasional Eselon I,DRAFT,2026,c534d28e-1d27-4f65-a7ca-6f6ca9bd26c7,12,,CANCELLED_ON_NEGOTIATION,Tidak,K34,BADAN PERENCANAAN DAN PENGEMBANGAN KETENAGAKERJAAN,WA.6624.EBA.994.002.CF.522141,APBN,01KDTHQ0J3AYTSBFSVZ57X4CCC,223776000,62540504,1,01JGMWXBFW1XQSAZHVV4NPVWS4,452677,116911009,,"Dukungan Manajemen Badan Perencanaan dan Pengembangan Ketenagakerjaan, ",efbb911a-59d7-54a0-816c-d0c9fbaa93e6.6OsVNRtw-x7ooXDg.A4lfbyO5QC5AHaEYE4Wlb9yWLCA1BRdQIy5ayzim-Ps
"Paket Fullboard Moderator, Peserta dan Penyelenggara Sinergitas LKS Tripartit Nasional dan LKS Tripartit Daerah",COMPLETED,2026,f81c8e5e-380e-4195-a7b4-372d796f0283,114,0,PAYMENT_OUTSIDE_SYSTEM,Tidak,K34,DITJEN. PEMBINAAN HUBUNGAN INDUSTRIAL DAN JAMINAN SOSIAL TENAGA KERJA,DN.2179.BDB.001.051.0E.524114,APBN,01KK0X0K9HX99XMBG4TFA5G7B3,100092000,65871014,1,01K4EMNWFSH814DHES82TF6KEK,451270,0,2026-03-10T00:00:00Z,"Penguatan Kelembagaan dan Pencegahan Perselisihan Hubungan Industrial, ",efbb911a-59d7-54a0-816c-d0c9fbaa93e6.6OsVNRtw-x7ooXDg.A4lfbyO5QC5AHaEYE4Wlb9yWLCA1BRdQIy5ayzim-Ps
Belanja Bahan PBK Reguler Luring ,COMPLETED,2026,"a4030e91-1cc2-4015-8ef1-e5d05dda5834, 6c19c185-6ffb-4500-b85a-95be51f98bd3, 03fcb281-1c79-4c19-a43a-24da7ec215bd, f5446539-44a3-4e88-bf17-a9f5b7b69805, 847a78e8-7102-44fa-a995-62ee95ee1548",20,0,COMPLETED,Tidak,K34,BALAI BESAR PELATIHAN VOKASI DAN PRODUKTIVITAS SEMARANG,DL.4057.SCO.007.052.0A.521211,APBN,01KK10JBYJBTJR1MVAYGPBF6HW,2979240,66186257,5,01J81QPN27R0FDVY86ZEFZ77TW,452609,2502042,2026-03-06T00:00:00Z,"Peningkatan Penyelenggaraan Pelatihan Vokasi dan Pemagangan Binalavotas, ",efbb911a-59d7-54a0-816c-d0c9fbaa93e6.6OsVNRtw-x7ooXDg.A4lfbyO5QC5AHaEYE4Wlb9yWLCA1BRdQIy5ayzim-Ps
"Paket Fullboard Moderator, Penyelenggara, dan Peserta TANPA SUB KOMPONEN  ",COMPLETED,2026,f47b809e-dce0-45f4-8144-5868fdef709a,180,0,PAYMENT_OUTSIDE_SYSTEM,Tidak,K34,DITJEN. PEMBINAAN HUBUNGAN INDUSTRIAL DAN JAMINAN SOSIAL TENAGA KERJA,DN.2179.BDC.001.051.0A.524119,APBN,01KKWWAT4RZG1YB3E20H1GA6A1,151200000,65992194,1,01JCJR2Q7V32SBTBZKTYTPP9AP,451270,78913009,2026-03-27T00:00:00Z,"Penguatan Kelembagaan dan Pencegahan Perselisihan Hubungan Industrial, ",efbb911a-59d7-54a0-816c-d0c9fbaa93e6.6OsVNRtw-x7ooXDg.A4lfbyO5QC5AHaEYE4Wlb9yWLCA1BRdQIy5ayzim-Ps
Bahan Pelatihan Pengoperasian Instalasi Kontrol Industri Berbasis Programmable Logic Controller (PLC),COMPLETED,2026,421c3ab4-63d5-4f7b-8c54-cfe300900801,1,277500,COMPLETED,Tidak,K34,BALAI PELATIHAN VOKASI DAN PRODUKTIVITAS SIDOARJO,DL.4057.SCO.003.052.0A.521211,APBN,01KMX0X7NSYRMQWBGSMPCDHSN2,42269133,66471884,1,01JE38V96ANYX227NYM5BTBS56,050302,990057,2026-03-30T00:00:00Z,"Peningkatan Penyelenggaraan Pelatihan Vokasi dan Pemagangan Binalavotas, ",efbb911a-59d7-54a0-816c-d0c9fbaa93e6.6OsVNRtw-x7ooXDg.A4lfbyO5QC5AHaEYE4Wlb9yWLCA1BRdQIy5ayzim-Ps
Bahan Pelatihan Tailor Made Training 40 JP,COMPLETED,2026,800650dc-6229-4041-8fa8-d6e427a995d6,2,0,COMPLETED,Tidak,K34,BALAI PELATIHAN VOKASI DAN PRODUKTIVITAS SIDOARJO,DL.4057.SCO.003.053.0B.521211,APBN,01KMPG6MPNWV7D9VHKEPS3GX2D,20572296,66474105,1,01JAYK7BA0MEZ4014EFKCTSSY8,050302,759449,2026-03-27T00:00:00Z,"Peningkatan Penyelenggaraan Pelatihan Vokasi dan Pemagangan Binalavotas, ",efbb911a-59d7-54a0-816c-d0c9fbaa93e6.6OsVNRtw-x7ooXDg.A4lfbyO5QC5AHaEYE4Wlb9yWLCA1BRdQIy5ayzim-Ps
Pelatihan Vokasi Bidang Teknologi Informasi dan Komunikasi Teknisi PNBP,COMPLETED,2026,be6724a9-d132-48e6-a317-ab37a3211b84,1272,0,PAYMENT_OUTSIDE_SYSTEM,Tidak,K34,BALAI PELATIHAN VOKASI DAN PRODUKTIVITAS BANYUWANGI,DL.4057.SCO.007.054.OA.521211,APBN,01KJC2NP1HNB83PX5EKCZDSFHC,190609200,62259010,1,01JRFB3WWH4HWS6R0ZNGN3Z1XE,051102,40786011,2026-02-26T00:00:00Z,"Peningkatan Penyelenggaraan Pelatihan Vokasi dan Pemagangan Binalavotas, ",efbb911a-59d7-54a0-816c-d0c9fbaa93e6.6OsVNRtw-x7ooXDg.A4lfbyO5QC5AHaEYE4Wlb9yWLCA1BRdQIy5ayzim-Ps
Pengadaan Bahan Pelatihan PBK dan PBL PNBP Batch 2,COMPLETED,2026,320df38f-51e8-4d37-90a4-953c15dff52e,3,0,PAYMENT_OUTSIDE_SYSTEM,Ya,K34,BALAI PELATIHAN VOKASI DAN PRODUKTIVITAS BELITUNG,"DL.4057.SCO.003.051.0B.521211, DL.4057.SCO.005.052.0A.521211",APBN,01KV5VRJX22BE3G2BVQ57WS9N9,14483946,67274370,3,01JDTS623NDWND55D4GVFBJ3CE,352631,118806009,2026-06-16T00:00:00Z,"Peningkatan Penyelenggaraan Pelatihan Vokasi dan Pemagangan Binalavotas, ",efbb911a-59d7-54a0-816c-d0c9fbaa93e6.6OsVNRtw-x7ooXDg.A4lfbyO5QC5AHaEYE4Wlb9yWLCA1BRdQIy5ayzim-Ps
Belanja Barang Persediaan Barang Konsumsi TU Biro,COMPLETED,2026,"2941e4c2-3883-489b-890c-7e1095985521, dfd4243d-ebff-4e71-97ce-1d3c45532630, 5b001b56-953f-4ec7-961c-b5fb70262ed5, a003b188-7dc9-4059-9c0b-63d4cf274a65, 348f56c8-2001-4f36-baa6-b5e732995fe9, b3498a0f-140c-4c77-b520-d6b5aa96969e, 56d9fc00-bdd9-492b-894e-5607c70ca353, 50f837ea-6414-4248-87da-7ead1fe46622, 1114f4ac-73ff-463b-a3e1-f80caac31990, 87733b6e-4eee-4d21-9e36-1f1c4b081388, df207a7a-8231-4b53-8ab5-55a30e03fbdb, b9bfed3f-c6e6-4a42-8a13-385327ba4b05, d53f8948-0081-424d-8492-5afebc93e47f, 53665f12-e3b4-4db8-a5bf-3576ac1590f2, a63279e9-68bf-4159-969f-09f68de4af6e, 5e21a6d1-ca50-405c-9eeb-8ee5781b1cc9, cfd51670-3315-407d-8e29-ddc08f8d70c7, 4d0e30f5-3b3e-4fc1-9c3c-24bbedb0dcd7, e85f781e-d36f-49b0-82c9-46fde09b5c93, 5072e900-9d8f-4ff3-a33b-9169bd564a1b, f58a3d17-32f3-4950-a674-5ce01da8c939, e24e00e7-1230-41da-8184-515ad2a498d7, 8b853e79-042d-417d-a5b4-50daaa95cfa5, 1b564285-eab4-43a6-b242-f8608b3af880, 5857fda5-ad28-4885-9aab-a38e54f70fdd, f0fcbb8b-7bd4-4f87-875f-8401b39d1e1f, 2197bab1-f530-4e96-bbb9-d7456b999d74, c562058d-e257-4365-ba34-6b6a8db451fc, 50cf6602-f931-4c62-a039-44016ec07b12, e2c5712c-3287-4aab-b600-229b5aeea7a7, 61086ea1-026f-4fdc-b029-a6bf69dcc0cb, de2ed8fb-6ee9-4226-b2ec-871935764181, 6b8e3ccb-8952-41c3-aa9b-8eb9511acd50, 24d62a69-c04a-4ef6-998a-36e86b149617, fbdcaf15-049b-45b5-8464-b5b26c33e525, 5e8307e1-2769-4207-90d4-900a75a7e86f, 77d23d58-4ced-4c50-8b43-9ca8aa3a42c1, c94b286c-6ef1-4d35-8cdb-6239e5f97ef9, 3b32348a-613f-4712-a331-cce751c570c4, 8accd7ab-f0ff-48fb-ab14-00d1510eb7a4, 4c64c942-433c-4e68-84fd-88a07a41aec3, 4d1e5697-4689-4f9d-8b8d-98f08dbae7a8, 3ded3cd8-0a91-451b-b133-cd7fd6f43d3c, 51160ea9-4681-46f5-a162-37563dceaf01, bb16e557-8547-4ff0-99bd-8f0c2d2c1a75, 6df67bf4-23f9-4627-b72c-c2bde13f0198, 979c3cc4-fb68-4b6b-bc84-a67bfe32f63d, f1f8cb15-73bd-40be-932e-d8f9ab88d536, 06a95e5e-4a89-45fe-ad41-f00b74900e0e, 5c9a9ea2-fada-4021-b46e-371289f52472, 470257c3-d220-456a-9f3c-474202351a57, 964cde1e-7f1c-4252-9f9d-9cfb97c82851, 7f980968-90ed-40b5-b52e-11e912abdf40, 4dd8e85a-ead1-4bce-9edc-065e4ac51385, 83e3d1a4-92ed-4908-b6ff-02f82a9f8951, 07fad9e0-d44d-4585-9af9-0440fa3367fe, 516832b4-e684-486c-82b5-4d1f543208c0, b2bf96b6-8932-4f2c-a1d0-8ff01a0de8e2, e3d74d3d-37f5-44fe-8bcb-b67ea1df4ced, a83e565c-be9b-4222-9e13-f6b91e494dca, 784803eb-dfbd-4a5b-bc36-2134c7e881c6, b9d26aa7-2d4a-4993-8c19-96c044879662, 4b7b8926-5fe0-46aa-9318-d1a0837c975c, 14bcd2f2-e0bd-41ab-bd99-bbf9f92bb115, d70702f2-7544-4ba0-8134-0da2c0277d66, 8fca5d26-5525-4190-ba7f-65a2c0731357, 72f43743-cfcc-4606-a458-3a6b0e233f65, 14244765-882f-46c1-9a1d-a6a9cb152b43, d2dec5c9-8847-4934-b80b-1629b4a57e5d, dc73dc07-690a-4eb2-88a5-4d66f4f81f41, d43edfa5-d984-4927-a815-8a5c6fde8f7b, 51788e34-aaca-405b-a96f-1b4cbe9feece, f7b64b9f-2e63-40e5-82f2-72009008a489, e4ba1c14-096b-42ee-9d5b-8b6b2715a5d4, 03a3fd15-9720-4206-bc02-bd2e4848cf31, d46e0bd2-7815-41c6-8fd6-776a53b61d6b, 9a9ba88b-043e-4dea-bd82-0496ae82f46d, eff1fc85-eb49-4a2d-974c-a19a0f02b951, 159bd5bc-baee-402e-b814-b1f39ba6b7a7, e4db3f5d-b83c-44a2-8f06-a6084ee1ab22, 55e284c6-9f2b-45d9-9e0a-0a70f1520c69, 0013161f-fcd2-4be0-88d9-00b9f661e087, 639b7670-c576-4ffc-a66f-3900b952f3d9, aa0e650b-ceb8-4dee-9bb1-1931de7299e7, 6a81f58c-4238-4581-b4c0-e3c0246fe0d8, d26d0367-0cb8-4f4d-b232-6231f1443ef1, ca1aff9b-95a2-480c-b293-a8b2f275f9d7, a51698a6-f39a-41eb-90df-36594e56c143, 18edca4f-3c16-40c8-8be3-a26377d8e64f, 554275b6-a495-44d9-872d-9b23ca5ca1e5, 56297603-59d1-4fb5-bea1-66c507d917e6, 136274fd-8b09-4a50-83d4-aa92ca68f393, 927666f2-7fbb-4c78-9e1e-e482c3751546",1713,0,PAYMENT_OUTSIDE_SYSTEM,Tidak,K34,SEKRETARIAT JENDERAL KEMNAKER,WA.2161.EBA.962.051.0F.521811,APBN,01KXD6JARMVECPV99YYX1C5EMK,108188994,66920257,93,01KB5J82H7JAYZZVS114N4352S,450938,0,2026-07-16T00:00:00Z,"Peningkatan Pengelolaan Urusan Tata Usaha dan Pelayanan Umum, ",efbb911a-59d7-54a0-816c-d0c9fbaa93e6.6OsVNRtw-x7ooXDg.A4lfbyO5QC5AHaEYE4Wlb9yWLCA1BRdQIy5ayzim-Ps
Konsumsi Peserta Pelatihan Project Based Learning,COMPLETED,2026,71c76d66-f086-46ee-a0d4-ab70c40c6e45,241,0,ON_PROCESS,Tidak,K34,BALAI BESAR PELATIHAN VOKASI DAN PRODUKTIVITAS BANDUNG,"DL.4057.SCO.003.051.0A.521211, DL.4057.SCO.003.051.0B.521211",APBN,01KW97H8JFKGN7Q9VREHY0779G,4771800,67393346,1,01J8QJDE31QWHQ6G14Z67Z28D5,452542,0,2026-06-29T00:00:00Z,"Peningkatan Penyelenggaraan Pelatihan Vokasi dan Pemagangan Binalavotas, ",efbb911a-59d7-54a0-816c-d0c9fbaa93e6.6OsVNRtw-x7ooXDg.A4lfbyO5QC5AHaEYE4Wlb9yWLCA1BRdQIy5ayzim-Ps
Pengadaan ATK LISTRAF Komponen C,COMPLETED,2026,"5bb01756-dad1-44f4-8a5b-b977b8a41174, 1e7b92ba-0eec-4927-b6be-6cc3bf4bc6a8, 4222559f-f5d8-4810-a2f0-615c2772de79, 68eed113-71ac-4747-a510-c6d8a77cfe90, a4773208-15a7-4313-939d-765cc9e7a354, 41a05462-e962-4032-af83-75d1c6dcde4b, 84ec8035-d9f2-4faf-9f46-0c245a727c4b, 46ce03ab-811f-48bb-ab0e-af17f55e7e57, 17e3a1a3-b1b6-45eb-803a-709dd69ec72a, 1b54fb9c-67d3-472c-aa88-04828feca4d1, 3a5cec64-128d-47ce-bedf-91f0c425d0eb, 5a7f7315-cfa1-4c46-8a69-57394f97ba0b, 732b4edb-b2ad-40e4-9804-1c1056051991, 278741bf-9391-47a1-a3ee-2445efa47909, 40a48643-52fe-468a-bb45-d2f889084e3f, 03c4b1e2-7772-4f56-89c1-be7ebb72f98f, b41734f0-1f86-4b9c-b25d-446713cd0ec3, 9a7f3fbb-f9be-4320-966d-c6ae489a0ae2, 70ced84b-6ec9-49a3-a584-4a979b3474ca, d8af9e5f-e81f-4c03-8c69-ef80af46419f, ffcae9b5-8ebd-4401-947a-1c476b6ab949, 1f4b73d9-c0e3-4095-98dd-a438bffd8972, 49986b3e-f8c1-4a9f-befa-04f1a8529783, 4725ebd4-ed73-4bad-8846-07e5a76c8057, 7c299ace-853f-4dd9-bb72-50ecf33ea6af, 73faa85b-6b15-4a73-936c-daf340d16d58, 25a0c346-ad29-4bef-a035-6e9e2479b21b, 9a55905a-7e85-4aa9-a824-9e94225c7613, 9bba450e-3e7c-4481-9ea5-1019246256c3, 9d773df4-b91e-4736-ae50-66283ea0cec3, a233878d-a0c7-4ece-90dc-f8782329bb41, 9fe50923-0f06-4cf2-ad20-5afa5fd1333c, 4dc71f9d-2c19-4dcd-854e-269af7dbad53, 90f41c59-5c5c-43fc-820a-a60cfd64ad01, eb9f6929-bbcd-4345-bfbd-b7aa34bed3ed, 243fcd7b-3c89-433e-b091-4d64556b7e15, 21708d93-376a-430f-b0b0-986617a8fa05",1376,0,COMPLETED,Tidak,K34,BIRO PERENCANAAN,WA.2160.AEA.002.055.0O.521211,APBN,01KZ5Z9498JKQEHJTHBE4436AW,78453690,66188034,37,01J5AS96C0SBQ7NRJ8Y0G53PWB,450922,42501011,2026-08-05T00:00:00Z,"Peningkatan Perencanaan Program dan Anggaran, ",efbb911a-59d7-54a0-816c-d0c9fbaa93e6.6OsVNRtw-x7ooXDg.A4lfbyO5QC5AHaEYE4Wlb9yWLCA1BRdQIy5ayzim-Ps
"Paket Meeting Fullboard Peserta, Penyelenggara dan Moderator",COMPLETED,2026,81e0324d-fe12-4daa-8d13-49822c65aaa1,85,0,COMPLETED,Tidak,K34,DITJEN. PEMBINAAN HUBUNGAN INDUSTRIAL DAN JAMINAN SOSIAL TENAGA KERJA,DN.6587.QDH.001.051.0A.524119,APBN,01KPDGF1C3S1EX32VMQEYYDHH8,69700000,66099505,1,01JWX3HTC3TZQX3WEAQAM0GT2Z,451270,0,2026-04-18T00:00:00Z,"Peningkatan Pembinaan Hubungan Kerja dan Penerapan Pengupahan, ",efbb911a-59d7-54a0-816c-d0c9fbaa93e6.6OsVNRtw-x7ooXDg.A4lfbyO5QC5AHaEYE4Wlb9yWLCA1BRdQIy5ayzim-Ps
Pengadaan Bahan Sertifikasi Lulusan (231 Paket),COMPLETED,2026,"26a39868-99b6-4663-9445-0dd8791addd0, 52c06a0a-1162-40be-869a-f86f94afaebf, ab5ad1f9-724a-4020-969e-a9c43e728713, 998c0458-dbfc-449e-9ed1-f87155d44f87, 56bab1cb-3649-4527-a091-4895a403829f, 0cb93240-55e1-4657-a214-76054428632b, 63e27dc7-8a48-40b7-8daa-fb215c03b5e8, 9caa512b-3143-48d5-80f0-dbcb838a72ba, 85524b69-12b4-4b9d-bec9-f2cf1266a82a, 7b047fa0-b940-4d9d-a7c0-1707c11fe788, fd54d993-18c4-4a48-b9a1-ab1e1089e15f, c8070e1f-5d64-4dac-bbfd-0ad8cc93c3cc, 87f6a325-81e7-42e3-933c-ba3673c66be3, 0de6d5cc-66c3-4540-aeb4-f567c5197116, be39e832-2314-4edb-8534-e3f3d6465a88, 55eb755c-5b94-4822-baff-4220513c3f58, 231b7930-46bc-451e-a009-f3ef38bf8861",156,0,COMPLETED,Tidak,K34,BALAI BESAR PELATIHAN VOKASI DAN PRODUKTIVITAS SERANG,"DL.4053.PDI.002.051.0A.521211, DL.4053.PDI.002.051.0B.521211, DL.4053.PDI.003.051.0A.521211",APBN,01KWJYWZXAGWQ3TMKCYC6YTF3N,22062693,63091859,28,01JRS73EC81MM9JM6Z4608CME9,426531,26434127,2026-07-07T00:00:00Z,"Pengembangan Sistem dan Pelaksanaan Sertifikasi Kompetensi Profesi Binalavotas, ",efbb911a-59d7-54a0-816c-d0c9fbaa93e6.6OsVNRtw-x7ooXDg.A4lfbyO5QC5AHaEYE4Wlb9yWLCA1BRdQIy5ayzim-Ps
Belanja Pengadaan Pakaian Kerja Peserta UPTD BLK Disnaker Sragen,COMPLETED,2026,f2c36222-cc6d-4c2b-b33c-69c51e04c7a1,32,0,PAYMENT_OUTSIDE_SYSTEM,Tidak,K34,BALAI PELATIHAN VOKASI DAN PRODUKTIVITAS SURAKARTA,DL.4057.SCO.011.054.0A.521211,APBN,01KNR77WV5053F7V3RZPMQHTZ2,4672017,66299553,1,01JR9NJ3E5JK5JKT4A18PYKCVK,035636,0,2026-04-10T00:00:00Z,"Peningkatan Penyelenggaraan Pelatihan Vokasi dan Pemagangan Binalavotas, ",efbb911a-59d7-54a0-816c-d0c9fbaa93e6.6OsVNRtw-x7ooXDg.A4lfbyO5QC5AHaEYE4Wlb9yWLCA1BRdQIy5ayzim-Ps
Konsumsi Peserta Pelatihan 180 JP Reguler PNBP,DRAFT,2026,116f359b-901a-45f8-a60d-2712a0806444,270,,CANCELLED,Tidak,K34,BALAI BESAR PELATIHAN VOKASI DAN PRODUKTIVITAS MEDAN,DL.4057.SCO.005.052.0A.521211,APBN,01KVJM5RZB2PN95MJSASN6B2MZ,5386500,66121303,1,01JDRRYY3RKB31B6D8MQTVFZK7,451094,5079026,2026-06-21T00:00:00Z,"Peningkatan Penyelenggaraan Pelatihan Vokasi dan Pemagangan Binalavotas, ",efbb911a-59d7-54a0-816c-d0c9fbaa93e6.6OsVNRtw-x7ooXDg.A4lfbyO5QC5AHaEYE4Wlb9yWLCA1BRdQIy5ayzim-Ps
Belanja Pengadaan Konsumsi Peserta Pelatihan UPTD BLK Disnaker Sragen,COMPLETED,2026,2bf4d0f0-b2b9-462f-a99d-db980ebeaad2,1216,0,PAYMENT_OUTSIDE_SYSTEM,Tidak,K34,BALAI PELATIHAN VOKASI DAN PRODUKTIVITAS SURAKARTA,DL.4057.SCO.011.054.0A.521211,APBN,01KNR8P8SBHMMM0DS11QAHT68F,24320000,66305539,1,01JEQEEJE65GZYS2CSFG39P481,035636,203228,2026-04-10T00:00:00Z,"Peningkatan Penyelenggaraan Pelatihan Vokasi dan Pemagangan Binalavotas, ",efbb911a-59d7-54a0-816c-d0c9fbaa93e6.6OsVNRtw-x7ooXDg.A4lfbyO5QC5AHaEYE4Wlb9yWLCA1BRdQIy5ayzim-Ps
"Paket Pertemuan Fullboard Peserta, Moderator, dan Penyelenggara BIMTEK PENCATATAN DAN VERIFIKASI SERIKAT PEKERJA/SERIKAT BURUH",COMPLETED,2026,e62d26a4-7824-4761-bf4f-abd41510ba54,110,0,PAYMENT_OUTSIDE_SYSTEM,Tidak,K34,DITJEN. PEMBINAAN HUBUNGAN INDUSTRIAL DAN JAMINAN SOSIAL TENAGA KERJA,DN.2179.BDC.007.051.0A.524119,APBN,01KHWKXD1W559CF50T2GJHRWMJ,81950000,63841797,1,01JSBQK19RNJMX2J0RRDJ84GGY,451270,0,2026-02-24T00:00:00Z,"Penguatan Kelembagaan dan Pencegahan Perselisihan Hubungan Industrial, ",efbb911a-59d7-54a0-816c-d0c9fbaa93e6.6OsVNRtw-x7ooXDg.A4lfbyO5QC5AHaEYE4Wlb9yWLCA1BRdQIy5ayzim-Ps
Pengadaan Bahan Sertifikasi Lulusan (231 Paket),COMPLETED,2026,"3ec29421-1b00-47ae-a239-10daab0ff529, 9caa512b-3143-48d5-80f0-dbcb838a72ba, ed9c53ec-fda8-40c6-9acb-21d985574a76, 9cf8544d-6241-45f7-bb57-b27e07de2e59, be39e832-2314-4edb-8534-e3f3d6465a88, 55eb755c-5b94-4822-baff-4220513c3f58, c679bf36-d219-4424-b0a3-b08ae90b99d7, 63e27dc7-8a48-40b7-8daa-fb215c03b5e8, 26a39868-99b6-4663-9445-0dd8791addd0, 067d59a5-b089-47fe-8e81-0388d0cbbe3c",158,0,COMPLETED,Tidak,K34,BALAI BESAR PELATIHAN VOKASI DAN PRODUKTIVITAS SERANG,"DL.4053.PDI.002.051.0A.521211, DL.4053.PDI.002.051.0B.521211, DL.4053.PDI.003.051.0A.521211",APBN,01KWK3EPF7K46Y8TH27X7KQCRZ,26383368,63091859,21,01JRS73EC81MM9JM6Z4608CME9,426531,26434127,2026-07-07T00:00:00Z,"Pengembangan Sistem dan Pelaksanaan Sertifikasi Kompetensi Profesi Binalavotas, ",efbb911a-59d7-54a0-816c-d0c9fbaa93e6.6OsVNRtw-x7ooXDg.A4lfbyO5QC5AHaEYE4Wlb9yWLCA1BRdQIy5ayzim-Ps
Belanja Bahan Pelaksanaan Sertifikasi Lulusan Pelatihan ,COMPLETED,2026,"b4e7e17f-aeb9-414a-b523-0fc66277fa61, cf0a6d8e-f019-424b-91b8-9f1bc16fdd24, 8de89cff-0f67-41e7-9b91-b7460bc317a1, b6eebaa8-df5b-4549-960f-d34a41014e80, b7f973a3-6073-4ac5-af38-77a05b390ef5, 24a46f19-6e0d-4c06-a85b-b9df69e79db4, ae6327af-6a8e-4b1f-b68b-0abcb613934f, 391180f6-885c-44e6-a027-1988985fd861, 7ae2e2f3-7131-468e-bb19-7ad518a71bf1, 4cb3ae6d-8a27-4718-ae3e-b993f3899d62, 8f0c76a3-f5da-48ce-b523-ee2f05fb9505, 816f6170-c043-40f7-8f04-4e1c711ec700",60,582750,COMPLETED,Tidak,K34,BALAI BESAR PELATIHAN VOKASI DAN PRODUKTIVITAS SEMARANG,DL.4053.PDI.002.051.0B.521211,APBN,01KWC6CCW4C90JZ7RP8QCNHKCD,1724940,62801553,12,01J81QPN27R0FDVY86ZEFZ77TW,452609,2502042,2026-06-30T00:00:00Z,"Pengembangan Sistem dan Pelaksanaan Sertifikasi Kompetensi Profesi Binalavotas, ",efbb911a-59d7-54a0-816c-d0c9fbaa93e6.6OsVNRtw-x7ooXDg.A4lfbyO5QC5AHaEYE4Wlb9yWLCA1BRdQIy5ayzim-Ps
"Pakaian Kerja PBK Teknisi dan Reguler Bidang TIK, Industri dan Jasa, Infrastruktur,  Pariwisata dan Industri Kreatif,  Pertanian dan Perikanan.",COMPLETED,2026,fff5c51a-9344-4e8c-a542-9252d1ddd16f,128,0,ON_PROCESS,Tidak,K34,BALAI PELATIHAN VOKASI DAN PRODUKTIVITAS BANDA ACEH,"DL.4057.SCO.003.054.0A.521211, DL.4057.SCO.004.052.0A.521211, DL.4057.SCO.004.054.0A.521211, DL.4057.SCO.005.052.0A.521211, DL.4057.SCO.005.054.0A.521211, DL.4057.SCO.006.052.0A.521211, DL.4057.SCO.006.054.0A.521211, DL.4057.SCO.007.054.0A.521211",APBN,01KXYKS408KKS0SBYQR5FNV59W,21738240,66456574,1,01JCTMQA7CXPF96TWY5F54W8C9,065106,4333020,2026-07-23T00:00:00Z,,efbb911a-59d7-54a0-816c-d0c9fbaa93e6.6OsVNRtw-x7ooXDg.A4lfbyO5QC5AHaEYE4Wlb9yWLCA1BRdQIy5ayzim-Ps
"Paket Fullboard Moderator, Penyelenggara, dan Peserta TANPA SUB KOMPONEN  ",DRAFT,2026,f47b809e-dce0-45f4-8144-5868fdef709a,180,,CANCELLED_ON_NEGOTIATION,Tidak,K34,DITJEN. PEMBINAAN HUBUNGAN INDUSTRIAL DAN JAMINAN SOSIAL TENAGA KERJA,DN.2179.BDC.001.051.0A.524119,APBN,01KKTRQJDMMM7T8ZMMGJKJTKN4,162000000,65992194,1,01JCJR2Q7V32SBTBZKTYTPP9AP,451270,78913009,,"Penguatan Kelembagaan dan Pencegahan Perselisihan Hubungan Industrial, ",efbb911a-59d7-54a0-816c-d0c9fbaa93e6.6OsVNRtw-x7ooXDg.A4lfbyO5QC5AHaEYE4Wlb9yWLCA1BRdQIy5ayzim-Ps
Pengadaan Paket Fullboard Meeting Luar Kota LISTRAF Komponen C,DRAFT,2026,"ae1b6f5a-b317-43e0-916d-07ad0c1872f8, a44059bc-8caf-483c-8b31-22f2af12df5b",50,,CANCELLED_ON_NEGOTIATION,Tidak,K34,BIRO PERENCANAAN,WA.2160.AEA.002.055.0O.524119,APBN,01KQ5TDY1PYBB4C9M8HPRG16NM,60200000,65584502,2,01KEC4SAHA38HQDNW02WGQSST4,450922,0,,"Peningkatan Perencanaan Program dan Anggaran, ",efbb911a-59d7-54a0-816c-d0c9fbaa93e6.6OsVNRtw-x7ooXDg.A4lfbyO5QC5AHaEYE4Wlb9yWLCA1BRdQIy5ayzim-Ps
Paket Meeting Penguatan Pemanfaatan Analisa Pasar Kerja Daerah,COMPLETED,2026,bfb0e981-6b22-41d1-b032-6e69b6add280,88,0,ON_PROCESS,Tidak,K34,DITJEN PEMBINAAN PENEMPATAN TENAGA KERJA DAN PERLUASAN KESEMPATAN KERJA,DN.2173.QMA.002.051.0B.524119,APBN,01KY6WVVZ32A1CWJ6XYX57WX2Z,105336000,67089087,1,01JWBCNH9AHC3V2J8YS213ZKZ8,451139,0,2026-07-27T00:00:00Z,"Penempatan Tenaga Kerja, ",efbb911a-59d7-54a0-816c-d0c9fbaa93e6.6OsVNRtw-x7ooXDg.A4lfbyO5QC5AHaEYE4Wlb9yWLCA1BRdQIy5ayzim-Ps
Bahan Pelatihan Pengoperasian Mesin CNC 360 JP,COMPLETED,2026,2c99c84e-c34f-48f8-8982-e496817535a5,1,277500,ON_PROCESS,Tidak,K34,BALAI PELATIHAN VOKASI DAN PRODUKTIVITAS SIDOARJO,DL.4057.SCO.003.052.0A.521211,APBN,01KN1JS3WZ9M5ANWWXZWW57XZ4,38683500,66471654,1,01JTA68VBS06V6Y03MQYXWE6TD,050302,0,2026-04-02T00:00:00Z,"Peningkatan Penyelenggaraan Pelatihan Vokasi dan Pemagangan Binalavotas, ",efbb911a-59d7-54a0-816c-d0c9fbaa93e6.6OsVNRtw-x7ooXDg.A4lfbyO5QC5AHaEYE4Wlb9yWLCA1BRdQIy5ayzim-Ps
Bahan Pelatihan Batch 2 _ BLK Sukoharjo,COMPLETED,2026,"b8ba79e2-d9b4-497d-867e-112984fd3ab5, 800807c8-17c1-4cfb-ab66-70b05e6f599f, a6860307-d5cf-4992-aa33-fe0d728d9aa8, b48a0704-06d6-4a5b-a8fe-5d97a9103f6c, 5333918d-fc14-4123-9900-f453d8204ead, e0d52e6d-1f37-44a8-834e-9e0cf6480ce7, 97a239a9-1294-4e53-97ed-1616af08eeb5, ae9de28e-e12f-47e9-920a-09e7585ec82b, 2ad29388-3045-44eb-b165-bea2565ef1a0, fce0e9f4-c736-421a-b23e-8d27b2386efe, adabe08a-f89a-492c-8f75-09bc0cd0642d, 66728117-bd76-44d5-8039-e467aa88c370, 13610454-195c-4630-8c07-0dc5ae189f2b, c9b94008-72f8-4159-9e33-98a3fdd7ce65, 07e3330d-7ca0-486c-8346-979cc745797e, 79092a5e-85f6-4977-8da8-de8698c1f40e, 1de2c5d2-135b-44be-9652-177d5c6de00c, 2863521f-98bb-4daf-b74f-12b47ef349a1, bed983a3-49e7-4992-b7a6-fb280411b6b5, 794f33f4-fc91-4fa7-9b60-d04d05bc30c8, 8149291f-24c8-4a0f-be55-8512638a978b, 5e1bb4b7-a1f7-4078-9bfc-3eafca7309d7, 8be8b5df-f491-4581-bc4c-700ec936da85, 3b5a8f65-3991-460c-a603-7a596d710870, 37c94f55-e7b3-47dd-84fe-80e5d8c408d6, c89e4ac9-c0c8-4c35-b18b-131a9a06cf63, 16347cd1-9b23-44e1-80f9-47ee9d9ea2d1, e1493877-4972-4e73-a0b4-94cf7e8e380a, 839c91bb-74d0-4c92-b5cc-b94974f75831, 7a8a57f1-6c77-4f5a-8db8-a6962e3739b3, c750a28e-e205-4009-b29c-e78b0f3faf40, 34786006-c714-407a-ace1-60dc673fac31, add5f990-0a80-4863-add6-2102a861ffb7, 4ff28daf-fab0-466d-903b-b330503796db, 1c94b1a9-2703-4217-9ac1-bc3570aed9c9, 645f64e6-92a6-43bc-99bb-5fb400150ef0, 91b3445a-804a-477e-84f2-894562bb00df, ee7363b7-320c-4fe1-94ce-0f2e9476fd2c, ec6e5515-5d45-47c6-bdcb-2b956ed72384, d7af00bb-24b7-4add-9c42-7a7c6bd7ac09, 54019b9d-50b1-463e-8207-b6b01e85773f, 73d5643b-99da-42d6-a3b5-9bc259eb7686, 6e14e824-70be-431c-9919-15539b7b02f4, 647e3067-a000-4fe2-a702-aa65f4ebb603, 4c464070-5cee-4862-94bc-4c0e97f7e792, 0ab7b695-0610-4e88-85fd-eb34492d5217, 7f16ff3b-a602-4d5f-8df9-be4c535c8977, 06f0c425-891d-44e0-98b5-4fdf0a3da1ef, 456d3598-c1ba-45d6-b514-4a7e350d5ff6, 0c1bf37c-3dad-441f-9c7f-4ed23dc71e76, 14ea9c7f-34d8-4657-8b2c-bdf26eef1efb, 086d7c82-3ee8-4f2a-92cf-07bbdc2fd42d, 84f9e3ec-2a9c-4853-985f-43b5a817ae84, e60575d1-7873-4d1d-aa6e-be3d3448c6e7, 3b7a1d78-595e-4138-8d4c-094ea4aa6fac, fb847656-4528-4d08-b940-9819529cabcd, 87ec5a60-dbdd-4cef-98c1-70fbec4656ab, 646e4d5c-f451-4615-82f3-3e5594c8b8e1, a0c37f61-e837-4070-af4b-cd637ce958a0, 49948de3-6ed2-46a2-91b6-ee0bff90c0bc, 2aafd550-005f-4cc4-8e91-66ddcd291ccf, 7f49d334-86be-4b3f-bf8b-70c2a2c5c289, 63260e23-6d0b-4ed8-9aa2-d18053906acf",1081,0,ON_PROCESS,Tidak,K34,BALAI PELATIHAN VOKASI DAN PRODUKTIVITAS SURAKARTA,DL.4057.SCO.011.075.0A.521211,APBN,01KVYKCVHJV67081NJ1KMGXTC8,29523503,66617518,63,01JY2XMKWKJPNGGFSZN29FPRAW,035636,0,2026-06-29T00:00:00Z,"Peningkatan Penyelenggaraan Pelatihan Vokasi dan Pemagangan Binalavotas, ",efbb911a-59d7-54a0-816c-d0c9fbaa93e6.6OsVNRtw-x7ooXDg.A4lfbyO5QC5AHaEYE4Wlb9yWLCA1BRdQIy5ayzim-Ps
Konsumsi Peserta Pelatihan Vokasi Nasional (RM),BUYER_CONFIRMED,2026,32bcb72b-4cb4-40a5-9695-ad3b5acbf93c,5969,0,ON_PROCESS,Tidak,K34,BALAI BESAR PELATIHAN VOKASI DAN PRODUKTIVITAS BANDUNG,DL.4057.SCO.003.052.0A.521211,APBN,01KVPGZ602X6QZNC6EHHKKKJQG,118186200,67334826,1,01JWTEQ40PFZ81CS5YNZDNRBMH,452542,0,2026-06-22T00:00:00Z,"Peningkatan Penyelenggaraan Pelatihan Vokasi dan Pemagangan Binalavotas, ",efbb911a-59d7-54a0-816c-d0c9fbaa93e6.6OsVNRtw-x7ooXDg.A4lfbyO5QC5AHaEYE4Wlb9yWLCA1BRdQIy5ayzim-Ps
Pengadaan Pakaian Kerja dan Kaos Peserta Pelatihan (189 Paket),COMPLETED,2026,"dbed8759-b7be-4c27-a876-fd30e16cfc2c, ff913ca8-4573-41e9-b773-b4dd2a09f116",369,0,COMPLETED,Tidak,K34,BALAI BESAR PELATIHAN VOKASI DAN PRODUKTIVITAS SERANG,"DL.4057.SCO.003.051.0A.521211, DL.4057.SCO.003.051.0B.521211, DL.4057.SCO.003.052.0A.521211, DL.4057.SCO.003.052.0C.521211, DL.4057.SCO.003.053.0A.521211, DL.4057.SCO.003.053.0B.521211, DL.4057.SCO.003.054.0A.521211, DL.4057.SCO.005.052.0A.521211, DL.4057.SCO.005.052.0C.521211, DL.4057.SCO.007.052.0A.521211, DL.4057.SCO.007.052.0C.521211, DL.4057.SCO.008.052.0A.521211, DL.4057.SCO.008.052.0B.521211, DL.4057.SCO.035.051.0B.521211, DL.4057.SCO.035.054.0B.521211, DL.4057.SCO.035.055.0B.521211, DL.4057.SCO.035.056.0B.521211",APBN,01KMZHS43HK5V5G3M9F74PJTH3,52909260,63093792,8,01JBGDSJNXNZCRFFDHX1P49CE2,426531,16727127,2026-03-31T00:00:00Z,"Peningkatan Penyelenggaraan Pelatihan Vokasi dan Pemagangan Binalavotas, ",efbb911a-59d7-54a0-816c-d0c9fbaa93e6.jYVoHwxo9rakWpVp.hHq02EMFcv8vy4PuLA0f5trcv3y4aJZGF6kmvW_9HjE
Pengadaan Bahan Pelatihan Vokasi UPTP RM (60 Paket),COMPLETED,2026,"cf670dc4-225b-41e1-a4ed-3a0be9410215, 6a3d5925-63d3-455b-a96a-2f9cf652adbc, b439b1da-f0f3-4690-9176-4de6b6e99bc1, 83af4f2b-9ad2-4b46-b602-acf1f1de0b8a, ccd0a4e1-f28a-467e-8ffa-dcb76593a882, a36d80b7-69c5-4475-9257-b370c2c0cd8a, 356be4f9-98bb-4e86-bc64-17b2888f3d8b, 64d2fbc8-2884-4bbb-9d0f-e77130b9fcb6, f03a365e-db3b-4a07-8c01-df3b7417e764, 09c824a4-3ff0-4f55-8513-b287b3fba8a2, 26844750-7ef1-4868-9370-1b96d382a8ac, 95bf3fba-daf6-45c6-b791-914d72003d59, 291c3b06-f6df-484a-bd36-579841c46a17, 63009d5b-51d9-48aa-b566-994fd2531dd3, e20d875c-e9de-4a74-aa29-8bd71b51cbd1, 798a1fd0-e192-4898-858e-ef09bea798e9, 340e8e87-1c22-4b2e-a5a2-a5ca92b3894a, b3753847-d642-4622-b43f-5415b41ea2e6, 67731e41-6480-4741-8614-b9589e57339f, c35e9517-7738-4727-a828-bd86d413661e, 79c9e50e-eee1-4c24-810d-58eb361352c5, c79e8e8f-d37b-4b96-a2ff-d2732c15d73a, 111319e9-f0b6-438e-aa07-f3b4d6c07822, 5cf2dcd6-e8ac-468e-a1e0-617cc027cad3, e7bbd603-12fe-4bd3-8227-9ec627114786, 638af594-401d-4ce5-b4d3-ddce69b9edc5, e84a5583-2a23-4f9e-a3eb-3eea43572b70, 9bf4ceb8-d00f-4bfa-99b4-2fe4621c1856, 89e17c9e-e59c-44ce-ad0f-47bd65fe0cb0, 8fdb6c41-73b9-4bcc-b8d4-df868fbe8d6f, 4c7c798b-fe80-4133-8cf5-1f0133359c33, 721adb97-f304-4c40-854f-4e89118ffb48, 9d6d9402-78b7-41b6-9e39-53bf60d3f90f, a34baf81-7409-462a-bb08-2695c859085a, 38dc6c03-595d-4300-bbae-6c1cc12835c0, 8b17d058-a2b5-43e9-ac76-7e0bf7650305, a4a55ca0-15bb-41a8-8a73-ea1e6217bcb2, cd3d2bd0-c397-4fbb-ba23-234b4f50bfff, 56e1cea1-7f35-4ada-bb30-512f5af84316, d029e1ff-6e45-4b1b-b50e-d918123e703e, cebcea5d-d0e2-405b-9ac0-2e7c6161650a, 03ad1be5-0d58-4c48-b256-1569f963da68, b6b5a251-dfaa-40b8-b221-4d1771d91ac5, 0da21806-f65c-4a94-bdc2-4fe406caf6d0, 32658e5d-a28c-414e-8551-610ce51a36ea, 6a2c3547-5f2f-42fe-b65c-6eb6342b3863, f58eade5-9388-494f-bdcc-e00757757a7f, 357eeec2-e235-473a-942b-4eac582ae09f, bcac6597-47c1-491b-9421-3da5484d84b0, 6dfb0968-b325-46f7-a4bc-b8919e254d1f, 11d91deb-e42a-4d42-ba28-066fac6c8a32, 416f6cac-782a-4674-86d7-c9f36c42d72b, da9dbb1c-6eeb-4027-b3cf-3f96cf32b8f8, 14fab7f1-ca17-4f00-a508-c50410a5e7ff, bcccf355-51c5-4e5e-bd15-8a2760e4922f, 4d1bdcbb-fae3-4d8b-882d-489ef74d6ee4, 255c6e19-3c4b-49ab-b235-95cfe7629985, 9747e34f-9c7b-444f-82d0-ce5bc8ec616e, 2d86d890-589a-42a5-a504-db8fb6f035a4, eb0090b3-b93a-4006-bdbe-cf0898e23db8, f34b0d46-dbff-45c0-b82f-b5a2551ef0f1, b7d8af70-9fe8-49ec-84d1-38a79a1ced4a, ecad9d6b-d0fc-48ec-8582-196550305b39, 8fcb6a8a-0f20-4512-a24d-5c8fcc903455, 1410d029-028c-4f6b-80c3-4eee010b16f2, 31209d57-7c46-4daa-9137-b1af86fc181a, bc3380b3-39f2-4986-9210-b92b5a6b1dd0, b158d543-f211-4643-922d-d0c0a42cee59, ba92741a-f16a-4f9a-84ad-7bc2f5818bb9, d728d8f2-4a0d-4fd6-bcf3-6918d8e8757b, dab733fc-fb5f-458c-8c0e-572741b5b8f1, 6684814c-5b17-43b3-80b6-453c284ee5d2, 2de4022d-7bf6-4ac9-962d-76a26cabfeeb",4401,0,COMPLETED,Tidak,K34,BALAI BESAR PELATIHAN VOKASI DAN PRODUKTIVITAS SERANG,"DL.4057.SCO.003.051.0B.521211, DL.4057.SCO.003.052.0A.521211, DL.4057.SCO.003.052.0C.521211",APBN,01KV5SSRMJC6RQY28T75D294S5,298253781,66342568,86,01JA5A03NNYR55WA0Y7544VQ01,426531,24382119,2026-06-17T00:00:00Z,"Peningkatan Penyelenggaraan Pelatihan Vokasi dan Pemagangan Binalavotas, ",efbb911a-59d7-54a0-816c-d0c9fbaa93e6.jYVoHwxo9rakWpVp.hHq02EMFcv8vy4PuLA0f5trcv3y4aJZGF6kmvW_9HjE
Fullboard Paket Meeting - Persiapan Pelaksanaan Penyaluran Bantuan Kegiatan Padat Karya - Penyusunan Juknis Padat Karya,COMPLETED,2026,b1e229f6-4d04-46d5-9f9c-e191e48a7bc3,56,0,COMPLETED,Tidak,K34,DIREKTORAT BINA PERLUASAN KESEMPATAN KERJA,DN.2175.BDC.002.051.0A.524114,APBN,01KJVW18QRZBT7V77PD4MPPGCF,56000000,65906250,1,01JWATA9SKZVDA022CGSQKZ3CY,626041,0,2026-03-05T00:00:00Z,"Perluasan Kesempatan Kerja, ",efbb911a-59d7-54a0-816c-d0c9fbaa93e6.jYVoHwxo9rakWpVp.hHq02EMFcv8vy4PuLA0f5trcv3y4aJZGF6kmvW_9HjE
"Paket Pertemuan Fullboard Peserta, Moderator dan Penyelenggara Luar Kota Optimalisasi, Koordinasi, dan Konsolidasi Tim Deteksi Dini ",COMPLETED,2026,f992ab71-6adc-4548-944b-72c1e4a97ecb,157,0,PAYMENT_OUTSIDE_SYSTEM,Tidak,K34,DITJEN. PEMBINAAN HUBUNGAN INDUSTRIAL DAN JAMINAN SOSIAL TENAGA KERJA,DN.2179.QIH.001.051.0E.524119,APBN,01KMQ3ET0DZCJ7246PYA7R2RC4,128740000,65992087,1,01JRSNQD9YF1EP3DWHF4FXSXBF,451270,7266036,2026-03-30T00:00:00Z,"Penguatan Kelembagaan dan Pencegahan Perselisihan Hubungan Industrial, ",efbb911a-59d7-54a0-816c-d0c9fbaa93e6.jYVoHwxo9rakWpVp.hHq02EMFcv8vy4PuLA0f5trcv3y4aJZGF6kmvW_9HjE
Belanja Pengadaan Bahan Pelatihan UPTD BLK Disnaker Sragen,COMPLETED,2026,2ae2e5ac-92bb-48be-9007-f21007774b6d,1,0,PAYMENT_OUTSIDE_SYSTEM,Tidak,K34,BALAI PELATIHAN VOKASI DAN PRODUKTIVITAS SURAKARTA,DL.4057.SCO.011.054.0A.521211,APBN,01KNR9RB4FR5999ZXW4ZRRG5ZA,49500000,66305314,1,01JR9NJ3E5JK5JKT4A18PYKCVK,035636,0,2026-04-10T00:00:00Z,"Peningkatan Penyelenggaraan Pelatihan Vokasi dan Pemagangan Binalavotas, ",efbb911a-59d7-54a0-816c-d0c9fbaa93e6.jYVoHwxo9rakWpVp.hHq02EMFcv8vy4PuLA0f5trcv3y4aJZGF6kmvW_9HjE
Belanja Jasa Lainnya atas Tenaga Alih Daya Biro Hukum,DRAFT,2026,"1ed04bff-6342-41fa-9cf8-ff9adba859c9, 010dac7d-5e20-4b33-8b1b-78c25938a88c, 6041a9e7-7393-4333-a420-f0467782e0ae",3,,CANCELLED_ON_NEGOTIATION,Tidak,K34,SEKRETARIAT JENDERAL KEMNAKER,WA.2158.EBA.994.002.0G.522191,APBN,01KG4720P5W959WM1J98ANV8R5,258053440,63650044,3,01JET10AAPJGW6SSP1CK73MJCH,450938,7915047,,"Peningkatan Pengelolaan dan Pelaporan Keuangan, ",efbb911a-59d7-54a0-816c-d0c9fbaa93e6.jYVoHwxo9rakWpVp.hHq02EMFcv8vy4PuLA0f5trcv3y4aJZGF6kmvW_9HjE
Pengadaan Bahan Pelatihan Vokasi UPTP RM (60 Paket),COMPLETED,2026,"4d1bdcbb-fae3-4d8b-882d-489ef74d6ee4, 31209d57-7c46-4daa-9137-b1af86fc181a, ccd0a4e1-f28a-467e-8ffa-dcb76593a882, 24d03dec-e439-4518-8d63-c5656465eada, 7505f977-f240-4d08-a894-13f032ff55bb, 3f3a3b28-d320-49e3-b279-70b10e602502, b3753847-d642-4622-b43f-5415b41ea2e6, 416f6cac-782a-4674-86d7-c9f36c42d72b, 0ed66c40-6b44-4660-909f-2bf8d063fd1e, 56e1cea1-7f35-4ada-bb30-512f5af84316, b63cdd0d-2a94-4c45-8a8c-a16ce0f1b67e, 2d86d890-589a-42a5-a504-db8fb6f035a4, e0645eb4-7b65-4581-aca2-3d86a0ae9c33, 83af4f2b-9ad2-4b46-b602-acf1f1de0b8a, 09c824a4-3ff0-4f55-8513-b287b3fba8a2, 14fab7f1-ca17-4f00-a508-c50410a5e7ff, c79e8e8f-d37b-4b96-a2ff-d2732c15d73a, 6a2c3547-5f2f-42fe-b65c-6eb6342b3863, 32658e5d-a28c-414e-8551-610ce51a36ea, e7bbd603-12fe-4bd3-8227-9ec627114786, 4c7c798b-fe80-4133-8cf5-1f0133359c33, ea614a37-56be-481b-b5c9-f15d361cf624, b6b5a251-dfaa-40b8-b221-4d1771d91ac5, 7b555434-4a81-45d7-a5a7-1f5e60f9707b, bcac6597-47c1-491b-9421-3da5484d84b0, d61b361c-82ff-41f7-95e7-4c1506bf37b1, 8fcb6a8a-0f20-4512-a24d-5c8fcc903455, 8fdb6c41-73b9-4bcc-b8d4-df868fbe8d6f, f34b0d46-dbff-45c0-b82f-b5a2551ef0f1, c25432aa-0438-4b8c-8345-b63a4bf725ec, d728d8f2-4a0d-4fd6-bcf3-6918d8e8757b, b7d8af70-9fe8-49ec-84d1-38a79a1ced4a, a36d80b7-69c5-4475-9257-b370c2c0cd8a, b439b1da-f0f3-4690-9176-4de6b6e99bc1, 356be4f9-98bb-4e86-bc64-17b2888f3d8b, 6e3a2151-e38f-4c17-a5f5-0a099eb6dc68, 6684814c-5b17-43b3-80b6-453c284ee5d2, 357eeec2-e235-473a-942b-4eac582ae09f, 6dfb0968-b325-46f7-a4bc-b8919e254d1f, 9d6d9402-78b7-41b6-9e39-53bf60d3f90f, 0da21806-f65c-4a94-bdc2-4fe406caf6d0, 44a35118-91f6-4fa5-bff0-df94c35ec53a, cebcea5d-d0e2-405b-9ac0-2e7c6161650a, bc3380b3-39f2-4986-9210-b92b5a6b1dd0, cf3a882d-9ed9-4ecf-b726-198039cd6323, ecad9d6b-d0fc-48ec-8582-196550305b39, 79c9e50e-eee1-4c24-810d-58eb361352c5, 26844750-7ef1-4868-9370-1b96d382a8ac, cd3d2bd0-c397-4fbb-ba23-234b4f50bfff, 9747e34f-9c7b-444f-82d0-ce5bc8ec616e, 38dc6c03-595d-4300-bbae-6c1cc12835c0, 721adb97-f304-4c40-854f-4e89118ffb48, c35e9517-7738-4727-a828-bd86d413661e, a3997c3f-d405-40e6-bd7b-fe46ad66aaa8",2328,0,COMPLETED,Tidak,K34,BALAI BESAR PELATIHAN VOKASI DAN PRODUKTIVITAS SERANG,"DL.4057.SCO.003.051.0B.521211, DL.4057.SCO.003.052.0A.521211, DL.4057.SCO.003.052.0C.521211",APBN,01KX2XREGGC36VSZ4EQ1668M1C,147309210,66342568,56,01JA5A03NNYR55WA0Y7544VQ01,426531,24382119,2026-07-14T00:00:00Z,"Peningkatan Penyelenggaraan Pelatihan Vokasi dan Pemagangan Binalavotas, ",efbb911a-59d7-54a0-816c-d0c9fbaa93e6.jYVoHwxo9rakWpVp.hHq02EMFcv8vy4PuLA0f5trcv3y4aJZGF6kmvW_9HjE
Pengadaan Bahan Sertifikasi Lulusan (231 Paket),DRAFT,2026,"bfed5a44-1395-4dc8-a83a-292e39325fa2, d00c8540-25ba-4fba-93ba-42d338afb117, 0137f977-8390-41a4-9294-e486931e22a0, d760c1a5-df2e-4190-a94f-40d72c774d76",199,,CANCELLED_ON_NEGOTIATION,Tidak,K34,BALAI BESAR PELATIHAN VOKASI DAN PRODUKTIVITAS SERANG,"DL.4053.PDI.002.051.0A.521211, DL.4053.PDI.002.051.0B.521211, DL.4053.PDI.003.051.0A.521211",APBN,01KWJY46TMB1PRZG2SPZJJGQSD,23524230,63091859,5,01JBXJ59JWV0PQH49W23AFCSZ5,426531,348233009,,"Pengembangan Sistem dan Pelaksanaan Sertifikasi Kompetensi Profesi Binalavotas, ",efbb911a-59d7-54a0-816c-d0c9fbaa93e6.jYVoHwxo9rakWpVp.hHq02EMFcv8vy4PuLA0f5trcv3y4aJZGF6kmvW_9HjE
Pakaian Kerja 10 Paket Teknisi Non Boarding PNBP,DRAFT,2026,e7f98b8c-c978-4b80-a760-56e016f2fda0,160,,CANCELLED_ON_NEGOTIATION,Tidak,K34,BALAI BESAR PELATIHAN VOKASI DAN PRODUKTIVITAS MEDAN,DL.4057.SCO.004.054.0A.521211,APBN,01KJS6GEARKYHAHX2KCG06FPYX,26400062,65763528,1,01JNSVF8WS0A8QV2VWYK2V7KAK,451094,2058308,,"Peningkatan Penyelenggaraan Pelatihan Vokasi dan Pemagangan Binalavotas, ",efbb911a-59d7-54a0-816c-d0c9fbaa93e6.jYVoHwxo9rakWpVp.hHq02EMFcv8vy4PuLA0f5trcv3y4aJZGF6kmvW_9HjE
Konsumsi Peserta Pelatihan Vokasi Nasional (PNBP),DRAFT,2026,32bcb72b-4cb4-40a5-9695-ad3b5acbf93c,3460,0,ON_PROCESS,Tidak,K34,BALAI BESAR PELATIHAN VOKASI DAN PRODUKTIVITAS BANDUNG,"DL.4057.SCO.005.052.0A.521211, DL.4057.SCO.007.052.0A.521211",APBN,01KVPHK77MDD84WSYQBSZ1YWVY,68508000,67335730,1,01JWTEQ40PFZ81CS5YNZDNRBMH,452542,0,2026-06-22T00:00:00Z,"Peningkatan Penyelenggaraan Pelatihan Vokasi dan Pemagangan Binalavotas, ",efbb911a-59d7-54a0-816c-d0c9fbaa93e6.jYVoHwxo9rakWpVp.hHq02EMFcv8vy4PuLA0f5trcv3y4aJZGF6kmvW_9HjE
Belanja Bahan Pelatihan Vokasi Bidang Industri dan Jasa Reguler,COMPLETED,2026,"d9e5da72-d60f-4ade-9a65-99ae25632bce, f31ac036-379c-44e1-9991-0d63b0181c24, 5553ff90-b3f8-4358-8439-f721bc86b2a5, b1c85f15-2aec-4f10-89dc-472df8f0a260, 95caf173-eaab-4689-902a-1a1656934cc3, 30996770-6572-435f-b704-bb23f6b08d5a, 5b7d8495-bad6-4c55-91ee-d8af57115271, 4dcaa821-00e1-4e43-9079-e8675afa6ebc, 47b01747-6478-4e1e-8d20-e9a3fee632ee, 8f23c5a8-02c5-43b5-8c19-ce867ff9cecd, 5b827715-a331-45ea-98ff-2e45e8600af0, de3a2fe4-dc5c-4a48-8cb5-4ec49a8f3579, c84547be-109b-4d71-97a8-2fafe43eda0d, 8a195c34-fec4-4635-a741-10dcb857a6af, 39a337aa-2c1e-422f-be90-e47926c892e5, 5da694ff-cedf-47ba-9f7c-c4569157cd25, 3d606762-8010-45a8-9742-099b6cd8d1c4, 89e8a01f-6f66-46ff-9b41-0ebd2a7b2e62, 3b2c8374-724a-4843-9bae-c3d5508bab20, e0afdbc5-efff-4570-abf9-178468247a64, 460ae3e9-ac74-44b2-82ea-1c98ab19f068, ecf14239-0596-47fa-881a-0277180f3f0f, e0984422-855f-40a6-ae53-b5d5e0819d9b, c4cf45d9-7290-4a4b-b59e-4db1d414793c",336,0,COMPLETED,Tidak,K34,BALAI BESAR PELATIHAN VOKASI DAN PRODUKTIVITAS SEMARANG,DL.4057.SCO.003.052.0A.521211,APBN,01KJYJWGM8ESFR2BN7NHEVWNAX,22526562,65956099,24,01JCF5TRQVKW157PX3JC6JFJ1Y,452609,2705108,2026-03-06T00:00:00Z,"Peningkatan Penyelenggaraan Pelatihan Vokasi dan Pemagangan Binalavotas, ",efbb911a-59d7-54a0-816c-d0c9fbaa93e6.jYVoHwxo9rakWpVp.hHq02EMFcv8vy4PuLA0f5trcv3y4aJZGF6kmvW_9HjE
Pengadaan Bahan Pelatihan Batch 2 tahun 2026,COMPLETED,2026,"3712f8cc-2002-4da5-9d9a-e251bacc4023, a93e2394-4ebd-4a82-8498-2e84ae0c815a",112,0,PAYMENT_OUTSIDE_SYSTEM,Tidak,K34,BALAI PELATIHAN VOKASI DAN PRODUKTIVITAS BANTAENG,DL.4057.SCO.027.060.0B.521211,APBN,01KVT2P8YFNZDZFHDDGWE34CS3,23088000,67316585,2,01JGN5VNBNWXPMT76FY1AR1DWJ,191206,117805009,2026-06-25T00:00:00Z,"Peningkatan Penyelenggaraan Pelatihan Vokasi dan Pemagangan Binalavotas, ",efbb911a-59d7-54a0-816c-d0c9fbaa93e6.jYVoHwxo9rakWpVp.hHq02EMFcv8vy4PuLA0f5trcv3y4aJZGF6kmvW_9HjE
Belanja Paket Meeting Luar Kota Uji Kompetensi Jabatan Fungsional Pengantar Kerja Gelombang II,DRAFT,2026,9177ba89-8b69-4bb5-94a9-1b53561a5183,136,0,ON_PROCESS,Tidak,K34,DITJEN PEMBINAAN PENEMPATAN TENAGA KERJA DAN PERLUASAN KESEMPATAN KERJA,DN.6593.DCI.002.052.0d.524119,APBN,01KRDHSTJF7PFZ2J39TR33V7NG,108800000,66849738,1,01JVA1G3JQ0SJQFJRBE6KD8TAH,451139,0,2026-05-13T00:00:00Z,"Peningkatan Kompetensi Pengantar Kerja, ",efbb911a-59d7-54a0-816c-d0c9fbaa93e6.jYVoHwxo9rakWpVp.hHq02EMFcv8vy4PuLA0f5trcv3y4aJZGF6kmvW_9HjE
Pengadaan Safety Shoes Peserta Pelatihan (72 Paket),COMPLETED,2026,607d1a88-612d-4fde-9a40-40143af9ef21,160,0,COMPLETED,Tidak,K34,BALAI BESAR PELATIHAN VOKASI DAN PRODUKTIVITAS SERANG,"DL.4057.SCO.003.051.0A.521211, DL.4057.SCO.003.051.0B.521211, DL.4057.SCO.003.052.0A.521211, DL.4057.SCO.003.054.0A.521211, DL.4057.SCO.008.052.0B.521211",APBN,01KV536D3Z0RGZRSVWQRENK7JV,51148800,63094681,9,01JRAYK2HX1ZX9Y4MZ6TJA70XX,426531,0,2026-06-17T00:00:00Z,"Peningkatan Penyelenggaraan Pelatihan Vokasi dan Pemagangan Binalavotas, ",efbb911a-59d7-54a0-816c-d0c9fbaa93e6.jYVoHwxo9rakWpVp.hHq02EMFcv8vy4PuLA0f5trcv3y4aJZGF6kmvW_9HjE
Biaya Operasional Tenaga Alih daya Biro Kerja Sama,DRAFT,2026,"40718236-bf62-4ff3-971c-03a37ff28d52, f1f325dc-c4e4-4bf9-89e8-db5fa51e678a, 682e0115-a810-4ecb-b0cf-16c7b0806f3e",6,0,ON_PROCESS,Tidak,K34,SEKRETARIAT JENDERAL KEMNAKER,WA.2158.EBA.994.002.0P.521111,APBN,01KE7EZYWBVVSRWEVDSTETFMQZ,542380000,62766468,3,01JET10AAPJGW6SSP1CK73MJCH,450938,7915047,2026-01-06T00:00:00Z,"Peningkatan Pengelolaan dan Pelaporan Keuangan, ",efbb911a-59d7-54a0-816c-d0c9fbaa93e6.jYVoHwxo9rakWpVp.hHq02EMFcv8vy4PuLA0f5trcv3y4aJZGF6kmvW_9HjE
6988.EBA.994.002 Operasional dan Pemeliharaan Kantor,DRAFT,2026,"de9470a3-d616-40fa-bd02-641481fcef00, cdf987f7-c546-4b6d-9895-de7b0d7b2db5",88,0,ON_PROCESS,Tidak,K34,BALAI PELATIHAN VOKASI DAN PRODUKTIVITAS PADANG,"WA.6988.EBA.994.002.0J.521111, WA.6988.EBA.994.002.0J.521811, WA.6988.EBA.994.002.0J.522111, WA.6988.EBA.994.002.0J.522113, WA.6988.EBA.994.002.0J.522119, WA.6988.EBA.994.002.0J.524111, WA.6988.EBA.994.002.AP.521111, WA.6988.EBA.994.002.AP.521115, WA.6988.EBA.994.002.AP.521811, WA.6988.EBA.994.002.AP.522111, WA.6988.EBA.994.002.AP.522112, WA.6988.EBA.994.002.AP.522113, WA.6988.EBA.994.002.AP.522121, WA.6988.EBA.994.002.AP.522191, WA.6988.EBA.994.002.AP.523111, WA.6988.EBA.994.002.AP.523121, WA.6988.EBA.994.002.AP.523133, WA.6988.EBA.994.002.AP.524111, WA.6988.EBA.994.002.AS.521111, WA.6988.EBA.994.002.AS.521811, WA.6988.EBA.994.002.AS.522119, WA.6988.EBA.994.002.AS.524111",APBN,01KJC7FFT3XM4YXJEWTJGWFZWG,508869218,66026917,2,01KCT9QZYDTNAMGMAHS5W5EH38,089378,0,2026-02-27T00:00:00Z,"Dukungan Manajemen Direktorat Jenderal Pembinaan Pelatihan Vokasi dan Produktivitas, ",efbb911a-59d7-54a0-816c-d0c9fbaa93e6.jYVoHwxo9rakWpVp.hHq02EMFcv8vy4PuLA0f5trcv3y4aJZGF6kmvW_9HjE
Belanja Bahan Pelatihan Vokasi Bidang Industri dan Jasa Reguler,COMPLETED,2026,fd03e592-5b0c-458d-aa68-56d577ec4564,1122,0,COMPLETED,Tidak,K34,BALAI BESAR PELATIHAN VOKASI DAN PRODUKTIVITAS SEMARANG,DL.4057.SCO.003.052.0A.521211,APBN,01KVFA70X38FDFVS0523D0PRFX,22159500,65956099,1,01JCYR1H5KAHWBXMZNS2PMK7NJ,452609,12452042,2026-06-19T00:00:00Z,"Peningkatan Penyelenggaraan Pelatihan Vokasi dan Pemagangan Binalavotas, ",efbb911a-59d7-54a0-816c-d0c9fbaa93e6.jYVoHwxo9rakWpVp.hHq02EMFcv8vy4PuLA0f5trcv3y4aJZGF6kmvW_9HjE
Paket Meeting Fullboard Konteks PPHI pada luar PHI/MA,DRAFT,2026,562e42c0-e68a-4f9c-a027-5f5abc2b35bb,184,,CANCELLED_ON_NEGOTIATION,Tidak,K34,DITJEN PHI DAN JAMSOS,DN.2181.BDC.001.057.0B.524119,APBN,01KK88813JXZ4RTZJS1PXG5GPE,193200000,65242511,1,01JJB6MHQ7865YDFSHSXW3GFG8,451310,13566015,,"Penyelesaian Perselisihan Hubungan Industrial, ",efbb911a-59d7-54a0-816c-d0c9fbaa93e6.jYVoHwxo9rakWpVp.hHq02EMFcv8vy4PuLA0f5trcv3y4aJZGF6kmvW_9HjE
Tailor Made Training,COMPLETED,2026,38f23c70-1bf1-4e04-bda8-46c8d1f34042,496,0,ON_PROCESS,Tidak,K34,BALAI PELATIHAN VOKASI DAN PRODUKTIVITAS SURAKARTA,"DL.4057.SCO.003.053.0A.521211, DL.4057.SCO.003.053.0A.521219, DL.4057.SCO.003.053.0A.524111, DL.4057.SCO.003.053.0A.526312, DL.4057.SCO.003.053.0B.521211, DL.4057.SCO.003.053.0B.521219, DL.4057.SCO.003.053.0B.524111, DL.4057.SCO.003.053.0B.526312, DL.4057.SCO.003.053.0C.521211, DL.4057.SCO.003.053.0C.521219, DL.4057.SCO.003.053.0C.524111, DL.4057.SCO.003.053.0C.526312, DL.4057.SCO.003.053.0D.521211, DL.4057.SCO.003.053.0D.521219, DL.4057.SCO.003.053.0D.524111, DL.4057.SCO.003.053.0D.526312, DL.4057.SCO.003.053.0E.521211, DL.4057.SCO.003.053.0E.522191, DL.4057.SCO.003.053.0E.524111, DL.4057.SCO.003.053.0F.521211, DL.4057.SCO.003.053.0G.524111",APBN,01KXQ0PSDB7EYVV5GHRTGFJM2R,74400000,62084505,1,01JSN1S823K085TJEN4EBNBZBE,035636,0,2026-07-20T00:00:00Z,"Peningkatan Penyelenggaraan Pelatihan Vokasi dan Pemagangan Binalavotas, ",efbb911a-59d7-54a0-816c-d0c9fbaa93e6.jYVoHwxo9rakWpVp.hHq02EMFcv8vy4PuLA0f5trcv3y4aJZGF6kmvW_9HjE
Belanja Barang Persediaan  Komsumsi Peserta ,COMPLETED,2026,df73ad84-9d80-4c67-a598-795797b73390,224,0,ON_PROCESS,Tidak,K34,BALAI PELATIHAN VOKASI DAN PRODUKTIVITAS BANTAENG,DL.4057.SCO.027.055.02.613191,APBN,01KZATZ7K9RVX7QJT4JARWSSKF,5600000,67623484,1,01JAC8KSE1JRZHTAY35MHK486Y,191206,0,2026-08-06T00:00:00Z,"Peningkatan Penyelenggaraan Pelatihan Vokasi dan Pemagangan Binalavotas, ",efbb911a-59d7-54a0-816c-d0c9fbaa93e6.jYVoHwxo9rakWpVp.hHq02EMFcv8vy4PuLA0f5trcv3y4aJZGF6kmvW_9HjE
Pengadaan Bahan Pelatihan Vokasi UPTP RM (60 Paket),COMPLETED,2026,"bac7e9c9-2e21-428b-a395-c0f7d90d0fac, c8070e1f-5d64-4dac-bbfd-0ad8cc93c3cc, bb383451-9d0b-40dd-b144-8c96f6acf58f, 231b7930-46bc-451e-a009-f3ef38bf8861, be39e832-2314-4edb-8534-e3f3d6465a88, c6529116-5474-4ed6-bac3-fa7a682ae2d3, e8ce5e69-d85a-4499-9214-d911c0206ea6, 1a8d68bf-a76c-4f52-8497-cb1972d23217, 704f8dc9-6858-4baf-b454-89cd992dcd5c, 80014b5f-5dc4-448b-9780-53cc0cf4575c, 20ea874b-31b5-482a-8af5-a64176f63823, 4e590546-3904-440f-9e8b-7c434ff0966e, db826548-6d74-4ede-805e-b686048d34ac, 42f4009d-6ae6-4cfd-84f0-042e379577fa, 71b2928d-a775-4f0a-8ed3-ac9eb0ff6644, eb940528-ab28-4fc9-a8ac-aec0d0c75f42, 59a4681a-7ba5-4b85-93ab-6293c2d778de, 5dfdac24-e5bc-4cda-9a23-060c169d0184, 2349508f-8c21-4ded-b466-196fe33c97e4, 1eb3f200-c362-426f-8f8c-e9b0ef8baa4d, befedeca-cf49-46cc-a406-2686590bcd43, 55eb755c-5b94-4822-baff-4220513c3f58, 457a3d3e-1834-4502-9b77-224c021c9baa, b73a040e-8ab1-4fa9-88ee-90108b7ba4fb, fa3e76a0-a55e-4e28-b63b-226cbbf2c492, 87f6a325-81e7-42e3-933c-ba3673c66be3, b2d072b2-d33a-4f0e-b4f8-49d3b9c0acca, 3c4908fc-1887-45c4-9581-5a7b5dbeb39b, ab5ad1f9-724a-4020-969e-a9c43e728713, 26a39868-99b6-4663-9445-0dd8791addd0, 29e8533e-01cc-4ef7-9f11-55bab02ec5dc, 33786716-5894-4e70-9fee-1e8b146e709c, 9cf8544d-6241-45f7-bb57-b27e07de2e59, 275d0932-8398-49c3-ab3b-d294ae646f19, 0cb93240-55e1-4657-a214-76054428632b, 5c0f94b6-93d2-4bcc-be82-f195c276fc0c, 9caa512b-3143-48d5-80f0-dbcb838a72ba, 56bab1cb-3649-4527-a091-4895a403829f, 07218a5f-b702-45ca-9df5-61084ff38582, 277e32b2-9ae7-4931-a71d-2c8c883222ce, c7669dc7-9a9c-47a0-9e26-1b01809896a5, 74527a49-bfb8-4729-82f1-0ee8218d550f, 811d11e7-a322-4ef6-8914-3763e6ef7d41, d0ed76ba-0442-4db3-b266-7cc97b2bc1be, 5bbdae4f-1230-4144-9035-7e1fa7c622fb, 2d1436e2-5342-4772-b961-bfa9a01eb533, 7b047fa0-b940-4d9d-a7c0-1707c11fe788, 1e8788a7-b6f7-4041-889e-717d91c5bc64, 63e27dc7-8a48-40b7-8daa-fb215c03b5e8, 99a8d3c8-94b9-4ce7-b533-80c789626e64, d06e5ecc-0fcc-4456-bae3-ab2b1f7a9295, 9f72aa28-160c-4542-a798-229571c8c7fa, 52c06a0a-1162-40be-869a-f86f94afaebf, 0de6d5cc-66c3-4540-aeb4-f567c5197116, 2a03db78-3bb0-4dc4-9c85-fdc68e5b0b24, edef1e67-2506-4ecb-9574-c420103660ba, e822d25d-2219-4714-9732-c93345ff11e8, f8751fda-a640-47c5-9f78-2a2fb6584712, e64dacb9-30c5-4d54-8d3a-3978b1439f6f, 85524b69-12b4-4b9d-bec9-f2cf1266a82a, bcca7bdc-562f-4f09-981b-72b490f139f8, 8e7496d3-1744-45b2-b261-830ca2deb0bf, 7f60fc28-060a-466a-9914-1ffd4d6bf228, 669e17ea-6e79-4da6-992a-0210b2dc05ad, ee4fb738-9785-4a6e-85fd-d5aab93006ee, e1ef4685-f35e-4a65-b5a4-0e01c9d2bff9, f5fd747e-3045-45a6-9dd2-b8890172308b, 22ca08b8-d333-480f-bc78-b9c0a66adff0, 0bceca1a-30da-413f-aa67-e764b61ec6ed, ccfae6ba-52e2-42ec-8ba1-90e318e52700, 504403de-f2f3-439c-a553-4015ac0307b6, 92bf7051-6633-4c13-864d-e45b70e4006a, 33637491-733f-47a0-8f5f-3aadba67cfc3, cf58a2af-c9bb-4e61-b94d-838d78aa8235, 21444ee2-74ed-44f3-9060-b9ded900d177, fd54d993-18c4-4a48-b9a1-ab1e1089e15f, 1ed21b79-19fe-4d83-ae63-aa4da458d771, 41746ef9-4577-4f29-ab89-78a8c9871396, 8c743252-7dbd-465c-ac46-651f16c51e56, 998c0458-dbfc-449e-9ed1-f87155d44f87, 48b8d4e0-fdb6-4987-ac86-57a3420d65e7, b32113fe-9173-4f67-9a84-0b1dacf6a87e",2150,0,COMPLETED,Tidak,K34,BALAI BESAR PELATIHAN VOKASI DAN PRODUKTIVITAS SERANG,"DL.4057.SCO.003.051.0B.521211, DL.4057.SCO.003.052.0A.521211, DL.4057.SCO.003.052.0C.521211",APBN,01KV7RG4HJBFH8TASCJ4X951FQ,184169757,66342568,105,01JRS73EC81MM9JM6Z4608CME9,426531,26434127,2026-06-17T00:00:00Z,"Peningkatan Penyelenggaraan Pelatihan Vokasi dan Pemagangan Binalavotas, ",efbb911a-59d7-54a0-816c-d0c9fbaa93e6.jYVoHwxo9rakWpVp.hHq02EMFcv8vy4PuLA0f5trcv3y4aJZGF6kmvW_9HjE
Belanja Bahan Pelaksanaan Sertifikasi Lulusan Pelatihan ,COMPLETED,2026,"0162786f-8de6-46f7-9c71-b41ac4400575, 95caf173-eaab-4689-902a-1a1656934cc3, 89e8a01f-6f66-46ff-9b41-0ebd2a7b2e62, 09466ca5-22ca-4071-806d-683e502806e2, e0984422-855f-40a6-ae53-b5d5e0819d9b, 4103a27e-f90e-4c76-8548-05ace9ca40d5, e0afdbc5-efff-4570-abf9-178468247a64",20,0,COMPLETED,Tidak,K34,BALAI BESAR PELATIHAN VOKASI DAN PRODUKTIVITAS SEMARANG,DL.4053.PDI.002.051.0B.521211,APBN,01KWEDRM394NJ1TJQWPSK9J39G,3867795,62801553,7,01JCF5TRQVKW157PX3JC6JFJ1Y,452609,2705108,2026-07-02T00:00:00Z,"Pengembangan Sistem dan Pelaksanaan Sertifikasi Kompetensi Profesi Binalavotas, ",efbb911a-59d7-54a0-816c-d0c9fbaa93e6.jYVoHwxo9rakWpVp.hHq02EMFcv8vy4PuLA0f5trcv3y4aJZGF6kmvW_9HjE
Langganan Layanan Metro-E Call Center,DRAFT,2026,b268d75b-46d9-4af0-afd6-905ef6771669,24,0,ON_PROCESS,Tidak,K34,BADAN PERENCANAAN DAN PENGEMBANGAN KETENAGAKERJAAN,WA.6624.EBA.994.002.BC.522119,APBN,01KDQC6YMQZ304Z8DKS3NSHRWN,62737200,62245392,1,01J7073CEET2NWM8MBT7ZHZHRR,452677,0,2025-12-31T00:00:00Z,"Dukungan Manajemen Badan Perencanaan dan Pengembangan Ketenagakerjaan, ",efbb911a-59d7-54a0-816c-d0c9fbaa93e6.jYVoHwxo9rakWpVp.hHq02EMFcv8vy4PuLA0f5trcv3y4aJZGF6kmvW_9HjE
Pakaian Kerja 10 Paket Teknisi Non Boarding PNBP,DRAFT,2026,e7f98b8c-c978-4b80-a760-56e016f2fda0,144,,CANCELLED_ON_NEGOTIATION,Tidak,K34,BALAI BESAR PELATIHAN VOKASI DAN PRODUKTIVITAS MEDAN,DL.4057.SCO.004.054.0A.521211,APBN,01KJS5XEWCM8WR6JHMNN0QHV65,23760056,65763528,1,01JNSVF8WS0A8QV2VWYK2V7KAK,451094,2058308,,"Peningkatan Penyelenggaraan Pelatihan Vokasi dan Pemagangan Binalavotas, ",efbb911a-59d7-54a0-816c-d0c9fbaa93e6.jYVoHwxo9rakWpVp.hHq02EMFcv8vy4PuLA0f5trcv3y4aJZGF6kmvW_9HjE
PENGADAAN BAHAN PELATIHAN,DRAFT,2026,a3369c53-e2b1-4be5-b3f1-73bdd657cfa7,2162,,CANCELLED_ON_REVIEW,Tidak,K34,BALAI PELATIHAN VOKASI DAN PRODUKTIVITAS SURAKARTA,DL.4059.SCO.001.051.DL.521211,APBN,01KN42P2AB75QEWDKJ182FKPJW,43240000,66351379,1,01JZQTR6FX7JZF90AA006RV8W9,035636,0,,"Pengembangan dan Peningkatan Produktivitas Tenaga Kerja Binalavotas, ",efbb911a-59d7-54a0-816c-d0c9fbaa93e6.jYVoHwxo9rakWpVp.hHq02EMFcv8vy4PuLA0f5trcv3y4aJZGF6kmvW_9HjE
Belanja Bahan Fasilitasi Dan Pembinaan Calon Tenaga Kerja Di Pekerjaan Hijau,DRAFT,2026,01535fb7-65e3-4a78-86c2-fac38c15215a,350,,CANCELLED_ON_REVIEW,Tidak,K34,DITJEN PEMBINAAN PENEMPATAN TENAGA KERJA DAN PERLUASAN KESEMPATAN KERJA,DN.2173.QDC.002.051.0A.521211,APBN,01KRSYK0FZN36J1D5HHH3C1B33,36519000,67084718,1,01K7RDQVNVA31X2VX8FG6BVB29,451139,0,,"Penempatan Tenaga Kerja, ",efbb911a-59d7-54a0-816c-d0c9fbaa93e6.jYVoHwxo9rakWpVp.hHq02EMFcv8vy4PuLA0f5trcv3y4aJZGF6kmvW_9HjE
"Belanja Pakaian Kerja, Bahan dan Konsumsi Pelatihan - BLK Purworejo",DRAFT,2026,"4e575bd7-04a7-46b6-a73e-30d973532ec2, 6c792332-b395-4f3b-9a39-67b6ec171aef, 7388c6b8-c1d8-4ab3-86ff-18383fe9d776, d07022b1-84f5-4b00-ae91-92e8cd8b2791, f3828e77-158f-48fe-a900-8534af669350, 62e76917-fa45-4ebe-8f86-2f137b55ede9, 7227491b-a577-4c97-8633-7848a2b8fc29, b80a25d9-e67b-4688-a23f-5430150b8a2a, 9eb467ff-bac9-4a72-ba85-14a388bfe512, dc7c2e0f-afef-4f3f-89f1-454eabd0d72f, 350402bb-3d85-44ab-94e6-6d857dd680b8, 41197a0f-3627-4abb-869f-884bc5b26221, e0d8377d-353c-4078-b55c-06114f7217c9, 7da93ce7-c715-4718-8c1e-9b7e8f888506, 76e38ed4-b110-4e72-b47b-9614bc218bb3, 97538362-b93c-4fad-a279-9fc0871e7b92, e04fe707-011d-4689-a300-eebacd3c16ee, cf391f92-94fd-4f93-911a-96bf2f71c505, 418e17ad-58b7-4f1d-8dc7-29d5c03e05b1, b8f09bf0-e37e-4259-bdab-65769a3a3f78, 3f781bbe-54fa-49df-9d61-a1f002ea9e13, 224c9427-55e9-43fe-a496-91b88397848b, fca1221f-b6e3-4b03-906f-826b957cef0b",143,,CANCELLED_ON_REVIEW,Tidak,K34,BALAI PELATIHAN VOKASI DAN PRODUKTIVITAS SURAKARTA,DL.4057.SCO.011.052.0A.521211,APBN,01KTRMC5K6HJAK14JZ7P1VXPF5,20589945,66399315,23,01KDYZZC347HPP0PGG8HJQ4QWB,035636,0,,"Peningkatan Penyelenggaraan Pelatihan Vokasi dan Pemagangan Binalavotas, ",efbb911a-59d7-54a0-816c-d0c9fbaa93e6.jYVoHwxo9rakWpVp.hHq02EMFcv8vy4PuLA0f5trcv3y4aJZGF6kmvW_9HjE
Bahan Pelatihan Tailor Made Training 40 JP A,COMPLETED,2026,870b76f7-a8f0-4f0f-8416-016a9b5bab97,3,0,PAYMENT_OUTSIDE_SYSTEM,Tidak,K34,BALAI PELATIHAN VOKASI DAN PRODUKTIVITAS SIDOARJO,DL.4057.SCO.003.053.0A.521211,APBN,01KMTF02JNE32ETDS5W2F1XJ8Z,30847788,66473957,1,01JHHRZPE4EYNR91T2A4YDH7JS,050302,203207,2026-03-30T00:00:00Z,"Peningkatan Penyelenggaraan Pelatihan Vokasi dan Pemagangan Binalavotas, ",efbb911a-59d7-54a0-816c-d0c9fbaa93e6.jYVoHwxo9rakWpVp.hHq02EMFcv8vy4PuLA0f5trcv3y4aJZGF6kmvW_9HjE
Pengadaan Bahan Pelatihan Vokasi UPTP PNBP (30 Paket),COMPLETED,2026,"9b9a1d83-6600-46dc-9a48-4866600e5f83, 2df2ec93-f379-4500-9ec6-28b745ad5797, 9302bb69-20cd-4188-98ac-f793ec3c81b9, 5ef55cee-7a9b-4513-a63d-300393317555, e94aa5a9-c6f3-4484-b880-838d49fa03da, 2e3fbe67-e575-4bb9-abfd-464e3c423db0, 54aeb142-b6de-49bf-b5f0-1a0150192628, de08caf3-b41d-4ef9-9468-ce37f67480a1, a68d5bcf-7325-4f2f-8ac7-3d3cb0bbc69d, fbdd2320-c54e-4090-84ef-4efc8dc2554f, d78ad2b0-055b-49c5-b500-c21507de07ac, 53755572-2d15-4cbf-9642-54bd2964a144, 97cb08a5-5f53-4f7f-88e2-ddc8214885e4, 29019fff-ffec-4f72-927b-25ddd9f32633, 66d91bfb-5c45-425a-b19a-94089ab8628d, 63d64c6b-5012-4c1e-a343-263494d5b8a6, 7806a0a3-b98f-40c1-b503-64d9228d3349, f8b8938a-92ca-4a30-b696-34a02ed02c96, 4713bc12-7906-4629-9a3e-ceca33337394, 07e43a20-bf37-4ff1-a98b-cd9e53c53fe8, 609edd17-c38a-4027-b821-8303b29ca9ef, b5bff9e0-298e-474b-b35a-6e5ddc76e4f9, 837a5ced-67de-4633-9b8d-5168ff820889, 9f421d82-3095-4bc5-94a7-49c9099ff04a, a9eeb7d8-26b3-4edf-8d84-0dd46a3d43f4, 0adf6546-3a79-4e11-b6de-c85f83f312a7, 8557b708-57bb-4fb0-914e-d7894c655fcc, 5ac05b7d-4f42-4ac9-9c07-889769c2ddd1, 46c0b95c-1632-4a3a-859f-3970a925c259, 365ecff1-4f78-4c41-9e58-554ec26049cd, 7c97c69a-7bd4-4720-9da7-46e925c2f637, 4da28ba1-1e21-4808-bbb2-aa01a63dbc73",1203,0,COMPLETED,Tidak,K34,BALAI BESAR PELATIHAN VOKASI DAN PRODUKTIVITAS SERANG,"DL.4057.SCO.003.051.0A.521211, DL.4057.SCO.003.053.0A.521211, DL.4057.SCO.003.054.0A.521211, DL.4057.SCO.005.052.0A.521211, DL.4057.SCO.007.052.0A.521211, DL.4057.SCO.008.052.0B.521211",APBN,01KKJJEZD5V2V6MKT3E227VYD6,89580330,66342119,34,01JZSP8YSK8DC78JVR8CZQCQ1H,426531,0,2026-03-16T00:00:00Z,"Peningkatan Penyelenggaraan Pelatihan Vokasi dan Pemagangan Binalavotas, ",efbb911a-59d7-54a0-816c-d0c9fbaa93e6.jYVoHwxo9rakWpVp.hHq02EMFcv8vy4PuLA0f5trcv3y4aJZGF6kmvW_9HjE
Pelatihan Vokasi Bidang Industri dan Jasa Program TMT,COMPLETED,2026,3af451df-4e91-4b54-9983-5d3db69f7371,256,0,COMPLETED,Tidak,K34,BALAI PELATIHAN VOKASI DAN PRODUKTIVITAS BANYUWANGI,DL.4057.SCO.003.051.0A.521211,APBN,01KVFANQ54DPMQA85AYF91HYZ8,5120000,66371877,1,01JQ2WNC9MFS0MYFJ9J17YH962,051102,17756009,2026-06-19T00:00:00Z,"Peningkatan Penyelenggaraan Pelatihan Vokasi dan Pemagangan Binalavotas, ",efbb911a-59d7-54a0-816c-d0c9fbaa93e6.jYVoHwxo9rakWpVp.hHq02EMFcv8vy4PuLA0f5trcv3y4aJZGF6kmvW_9HjE
Paket Fullboard Meeting Penguatan Teknik PPHI Swasta (Luar Kota),COMPLETED,2026,85b009c8-769b-4fcb-8b27-5894198a0301,204,0,PAYMENT_OUTSIDE_SYSTEM,Tidak,K34,DITJEN PHI DAN JAMSOS,DN.2181.BDC.001.051.0B.524119,APBN,01KN61HE8MCR27WA638YG84SK9,163200000,65241383,1,01KB1TMAZGAKX4CKJK9H2CA57B,451310,0,2026-04-02T00:00:00Z,"Penyelesaian Perselisihan Hubungan Industrial, ",efbb911a-59d7-54a0-816c-d0c9fbaa93e6.jYVoHwxo9rakWpVp.hHq02EMFcv8vy4PuLA0f5trcv3y4aJZGF6kmvW_9HjE
Jasa Alih Daya Kebersihan/Helpdesk/Call Center/Sekretaris/Teknisi/Driver/Pramu Taman/Resepsionis dll,DRAFT,2026,"9e3c581b-6640-4cc4-8e13-499c04a47ebd, 2e8536fc-75e6-4c87-9fb1-5d46f289d4d5",192,0,ON_PROCESS,Tidak,K34,POLITEKNIK KETENAGAKERJAAN,WA.6625.EBA.994.002.0D.522191,APBN,01KFW1ZJWKF7VH1BA8X5WTSQH9,1465262496,63965013,2,01JE5PEYSK3HRZ3JKQHTTNDN9Q,352632,1527225,2026-01-28T00:00:00Z,"Dukungan Manajemen Politeknik Ketenagakerjaan, ",efbb911a-59d7-54a0-816c-d0c9fbaa93e6.jYVoHwxo9rakWpVp.hHq02EMFcv8vy4PuLA0f5trcv3y4aJZGF6kmvW_9HjE
Pelatihan Vokasi Bidang Pariwisata dan Industri Kreatif Teknisi,DRAFT,2026,0aaef396-1c07-41cf-b236-7f2f7aa2f6cf,468,0,ON_PROCESS,Tidak,K34,BALAI PELATIHAN VOKASI DAN PRODUKTIVITAS BANYUWANGI,DL.4057.SCO.005.054.OA.521211,APBN,01KZQKE5KC1MEH75X1T6D2GRJ6,9360000,62258974,1,01JE5AQH3WV1RNVK9JKD5R3VHN,051102,2520072,2026-08-12T00:00:00Z,"Peningkatan Penyelenggaraan Pelatihan Vokasi dan Pemagangan Binalavotas, ",efbb911a-59d7-54a0-816c-d0c9fbaa93e6.jYVoHwxo9rakWpVp.hHq02EMFcv8vy4PuLA0f5trcv3y4aJZGF6kmvW_9HjE
Belanja Bahan PBK Reguler Luring,COMPLETED,2026,"fdba9127-8c48-401a-a3e4-d52550339227, eb7fbeec-962a-4151-b508-72c1e0916df9, a2549d45-f63c-412a-85e8-5bcd02caf7fc, d08dc900-cb3e-4f74-8a9b-52df04d4f599, e36f3543-6333-465b-b460-54f7d83517aa, aa6a2d62-37ee-4679-8215-39df4421b64c, 6c53c4c0-8416-4f29-bb5c-e130e1486708, aabf9bfc-33b4-49d2-a2f7-01102263d19f, fc325c0f-3fc1-498e-8696-0fdd70104732, 76d6bb63-3f1d-450d-803e-0393ef82e966, f3007fcd-70d1-4881-9ed3-4f0d308be6e5, 431ce083-9b91-40a0-bdb6-01c21a1a0bf1, 285aa848-5f77-4d94-9f67-093c04261864, 76a0766c-3528-49dd-8f0c-64456c86405d, da06324a-af7b-4a3a-86d5-d82372ec0986, 431388c6-b03f-4b02-9c38-a7d7f4f269df, 05805adc-5647-4d07-b37c-dd3529d95e17, bc1d8a78-70e2-48a3-8eed-d5ef2f568aea, c747f789-fc57-4bc0-badb-e39b95a41aff, 9bd9774e-54c6-4316-b6ab-64fc2f6214cc, ffd4b62e-a1e6-4a48-a279-5bac633e9b0e, fb3ea6a8-74c2-4d3e-bf4e-4f9255b4447e, 9c9f44ed-4a2d-4955-8257-1ecda7686670, a46a5617-13c3-44b1-9505-4733b1b2411c, 9a75474f-f5bc-4b3d-aa04-2bef4d1abb07, 80325d23-30b8-4a32-b492-d42866d16622, 1296234c-3f9f-4475-ae69-7071664114ed, 10efdf35-0ba9-4aa9-a067-471a5e2e4878, 7843836c-f359-40df-b603-6c19a010121b, f4fe7ba6-db4e-49e7-bd27-6d166cccc0d5, 1846ac58-c23b-4498-9cc4-fc5f2e13432b, d88cbba5-cae9-43c1-8bd9-e415c4b5293d, 8f98a452-89ae-445c-ab8a-8afc866df28b, 94858765-5bc0-4044-a7d1-71bab6e6d238, f18a06b9-f1f6-4cd6-b3ec-2e1bd5ba972a, 6348d7a2-10d5-4c79-8516-4ccb68ee4f9c, fab17c70-af5c-4f92-9ffe-335cb0e2ca98, 97632e19-99f3-4809-9dc8-dfa4c6f00474, 254ef68a-423a-4caa-b5bc-dff17099c9eb, 18f323a5-da15-4b17-8902-86ac233f02c8, c0235fa4-0211-4689-aa6b-63838738c39e, 3854903e-e6d8-407e-8f8b-7e986d6f6307, fa10a8a1-cd44-4277-86ea-86ef2659ba0e, 032a532b-2803-466b-87bc-4cec03a9f828, 1fd49a77-e8c7-4c2e-aaab-efd408823c38, 05e16512-ad1c-4113-beb2-243b742ed0fa, 80b32088-4f49-4f77-8f67-6664593e816d, 5af293fb-e453-49e1-92e3-58b3ea3aa86b, c712becd-83f8-4984-8ada-99227c70203f, 1bdaace0-c548-4c9b-bcec-eed956ed8ea3, bba65561-f48b-4c84-ad59-d1151a69d941, 2d24818e-62c6-400c-ac39-4b65326667c7, 86f79b73-525d-4aec-b110-b28040ceee06, f1699f33-3739-4de5-a1c7-303e27527340",579,0,COMPLETED,Tidak,K34,BALAI BESAR PELATIHAN VOKASI DAN PRODUKTIVITAS SEMARANG,DL.4057.SCO.005.052.0A.521211,APBN,01KVSYMFFKXJ38SAVZ2T6K6DK8,16809507,66186051,54,01JYDESZTP0YA22FBCZT8CDSRE,452609,0,2026-06-24T00:00:00Z,"Peningkatan Penyelenggaraan Pelatihan Vokasi dan Pemagangan Binalavotas, ",efbb911a-59d7-54a0-816c-d0c9fbaa93e6.jYVoHwxo9rakWpVp.hHq02EMFcv8vy4PuLA0f5trcv3y4aJZGF6kmvW_9HjE
Belanja Barang Persediaan Pencetakan Blanko Sertifikat Kompetensi Tahap II,DRAFT,2026,21e04b91-d675-44c5-b61c-82c04386bd2c,162000,0,ON_PROCESS,Tidak,K34,Sekretariat Badan Nasional Sertifikasi Profesi,DL.4053.PDI.004.051.0A.521811,APBN,01KTJD2SDHDVRSTR44CMHE4BBK,791208000,67530221,1,01J8HGR94XM9YJTH5RYRWHR4FR,452533,1240047,2026-06-10T00:00:00Z,"Pengembangan Sistem dan Pelaksanaan Sertifikasi Kompetensi Profesi Binalavotas, ",efbb911a-59d7-54a0-816c-d0c9fbaa93e6.jYVoHwxo9rakWpVp.hHq02EMFcv8vy4PuLA0f5trcv3y4aJZGF6kmvW_9HjE
Belanja Konsumsi PBK di BLK Banjarmasin,DRAFT,2026,"0d05a2f7-a36f-4052-af82-93acd709b8ae, 692a4ac9-b1a7-4c24-8210-39ade8f47f9e",1136,,CANCELLED_ON_NEGOTIATION,Tidak,K34,BALAI PELATIHAN VOKASI DAN PRODUKTIVITAS SAMARINDA,"DL.4057.SCO.023.059.0A.521211, DL.4057.SCO.023.059.0B.521211",APBN,01KMSE9GYPH0VDRVGA43TJD7Q8,27840000,66436528,2,01J90BPH69N75Z9B0J608BH4F0,451108,326759009,,"Peningkatan Penyelenggaraan Pelatihan Vokasi dan Pemagangan Binalavotas, ",efbb911a-59d7-54a0-816c-d0c9fbaa93e6.jYVoHwxo9rakWpVp.hHq02EMFcv8vy4PuLA0f5trcv3y4aJZGF6kmvW_9HjE
Bahan pengujian,BUYER_CONFIRMED,2026,"15e40200-8432-4daa-857b-b0e7f5fe763e, 6f109083-4d5c-4cfe-9d34-c76c59414f3a, dc1f16e9-ce31-49fe-9ea2-b1d41129ec5b, d5f9d366-cd14-4572-b109-737402dd46e9, 6f347cb6-189d-4249-84ce-5bd71966495c, 1b89ab89-abb3-4112-8d65-71bb5256ec1a, 499c9f60-4ca7-4127-a9b4-687c5550d2db, 8c9d172c-aead-40df-89ee-1863cf682fb2, 12975445-b4fb-4ff4-9501-4e87951b7fe1, ba9aa135-a178-48fe-90ec-abf33eab390d, 57a70296-a849-43cc-b595-3d1130fb27f7, 891519ca-6498-4cc5-9668-086f978ec8e6, eedfd864-ca98-457a-8f37-e36c3d2bcb9b, ac4934ea-f804-4fba-81a5-dac8eb49bfd1, 33cdd35d-d74e-4fb4-a766-5d1e2a7341c1, 76a04220-ba71-4260-b73f-8ca610058d27, 6a6bf494-2233-4293-bdc0-f84eab5d51fe, e1468cf0-96d7-4e46-bbca-fbcb3fe591e5, 21d13db6-7fba-47e2-af23-2fdfd3ffde87, cba478c5-580e-48f8-8bc1-073d9ca5c537, 9ee2711d-b17f-46c8-8bc6-ed29da6a65ff, 4bf0dca7-1cad-404c-97e5-e2eedbb7a8bd",100,0,PAYMENT_OUTSIDE_SYSTEM,Tidak,K34,BALAI KESELAMATAN DAN KESEHATAN KERJA BANDUNG,DN.6592.QAC.001.051.0A.521811,APBN,01KKFGYC463GKK4MJ2YKJ2739H,60085410,63147455,26,01JRYDSFP5H1B3JRX8TDT7NW32,350079,92458009,2026-03-16T00:00:00Z,"Pengujian Keselamatan dan Kesehatan Kerja, ",efbb911a-59d7-54a0-816c-d0c9fbaa93e6.jYVoHwxo9rakWpVp.hHq02EMFcv8vy4PuLA0f5trcv3y4aJZGF6kmvW_9HjE
Tailor Made Training,DELIVERED,2026,"cc988967-50aa-492e-8ac3-b67279ffc84a, c4038de0-7048-4cb1-b7f7-247a1f77a179, a34c63bb-5b25-47e1-9576-c8771d5cc2cc",3,0,ON_PROCESS,Tidak,K34,BALAI PELATIHAN VOKASI DAN PRODUKTIVITAS SURAKARTA,"DL.4057.SCO.003.053.0A.521211, DL.4057.SCO.003.053.0A.521219, DL.4057.SCO.003.053.0A.524111, DL.4057.SCO.003.053.0A.526312, DL.4057.SCO.003.053.0B.521211, DL.4057.SCO.003.053.0B.521219, DL.4057.SCO.003.053.0B.524111, DL.4057.SCO.003.053.0B.526312, DL.4057.SCO.003.053.0C.521211, DL.4057.SCO.003.053.0C.521219, DL.4057.SCO.003.053.0C.524111, DL.4057.SCO.003.053.0C.526312, DL.4057.SCO.003.053.0D.521211, DL.4057.SCO.003.053.0D.521219, DL.4057.SCO.003.053.0D.524111, DL.4057.SCO.003.053.0D.526312, DL.4057.SCO.003.053.0E.521211, DL.4057.SCO.003.053.0E.522191, DL.4057.SCO.003.053.0E.524111, DL.4057.SCO.003.053.0F.521211, DL.4057.SCO.003.053.0G.524111",APBN,01KXXGWY5W32XDZ2R3Q6VB8EZ0,47730000,62084505,3,01KKXG26XSW86B5G69MGDFZVY1,035636,0,2026-07-21T00:00:00Z,"Peningkatan Penyelenggaraan Pelatihan Vokasi dan Pemagangan Binalavotas, ",efbb911a-59d7-54a0-816c-d0c9fbaa93e6.jYVoHwxo9rakWpVp.hHq02EMFcv8vy4PuLA0f5trcv3y4aJZGF6kmvW_9HjE
paket meeting fullboard penyelenggara dan peserta - Penguatan Keahlian Mediasi,COMPLETED,2026,b89e2a4a-d144-4947-908a-9d9e80b40b3a,160,0,COMPLETED,Tidak,K34,DITJEN PHI DAN JAMSOS,DN.2181.QDC.001.051.0A.524119,APBN,01KH0CC45K7JZ90NXRF1PGQ0ZV,148800000,65242097,1,01JM9A1JG6Q5FV71ZW8H7WTBA0,451310,44391011,2026-02-09T00:00:00Z,"Penyelesaian Perselisihan Hubungan Industrial, ",efbb911a-59d7-54a0-816c-d0c9fbaa93e6.jYVoHwxo9rakWpVp.hHq02EMFcv8vy4PuLA0f5trcv3y4aJZGF6kmvW_9HjE
Belanja Bahan TMT Klaster,COMPLETED,2026,"86bc073c-34b3-4060-9171-ccf93e2d0d44, c380acde-15ee-4201-9355-14dd347c69bb, e4ccdb0b-17c1-424a-a7b0-4550b196299b, d780b726-62be-40f3-ae83-005f7f9ab850, 07d00fa0-5829-460e-9312-2c33c3535316, c34932ff-8ff9-4cdd-a6ba-c2da28315481, c9e71334-0dcb-4be0-bd3e-6bfdb2ecb243, 85acaf36-1241-4530-a66f-c92bd8591ec7, 0111c5d6-f05b-4710-9036-cf50ef02c8f8, f83b6915-a5b2-4310-9baf-242c3701a253, 55419760-355f-4153-85a6-5a4ae24a6083, 4615043f-d8e2-4f85-bc34-63ab586b21f4, 59623820-b348-467c-be06-91e425e8422d, e0849b80-de10-4c42-9f70-af6f34604fe2, 4a08a393-b104-4109-8e90-120a8168895f, b549edc5-7edd-4893-b3dc-e595ad0f6ff5, 193bb9a0-8c50-4dae-bff3-acb4413a7eb2, 643c41a9-47fd-4166-812c-214ac2118bd0, 9fb8f2a6-3901-4a83-a6d3-1c7eba82b784, 5f47aba4-2a2a-4140-89f8-0ac4ecfe8e44, e181c0ba-fd6a-4724-9e88-f8236a20520f, a42773d5-953c-481a-8766-89a33790dcd3, 6acef208-41fd-4bf2-a7e2-fe6759d5c3ea, b2970dc0-a18d-4f80-92e8-656c497863dc, ed5db028-208f-4e08-9a5e-1aedc894e716, 02c92d6b-308c-4e30-a669-f2016c92ddc8, 0c1734b9-622c-450b-beab-87da987163b9, ad2f3a4d-58bc-4db4-ac09-d4aa9f079c1c, 89913618-6cd1-4242-82ee-2fbbfd5f7f0b, 215eb937-1339-42a7-b978-4e8831af4a09, 1c2bab09-a56d-4bbd-8a63-95d683a6edde, c699f0be-0170-4796-85dd-500b3bf62acf, 5b486211-b847-43f0-97ad-3d48a2b63feb, aafb4204-bc59-4879-b3aa-dc7f597744ac, 446f164d-a51b-4242-9a62-5d876dae87cd, 78decc69-6637-4266-806b-f1ac63e74a91, 9e6302a4-c618-4e21-8096-d658f7f91c96, 9ba6e205-b29c-44aa-abdd-755d786f447f, 5ebcd157-93b5-4559-bf49-fd277934e86b, 2bb0e0b7-c2ab-46ba-9f19-1d2a99f099bc, 64277788-47f0-46cd-b207-126b63fa8280, f094d94c-d9ff-4487-b27b-6e2153774b9a, f8fbc51b-8300-4287-80a2-d0dccefa974f",538,333000,COMPLETED,Tidak,K34,BALAI BESAR PELATIHAN VOKASI DAN PRODUKTIVITAS SEMARANG,DL.4057.SCO.003.053.0A.521211,APBN,01KKTWVNMZ3CXR5RRN9226HNT4,11457420,66185950,43,01K2KX48KE5DQHRAJ0REG26EE5,452609,0,2026-03-17T00:00:00Z,"Peningkatan Penyelenggaraan Pelatihan Vokasi dan Pemagangan Binalavotas, ",efbb911a-59d7-54a0-816c-d0c9fbaa93e6.jYVoHwxo9rakWpVp.hHq02EMFcv8vy4PuLA0f5trcv3y4aJZGF6kmvW_9HjE
Belanja Pengadaan Bahan Pelatihan UPTD BLKPP DIY,COMPLETED,2026,"2ddbec4f-f914-458a-ac92-11b51ad84531, 386f9c61-43ed-4f25-a39d-7c943f805970, e339fdd0-346a-427a-98ee-cfcb30d6af3b",3,0,ON_PROCESS,Tidak,K34,BALAI PELATIHAN VOKASI DAN PRODUKTIVITAS SURAKARTA,DL.4057.SCO.012.051.51.521211,APBN,01KVFS2MXG72XXPQT0NGB596ZR,93288840,66977026,3,01HZ4NAYM03C7EQQ2SY8F15HD0,035636,0,2026-06-22T00:00:00Z,"Peningkatan Penyelenggaraan Pelatihan Vokasi dan Pemagangan Binalavotas, ",efbb911a-59d7-54a0-816c-d0c9fbaa93e6.jYVoHwxo9rakWpVp.hHq02EMFcv8vy4PuLA0f5trcv3y4aJZGF6kmvW_9HjE
Honorarium Tenaga Alih Daya Biro Humas (Outsourcing),DRAFT,2026,"64503e5f-b31c-4789-8734-3c4a57f531ee, f11b0779-0e16-4c3f-845c-53b26a782b7d, 4ae0e4dc-8a1e-4473-bb08-367f946dd9c7",168,,CANCELLED_ON_NEGOTIATION,Tidak,K34,SEKRETARIAT JENDERAL KEMNAKER,WA.2158.EBA.994.002.0F.521111,APBN,01KFAPGDBF018ZPXM5AJFY9X9T,1373061384,63604920,3,01JH09RBP00Z8CEV82EEMR6N7Q,450938,1100130,,"Peningkatan Pengelolaan dan Pelaporan Keuangan, ",efbb911a-59d7-54a0-816c-d0c9fbaa93e6.jYVoHwxo9rakWpVp.hHq02EMFcv8vy4PuLA0f5trcv3y4aJZGF6kmvW_9HjE
Belanja Jasa Lainnya,DRAFT,2026,"ddd8d823-da66-4445-9879-472ff6c1fcaf, a17f4698-4a84-41dc-b5fb-86efb013b01f, e0ef3138-9e7a-4029-af61-f0894e5bacb6",495,0,ON_PROCESS,Tidak,K34,BALAI BESAR PELATIHAN VOKASI DAN PRODUKTIVITAS MEDAN,WA.6988.EBA.994.002.0A.522191,APBN,01KHB9BEPJE9ZQ2JYYNXWEA6WC,2611554638,65403994,3,01J8KN4QB8AKDWJ43RPBJF6WCA,451094,339443009,2026-02-19T00:00:00Z,"Dukungan Manajemen Direktorat Jenderal Pembinaan Pelatihan Vokasi dan Produktivitas, ",efbb911a-59d7-54a0-816c-d0c9fbaa93e6.jYVoHwxo9rakWpVp.hHq02EMFcv8vy4PuLA0f5trcv3y4aJZGF6kmvW_9HjE
Belanja Bahan PBK Reguler Luring ,COMPLETED,2026,"528671f8-538a-4bd6-8c98-4af4e381325e, eda8a913-c7e3-4abe-84f2-c6f10151fe2b, 0bb1b7ce-fe2b-4b47-996d-cc35d82f347d, b9fa22a1-1711-4d3d-9564-1c304e3d2a00, e28918f5-81b0-4521-aa4f-c9d2bdd397cd, b98213ee-4390-4d86-8417-312f5e324fab, dce203e2-daf8-42c9-a027-8aec92ac55d1, 61fd4a00-82d3-4a93-a01d-6140accffebb, 0b5d9458-f41e-4ac7-9ef3-cc84d3c57dc6, 6c97a17d-0ee8-45c1-b62a-1504ae6bc08f, 08139a5c-b73d-4aef-9e93-587422e13db5, 7a3dc399-492d-4a40-9f1b-aef1001d6c71, d4635222-4da5-4e03-9301-dbf2a8b327a2, c6d4d917-8d1e-4528-b181-8cb6dbf73954, 2ff6c462-6265-404a-806b-077f65d4d82c, 64eef915-964a-484f-95ae-4db8ae291cae, 682765a5-9593-4612-bb4b-32108a1746d9, 2503826b-4e4b-4bef-bb3e-e17554bf4127, 587e79a6-3114-49ad-9cb8-2994b7e8af89, ee11b042-d43b-4d8c-bc26-cec8e3dccc6a, 7b0aff74-8c8a-4f0e-ba33-0945a0d50954, 9ebba4bb-1284-43a2-a3a0-ea2586fec189, f592c39f-23bb-42af-bac0-ec804399f709, f17fb2ba-2f2b-423a-9454-25abdf73ed5c, bc161b71-374b-46f3-b65e-0d690f8b5545, 0bf80089-246f-49fa-85cd-92fad85e53d6, 847a78e8-7102-44fa-a995-62ee95ee1548, f9e9d7c7-1a3a-4cdf-a2da-962062e37524, 0233f184-e26e-4a25-92b2-104de2737fd9",185,0,COMPLETED,Tidak,K34,BALAI BESAR PELATIHAN VOKASI DAN PRODUKTIVITAS SEMARANG,DL.4057.SCO.007.052.0A.521211,APBN,01KK12XF16VCCQ3ZW7FP0SPA0K,16106211,66186257,29,01J81QPN27R0FDVY86ZEFZ77TW,452609,2502042,2026-03-06T00:00:00Z,"Peningkatan Penyelenggaraan Pelatihan Vokasi dan Pemagangan Binalavotas, ",efbb911a-59d7-54a0-816c-d0c9fbaa93e6.jYVoHwxo9rakWpVp.hHq02EMFcv8vy4PuLA0f5trcv3y4aJZGF6kmvW_9HjE
"Belanja Pakaian Kerja, Bahan dan Konsumsi Pelatihan - BLK Purworejo",DRAFT,2026,"c71ad646-ab72-49b0-ac4a-cbd49c47aa17, b9d06ea0-0359-419d-abb1-075d5077635c, 4218dc20-5722-44d2-9fb3-6761296fc667, 5e0b7b47-7b23-468c-8a1c-52fdb99948dc, fe3443bc-2d13-4f74-b79b-8cd9bd12b900, 52a4b198-4987-4607-b48e-9e4074b9e819, f635a2c9-06c6-41d1-a8d1-d235ca541207, 439cd61a-01ca-4423-ac4a-d8615048428a, bf1cd5c9-34d6-4e4a-b7df-d00dedb445f2, 77fe3713-4fa3-42d5-abd0-a29b723a6336, 7fd5e652-b8af-4ef8-9b75-d534db4c2dd2, 1f4a2741-10a8-4bb2-8e59-02c556a212fa, 9a3e8310-4381-4296-a366-dcc39ef045e6, 971b2758-355f-4da2-9302-b9a3a4a8a851, 8dc4f1d2-9ffa-4324-b7f4-8dd8a0b33314, 679e5c4f-5dc3-4cdf-a67b-8a6c3e113909, edf67e3b-8d21-4ffb-8f78-266fcda5e399, 24b686e4-831b-484a-bd6e-e5d3124919c2, 2e69c392-2084-481d-a204-1c57b71acbf1, 0884860d-05f0-4b7e-a259-fa1f407a17f7, 6ee07b58-f6d3-47fd-9fcd-2288efd08247, 1867488a-ee7c-4290-a175-a6395b856b42, 32087eab-d275-4e98-8c31-edf17ce2449e, 8245ebbf-eaba-401f-94ad-74b2de192642, 7f1730ff-3985-44eb-9bf5-649c172b10ea, de833488-9134-4b65-92a3-73c7f6846c47",310,,CANCELLED_ON_NEGOTIATION,Tidak,K34,BALAI PELATIHAN VOKASI DAN PRODUKTIVITAS SURAKARTA,DL.4057.SCO.011.052.0A.521211,APBN,01KTTZY220EX2CG7399T8XCJT6,17686061,66399315,26,01JK0ADAEF2QJ3HZX1H9D2SRGN,035636,683146,,"Peningkatan Penyelenggaraan Pelatihan Vokasi dan Pemagangan Binalavotas, ",efbb911a-59d7-54a0-816c-d0c9fbaa93e6.jYVoHwxo9rakWpVp.hHq02EMFcv8vy4PuLA0f5trcv3y4aJZGF6kmvW_9HjE
Pakaian Kerja,COMPLETED,2026,17a9ad3b-36ad-4808-86b1-bc51bfbdc0a7,140,0,ON_PROCESS,Tidak,K34,BALAI PELATIHAN VOKASI DAN PRODUKTIVITAS LOMBOK TIMUR,DL.4057.SCO.005.052.0A.521211,APBN,01KZAKTFDW0SN46H0V56V88EZ2,23310000,63392962,1,01JYGPS1FZS5WAVV2XF7DF1GQ7,230302,0,2026-08-06T00:00:00Z,"Peningkatan Penyelenggaraan Pelatihan Vokasi dan Pemagangan Binalavotas, ",efbb911a-59d7-54a0-816c-d0c9fbaa93e6.jYVoHwxo9rakWpVp.hHq02EMFcv8vy4PuLA0f5trcv3y4aJZGF6kmvW_9HjE
Belanja Bahan TMT Klaster,COMPLETED,2026,"e0849b80-de10-4c42-9f70-af6f34604fe2, c380acde-15ee-4201-9355-14dd347c69bb, 0c1734b9-622c-450b-beab-87da987163b9, e4ccdb0b-17c1-424a-a7b0-4550b196299b, c699f0be-0170-4796-85dd-500b3bf62acf, c34932ff-8ff9-4cdd-a6ba-c2da28315481, d780b726-62be-40f3-ae83-005f7f9ab850, ad2f3a4d-58bc-4db4-ac09-d4aa9f079c1c, 5b486211-b847-43f0-97ad-3d48a2b63feb, ed5db028-208f-4e08-9a5e-1aedc894e716, 64277788-47f0-46cd-b207-126b63fa8280, aafb4204-bc59-4879-b3aa-dc7f597744ac, 0111c5d6-f05b-4710-9036-cf50ef02c8f8, 6acef208-41fd-4bf2-a7e2-fe6759d5c3ea, c9e71334-0dcb-4be0-bd3e-6bfdb2ecb243, 89913618-6cd1-4242-82ee-2fbbfd5f7f0b, e181c0ba-fd6a-4724-9e88-f8236a20520f, b549edc5-7edd-4893-b3dc-e595ad0f6ff5, 5ebcd157-93b5-4559-bf49-fd277934e86b, 02c92d6b-308c-4e30-a669-f2016c92ddc8, c33b88ff-d2ff-4ae9-9dcd-b5a18111b2ad, 59623820-b348-467c-be06-91e425e8422d, 85acaf36-1241-4530-a66f-c92bd8591ec7, 193bb9a0-8c50-4dae-bff3-acb4413a7eb2, 78decc69-6637-4266-806b-f1ac63e74a91, 9e6302a4-c618-4e21-8096-d658f7f91c96, b2970dc0-a18d-4f80-92e8-656c497863dc, 4a08a393-b104-4109-8e90-120a8168895f, 07d00fa0-5829-460e-9312-2c33c3535316, f8fbc51b-8300-4287-80a2-d0dccefa974f, 55419760-355f-4153-85a6-5a4ae24a6083, 1c2bab09-a56d-4bbd-8a63-95d683a6edde, f83b6915-a5b2-4310-9baf-242c3701a253, f094d94c-d9ff-4487-b27b-6e2153774b9a, 2bb0e0b7-c2ab-46ba-9f19-1d2a99f099bc, 9fb8f2a6-3901-4a83-a6d3-1c7eba82b784, a42773d5-953c-481a-8766-89a33790dcd3, 215eb937-1339-42a7-b978-4e8831af4a09, 643c41a9-47fd-4166-812c-214ac2118bd0, 86bc073c-34b3-4060-9171-ccf93e2d0d44, 5f47aba4-2a2a-4140-89f8-0ac4ecfe8e44, 4615043f-d8e2-4f85-bc34-63ab586b21f4, 446f164d-a51b-4242-9a62-5d876dae87cd",538,333000,COMPLETED,Tidak,K34,BALAI BESAR PELATIHAN VOKASI DAN PRODUKTIVITAS SEMARANG,DL.4057.SCO.003.053.0A.521211,APBN,01KKTS6C1XJX52VA37GZZEXKS6,11491830,66185950,43,01K2KX48KE5DQHRAJ0REG26EE5,452609,0,2026-03-17T00:00:00Z,"Peningkatan Penyelenggaraan Pelatihan Vokasi dan Pemagangan Binalavotas, ",efbb911a-59d7-54a0-816c-d0c9fbaa93e6.jYVoHwxo9rakWpVp.hHq02EMFcv8vy4PuLA0f5trcv3y4aJZGF6kmvW_9HjE
Belanja Bahan Pelaksanaan Sertifikasi Lulusan Pelatihan ,COMPLETED,2026,"7f5cf5f6-0a50-407b-801d-3022b71997d3, f5446539-44a3-4e88-bf17-a9f5b7b69805, ee4425aa-84df-4b9e-afa2-169a7e40ce7e, 7b0aff74-8c8a-4f0e-ba33-0945a0d50954, 847a78e8-7102-44fa-a995-62ee95ee1548, 3d481c92-797e-41aa-b86d-b76b1aa15e66, 6c19c185-6ffb-4500-b85a-95be51f98bd3, ef3ee103-1bc6-41d5-8542-910523f91bf4",26,482850,COMPLETED,Tidak,K34,BALAI BESAR PELATIHAN VOKASI DAN PRODUKTIVITAS SEMARANG,DL.4053.PDI.002.051.0B.521211,APBN,01KYKR8ZEP395PHK7YTWFH9SCJ,3918078,62801553,8,01J81QPN27R0FDVY86ZEFZ77TW,452609,2502042,2026-07-28T00:00:00Z,"Pengembangan Sistem dan Pelaksanaan Sertifikasi Kompetensi Profesi Binalavotas, ",efbb911a-59d7-54a0-816c-d0c9fbaa93e6.jYVoHwxo9rakWpVp.hHq02EMFcv8vy4PuLA0f5trcv3y4aJZGF6kmvW_9HjE
Safety Shoes Teknisi ,COMPLETED,2026,fd402f5d-f26e-4207-9a96-f170d340387d,80,0,COMPLETED,Tidak,K34,BALAI BESAR PELATIHAN VOKASI DAN PRODUKTIVITAS BANDUNG,DL.4057.SCO.003.054.0A.521211,APBN,01KWVCEX30AASRWD6B5269JK3P,27984000,67429488,1,01JHM3C4G9WQHRT5WTDSHCA2NE,452542,24980014,2026-07-07T00:00:00Z,"Peningkatan Penyelenggaraan Pelatihan Vokasi dan Pemagangan Binalavotas, ",efbb911a-59d7-54a0-816c-d0c9fbaa93e6.jYVoHwxo9rakWpVp.hHq02EMFcv8vy4PuLA0f5trcv3y4aJZGF6kmvW_9HjE
Pengadaan Bahan Pelatihan Vokasi UPTP PNBP (30 Paket),COMPLETED,2026,"08357c96-7ae2-41d9-976a-11d40531f194, 627a2dae-6eb5-4d0d-85d9-2815c18f5b19, 9b7cb8dc-22c1-47ab-aac2-4f65d63b8751",80,0,COMPLETED,Tidak,K34,BALAI BESAR PELATIHAN VOKASI DAN PRODUKTIVITAS SERANG,"DL.4057.SCO.003.051.0A.521211, DL.4057.SCO.003.053.0A.521211, DL.4057.SCO.003.054.0A.521211, DL.4057.SCO.005.052.0A.521211, DL.4057.SCO.007.052.0A.521211, DL.4057.SCO.008.052.0B.521211",APBN,01KTTSTF0R9HD9S1R8ED39KVT6,15797520,66342119,3,01JZSP8YSK8DC78JVR8CZQCQ1H,426531,0,2026-06-15T00:00:00Z,"Peningkatan Penyelenggaraan Pelatihan Vokasi dan Pemagangan Binalavotas, ",efbb911a-59d7-54a0-816c-d0c9fbaa93e6.jYVoHwxo9rakWpVp.hHq02EMFcv8vy4PuLA0f5trcv3y4aJZGF6kmvW_9HjE
"Jasa Pengemudi, Sekretaris, Teknisi, Resepsionis, dan Toolman",DRAFT,2026,34aa1be8-7315-4121-a12b-5ca30e6e296b,120,0,ON_PROCESS,Tidak,K34,BALAI PELATIHAN VOKASI DAN PRODUKTIVITAS SAMARINDA,WA.6988.EBA.994.002.0A.522191,APBN,01KDS39MECWRV55BXKX022YPV8,682596960,62514106,1,01JCZJFN666M1AY2P6MKV6W621,451108,312243394009,2025-12-31T00:00:00Z,"Dukungan Manajemen Direktorat Jenderal Pembinaan Pelatihan Vokasi dan Produktivitas, ",efbb911a-59d7-54a0-816c-d0c9fbaa93e6.jYVoHwxo9rakWpVp.hHq02EMFcv8vy4PuLA0f5trcv3y4aJZGF6kmvW_9HjE
Belanja Jasa Lainnya,COMPLETED,2026,"bc133992-977c-4263-a308-39098e2e2bb8, af781b8c-f22b-4557-8e58-e8f458da3665, 8889b1bf-b146-498f-9e2c-6af824b56c24",264,0,PAYMENT_OUTSIDE_SYSTEM,Tidak,K34,INSPEKTORAT JENDERAL,WA.2171.EBA.994.002.0C.522191,APBN,01KEEG7VCVFFS1TWNK55XQF6X8,2045533152,62697975,3,01JC4WS8C5M2TXFXV3S7J26613,259031,1084190,2026-01-09T00:00:00Z,"Dukungan Manajemen dan Dukungan Teknis Lainnya Inspektorat Jenderal, ",efbb911a-59d7-54a0-816c-d0c9fbaa93e6.jYVoHwxo9rakWpVp.hHq02EMFcv8vy4PuLA0f5trcv3y4aJZGF6kmvW_9HjE
Pelatihan Vokasi Bidang Industri dan Jasa Program TMT,COMPLETED,2026,cd89ad2e-8dbb-4d24-aed6-9f5bf4e500b6,1088,0,PAYMENT_OUTSIDE_SYSTEM,Tidak,K34,BALAI PELATIHAN VOKASI DAN PRODUKTIVITAS BANYUWANGI,DL.4057.SCO.003.051.0A.521211,APBN,01KVEWNNEQBZZETZVGGM5WGYTY,21760000,66371877,1,01JF6KWF51KHA15E04S9DNDWZQ,051102,350358,2026-06-19T00:00:00Z,"Peningkatan Penyelenggaraan Pelatihan Vokasi dan Pemagangan Binalavotas, ",efbb911a-59d7-54a0-816c-d0c9fbaa93e6.jYVoHwxo9rakWpVp.hHq02EMFcv8vy4PuLA0f5trcv3y4aJZGF6kmvW_9HjE
Pengadaan Pakaian Kerja dan Kaos Peserta Pelatihan (189 Paket),COMPLETED,2026,ff913ca8-4573-41e9-b773-b4dd2a09f116,16,0,COMPLETED,Tidak,K34,BALAI BESAR PELATIHAN VOKASI DAN PRODUKTIVITAS SERANG,"DL.4057.SCO.003.051.0A.521211, DL.4057.SCO.003.051.0B.521211, DL.4057.SCO.003.052.0A.521211, DL.4057.SCO.003.052.0C.521211, DL.4057.SCO.003.053.0A.521211, DL.4057.SCO.003.053.0B.521211, DL.4057.SCO.003.054.0A.521211, DL.4057.SCO.005.052.0A.521211, DL.4057.SCO.005.052.0C.521211, DL.4057.SCO.007.052.0A.521211, DL.4057.SCO.007.052.0C.521211, DL.4057.SCO.008.052.0A.521211, DL.4057.SCO.008.052.0B.521211, DL.4057.SCO.035.051.0B.521211, DL.4057.SCO.035.054.0B.521211, DL.4057.SCO.035.055.0B.521211, DL.4057.SCO.035.056.0B.521211",APBN,01KXQA9C7GVFFYGWPREQGDVAE3,2379840,63093792,4,01JBGDSJNXNZCRFFDHX1P49CE2,426531,16727127,2026-07-20T00:00:00Z,"Peningkatan Penyelenggaraan Pelatihan Vokasi dan Pemagangan Binalavotas, ",efbb911a-59d7-54a0-816c-d0c9fbaa93e6.jYVoHwxo9rakWpVp.hHq02EMFcv8vy4PuLA0f5trcv3y4aJZGF6kmvW_9HjE
"Pengadaan Pakaian Kerja PBK, PBL, dan TMT Batch 1 BPVP Belitung",COMPLETED,2026,ce50f009-5edc-40eb-8b2a-f422dd5a83a5,400,0,PAYMENT_OUTSIDE_SYSTEM,Ya,K34,BALAI PELATIHAN VOKASI DAN PRODUKTIVITAS BELITUNG,"DL.4057.SCO.003.051.0B.521211, DL.4057.SCO.003.052.0A.521211, DL.4057.SCO.003.053.0B.521211, DL.4057.SCO.004.052.0A.521211, DL.4057.SCO.005.052.0A.521211",APBN,01KK8YC5NXZRZY47NEBW55RP7J,42995184,66252656,3,01JJHX8HPPK53JJM8RZSZK7ECB,352631,0,2026-03-10T00:00:00Z,,efbb911a-59d7-54a0-816c-d0c9fbaa93e6.jYVoHwxo9rakWpVp.hHq02EMFcv8vy4PuLA0f5trcv3y4aJZGF6kmvW_9HjE
Penyebaran Siaran Pers,DRAFT,2026,bc2aebe9-223e-48d3-9fc0-76680a8182c2,11,0,ON_PROCESS,Tidak,K34,SEKRETARIAT JENDERAL KEMNAKER,WA.2163.EBA.958.051.0A.522191,APBN,01KH0V18JQZHW8GB5XS87CZ2YY,99938850,63758588,1,01JP4N49BETWVG0CF2C6C0Z6H1,450938,282143009,2026-02-20T00:00:00Z,"Peningkatan dan Pengelolaan Hubungan Masyarakat, ",efbb911a-59d7-54a0-816c-d0c9fbaa93e6.jYVoHwxo9rakWpVp.hHq02EMFcv8vy4PuLA0f5trcv3y4aJZGF6kmvW_9HjE
Pakaian Kerja,COMPLETED,2026,da487e7c-8f6e-4111-8463-ed7d2a8e2cfd,80,0,PAYMENT_OUTSIDE_SYSTEM,Tidak,K34,BALAI PELATIHAN VOKASI DAN PRODUKTIVITAS BANDUNG BARAT,DL.4057.SCO.010.067.0A.521211,APBN,01KTAZ8BH4BFRA19KBEHRYYN11,11955588,67253702,1,01JH227NAA2C5VTDTVW81RNZRN,021212,22169014,2026-06-09T00:00:00Z,"Peningkatan Penyelenggaraan Pelatihan Vokasi dan Pemagangan Binalavotas, ",efbb911a-59d7-54a0-816c-d0c9fbaa93e6.jYVoHwxo9rakWpVp.hHq02EMFcv8vy4PuLA0f5trcv3y4aJZGF6kmvW_9HjE
Belanja Bahan Pelaksanaan Sertifikasi Lulusan Pelatihan Vokasi (PNP),COMPLETED,2026,"25f1aa9f-c970-49fc-ad39-eba494917291, 3a04e736-1c9a-4c00-9347-7e80089aef50, 829d8b2e-912e-4dac-82f3-a770f75fc146, 3a63bb1b-4038-4b9a-a8ef-66ede4434d43, 67e8fd2e-c11e-4d27-826d-f1b8f5feaa76, 08b6134a-72fd-4279-a8bd-bc9b21b02e95, 999480c9-5ed3-48bf-9e51-aa1c54f0ac47, ae8ce8a0-0d45-4dee-8e28-2dd557b27794, 20ea42cd-c2ad-43a9-8d67-eef4c5381682, c2560eda-18ad-4c4c-80f7-1f8abca53e62, 93e6ce00-c38f-4c7c-bde7-12836e19eca4, d7f7b1ad-4eb7-470f-b6a2-22e1b7cbe9e1, f873fea9-e88f-4b4d-bfce-24afc9a292a8, 0370f81e-2fd4-4a7b-b72f-80bd73c13521, aac77e82-0e1f-463e-8710-e4938f1f4486, 9227cdf2-75e7-4d2a-aaaa-5c4d9b60cf6d, e3a89f6d-2268-499c-8031-62b8cd875328, f18817dd-df37-4456-aba6-31f391a958ba, ece7f23b-fb94-4de8-af20-6cd0ab1ac3a8, 28178281-1cc0-46f5-8c3e-b9e8404f2b2f",196,360750,COMPLETED,Tidak,K34,BALAI BESAR PELATIHAN VOKASI DAN PRODUKTIVITAS SEMARANG,DL.4053.PDI.002.051.0A.521211,APBN,01KQ96M7GGXWHTEC1CFD8DTTGR,11590065,66185662,20,01J81QPN27R0FDVY86ZEFZ77TW,452609,2502042,2026-04-28T00:00:00Z,"Pengembangan Sistem dan Pelaksanaan Sertifikasi Kompetensi Profesi Binalavotas, ",efbb911a-59d7-54a0-816c-d0c9fbaa93e6.jYVoHwxo9rakWpVp.hHq02EMFcv8vy4PuLA0f5trcv3y4aJZGF6kmvW_9HjE
HONORARIUM ALIH DAYA DAN OUTSOURCHING,DRAFT,2026,b59695d6-cf8d-42b6-9b3c-6d2d9217d3ad,108,0,ON_PROCESS,Tidak,K34,BALAI BESAR PELATIHAN VOKASI DAN PRODUKTIVITAS SEMARANG,WA.6988.EBA.994.002.0G.522191,APBN,01KERKS5X4MGK6SDJP2F6WEHJX,526656060,62758568,1,01JW7ZRJ50X22Q1ABZG20R2CH7,452609,0,2026-01-12T00:00:00Z,"Dukungan Manajemen Direktorat Jenderal Pembinaan Pelatihan Vokasi dan Produktivitas, ",efbb911a-59d7-54a0-816c-d0c9fbaa93e6.jYVoHwxo9rakWpVp.hHq02EMFcv8vy4PuLA0f5trcv3y4aJZGF6kmvW_9HjE
Bahan Pelatihan Batch 2 _ BLK Sukoharjo,COMPLETED,2026,"d6506827-1d89-47fe-b1b7-0228a027fb73, 872d6623-bb01-4909-b641-81f2b25de250, 9aa20bcf-4689-4588-9ed8-4b96c2cb537f, 0f555648-ae46-4d01-b8c0-f775473a396b, 3b1c4dd7-1f0e-43d8-96e0-40cc448aa7e8, 9c11ace7-019e-409c-a86e-825753f02db4, b9aad1fc-9b86-41f5-b095-44e4076b2f38, 16d573f3-0727-4392-afbf-4a4bc79cf8b0, 4d0fdb81-9030-47fc-bb7c-ff7e323e1168, 77be38ef-1833-452d-a0f7-1ab6d2625369, e633c865-77b2-4b5b-a4a6-c5b1597343ac, 304c9c01-87e7-4e99-b219-a2b0a83c305b, d6c4bc03-3a40-4d59-87ba-e78d3f4a5c1d, ba515261-b76b-4f49-a0d8-e7d67262e25a, b3c3b4e2-3508-4ca1-a049-48912c5c4b18, 6c42e546-2906-45bb-b3d8-b04a0b43da69, 3dfaf580-c5f3-4af8-9a9c-ac653d5c8d0b, 2b612681-c870-4591-a250-f62da8ace154, cfb7bd3d-a3e6-4357-bc92-896cf99f3372, e27ff610-8f4c-4bad-9f59-75d87d08f3a9, 51d9c64d-c289-4749-b629-ff6bd73f798d, 65c0a8fb-b592-430e-a01d-87dd6f88bda6, cc8181b5-927b-43c4-a911-d579899a7e6b, 301b4004-4957-4787-8f29-e33eca7972c5, d6e2028b-964d-448a-8d29-92f42c1eefca, a3950fde-3d9d-400b-9ce9-3f901928fcfa, 547371ef-c2ef-4d2c-9823-784e505ec45c, fc410cea-5daa-4c3b-aba6-2697630e6577, d274fef9-7369-4e32-b771-d2249d8485bb, 8c95069c-3c52-49fb-b23a-c6f72e6bdca9, bda1b7fc-470d-42af-9d96-f1c3e174fbf3, 2f335344-874a-4406-bc05-54bd623a9e2c, 901ff130-a391-4203-9b59-75103acb4b2c, a9e3ecad-9917-4c59-98d5-625d7bb1c418, 2404db0d-7923-4158-bcff-be9fbef57f93, 3a5eca9f-10b9-4b2f-8ce7-7856650bc731, 43c6f70e-edc8-452c-9894-0251259e39c1, b60cfcf6-afb3-42f1-92b7-f0cac9bbb68a, ed64e21a-2326-49d9-a028-91f692663041, 3f7bcd34-a01a-46bb-9f7a-c1a4a9aada77, 3adec184-3725-4c3f-93a1-824ec40cc3fb, aa9f9630-9b36-4e87-99b0-203987cad67c, 309535de-d3b2-4f19-8bf4-da62b24f5061, 55c9473f-3971-4ef5-b67a-1ae2e056769f, d5c49645-1563-406e-bb37-7385451ed01b, cb408362-4e10-4108-9432-f50748acfd77, d2f61c0d-4f57-4f0b-961b-3118f9b22ab8",742,0,ON_PROCESS,Tidak,K34,BALAI PELATIHAN VOKASI DAN PRODUKTIVITAS SURAKARTA,DL.4057.SCO.011.075.0A.521211,APBN,01KVSQKVSA80TCFRM5S1ZAJYXN,15793395,66617518,47,01JMBPDEA12RH5HKKRMTTDRCXX,035636,583141,2026-06-23T00:00:00Z,"Peningkatan Penyelenggaraan Pelatihan Vokasi dan Pemagangan Binalavotas, ",efbb911a-59d7-54a0-816c-d0c9fbaa93e6.jYVoHwxo9rakWpVp.hHq02EMFcv8vy4PuLA0f5trcv3y4aJZGF6kmvW_9HjE
"Fullboard Moderator, Panitia Penyelenggara dan Peserta",COMPLETED,2026,9eacd7c3-efdf-4205-8c71-228b3933962c,71,0,COMPLETED,Tidak,K34,DITJEN PHI DAN JAMSOS,DN.6587.QDH.002.052.0B.524114,APBN,01KK152PVG7JZ5JDHF5HHGVQ6W,71000000,66124021,1,01JWATA9SKZVDA022CGSQKZ3CY,451310,0,2026-03-10T00:00:00Z,"Peningkatan Pembinaan Hubungan Kerja dan Penerapan Pengupahan, ",efbb911a-59d7-54a0-816c-d0c9fbaa93e6.jYVoHwxo9rakWpVp.hHq02EMFcv8vy4PuLA0f5trcv3y4aJZGF6kmvW_9HjE
Pengemudi/Asisten Ahli/Tenaga Ahli Sub Profesional,DRAFT,2026,"3e3f4718-76fc-4949-b4ff-0e1d75692f0a, 9fa153ce-564d-450e-ac6d-6f116ff4383b",53,,CANCELLED_ON_NEGOTIATION,Tidak,K34,DIREKTORAT BINA KELEMBAGAAN PELATIHAN VOKASI,WA.6988.EBA.994.002.0A.522191,APBN,01KJ4N01SRDXSR9YVH2J824XAQ,479984406,65017646,2,01JC8HPBWWT8NZ12ZXT6628CQG,626131,11240127,,"Dukungan Manajemen Direktorat Jenderal Pembinaan Pelatihan Vokasi dan Produktivitas, ",efbb911a-59d7-54a0-816c-d0c9fbaa93e6.jYVoHwxo9rakWpVp.hHq02EMFcv8vy4PuLA0f5trcv3y4aJZGF6kmvW_9HjE
Pakaian Kerja Pelatihan Vokasi Bidang Industri dan Jasa (RM),COMPLETED,2026,da487e7c-8f6e-4111-8463-ed7d2a8e2cfd,176,0,PAYMENT_OUTSIDE_SYSTEM,Tidak,K34,BALAI PELATIHAN VOKASI DAN PRODUKTIVITAS BANDUNG BARAT,"DL.4057.SCO.003.051.0B.521211, DL.4057.SCO.003.052.0A.521211",APBN,01KJVB5QA5QS4D70KQ6P8S9MCH,26302294,66153115,1,01JH227NAA2C5VTDTVW81RNZRN,021212,22169014,2026-03-04T00:00:00Z,,efbb911a-59d7-54a0-816c-d0c9fbaa93e6.jYVoHwxo9rakWpVp.hHq02EMFcv8vy4PuLA0f5trcv3y4aJZGF6kmvW_9HjE
Pengadaan Pakaian Kerja dan Kaos Peserta Pelatihan (189 Paket),COMPLETED,2026,ff913ca8-4573-41e9-b773-b4dd2a09f116,48,0,COMPLETED,Tidak,K34,BALAI BESAR PELATIHAN VOKASI DAN PRODUKTIVITAS SERANG,"DL.4057.SCO.003.051.0A.521211, DL.4057.SCO.003.051.0B.521211, DL.4057.SCO.003.052.0A.521211, DL.4057.SCO.003.052.0C.521211, DL.4057.SCO.003.053.0A.521211, DL.4057.SCO.003.053.0B.521211, DL.4057.SCO.003.054.0A.521211, DL.4057.SCO.005.052.0A.521211, DL.4057.SCO.005.052.0C.521211, DL.4057.SCO.007.052.0A.521211, DL.4057.SCO.007.052.0C.521211, DL.4057.SCO.008.052.0A.521211, DL.4057.SCO.008.052.0B.521211, DL.4057.SCO.035.051.0B.521211, DL.4057.SCO.035.054.0B.521211, DL.4057.SCO.035.055.0B.521211, DL.4057.SCO.035.056.0B.521211",APBN,01KMZ56QMW8YEA7SRFABSEWQR4,7139520,63093792,6,01JBGDSJNXNZCRFFDHX1P49CE2,426531,16727127,2026-03-31T00:00:00Z,"Peningkatan Penyelenggaraan Pelatihan Vokasi dan Pemagangan Binalavotas, ",efbb911a-59d7-54a0-816c-d0c9fbaa93e6.jYVoHwxo9rakWpVp.hHq02EMFcv8vy4PuLA0f5trcv3y4aJZGF6kmvW_9HjE
Pelatihan Vokasi di Provinsi Jawa Timur UPT BLK Bondowoso,COMPLETED,2026,4e414577-adc6-4ea3-8355-3c6f44ec7da5,48,0,COMPLETED,Tidak,K34,BALAI PELATIHAN VOKASI DAN PRODUKTIVITAS BANYUWANGI,DL.4057.SCO.013.071.OA.521211,APBN,01KWKCMDBKPV0G4TAPZV82JHWS,4795200,62259252,1,01JKA2D2DVG0R44ENMDXZXQQ38,051102,440472,2026-07-03T00:00:00Z,"Peningkatan Penyelenggaraan Pelatihan Vokasi dan Pemagangan Binalavotas, ",efbb911a-59d7-54a0-816c-d0c9fbaa93e6.jYVoHwxo9rakWpVp.hHq02EMFcv8vy4PuLA0f5trcv3y4aJZGF6kmvW_9HjE
Paket Alih Daya - Helpdesk & Pengemudi,DRAFT,2026,"e816ecd8-dd8a-4e80-9447-5d34a132f790, cbe3d6b1-a593-4cc8-b50a-67de3e79ff3f",5,0,ON_PROCESS,Tidak,K34,DIREKTORAT BINA PENYELENGGARAAN PELATIHAN VOKASI DAN PEMAGANGAN,WA.6988.EBA.994.002.MA.521111,APBN,01KJ4SP8CGQK6Q70H53RQ33S9K,428277037,65831104,2,01JB0W1YHSNPS4PMNKJVCPZAM2,626132,336190,2026-03-03T00:00:00Z,"Dukungan Manajemen Direktorat Jenderal Pembinaan Pelatihan Vokasi dan Produktivitas, ",efbb911a-59d7-54a0-816c-d0c9fbaa93e6.jYVoHwxo9rakWpVp.hHq02EMFcv8vy4PuLA0f5trcv3y4aJZGF6kmvW_9HjE
Konsumsi Peserta Pelatihan 180 JP Reguler PNBP,DRAFT,2026,ff6ecf37-0598-4d3b-805f-e8b6273f095c,1714,0,ON_PROCESS,Tidak,K34,BALAI BESAR PELATIHAN VOKASI DAN PRODUKTIVITAS MEDAN,DL.4057.SCO.005.052.0A.521211,APBN,01KVMDS9466BQ6T1FMYSJ7QBMG,32566000,66121303,1,01K58D7JY1JYPTGJFWZ2X04A9N,451094,0,2026-06-22T00:00:00Z,"Peningkatan Penyelenggaraan Pelatihan Vokasi dan Pemagangan Binalavotas, ",efbb911a-59d7-54a0-816c-d0c9fbaa93e6.jYVoHwxo9rakWpVp.hHq02EMFcv8vy4PuLA0f5trcv3y4aJZGF6kmvW_9HjE
Pengadaan Jasa Tenaga Kerja Outsourcing Ditjen Binapenta dan PKK,DRAFT,2026,"ff45da07-5c38-4856-9e1a-7e6a4c463899, 7907e2ff-0cb3-4d2d-9a39-a2e0f7301fa3, 79deedaf-627b-40d1-8f00-7aebe1fafbf1",473,0,ON_PROCESS,Tidak,K34,DITJEN PEMBINAAN PENEMPATAN TENAGA KERJA DAN PERLUASAN KESEMPATAN KERJA,WA.6621.EBA.994.002.0E.521111,APBN,01KFDEDVW68WRTAMEDC7VTP0BQ,3785430000,62875127,3,01JBY93PFF67PZKX4A22Z15V9M,451139,5757127,2026-01-30T00:00:00Z,"Dukungan Manajemen Ditjen Pembinaan Penempatan Tenaga Kerja dan Perluasan Kesempatan Kerja, ",efbb911a-59d7-54a0-816c-d0c9fbaa93e6.jYVoHwxo9rakWpVp.hHq02EMFcv8vy4PuLA0f5trcv3y4aJZGF6kmvW_9HjE
Pemberian Termite Control / Anti Rayap,COMPLETED,2026,8425a121-504d-4924-bd8f-436e1f74e0df,3802,0,ON_PROCESS,Tidak,K34,SEKRETARIAT JENDERAL KEMNAKER,WA.2158.EBA.994.002.0K.523111,APBN,01KYKV3GF1E4FA834PHSMCJ44W,174717108,66029444,1,01JH25183A5TVY813HBHAKEDVN,450938,3667127,2026-07-30T00:00:00Z,"Peningkatan Pengelolaan dan Pelaporan Keuangan, ",efbb911a-59d7-54a0-816c-d0c9fbaa93e6.jYVoHwxo9rakWpVp.hHq02EMFcv8vy4PuLA0f5trcv3y4aJZGF6kmvW_9HjE
Konsumsi Peserta Pelatihan 200 JP PBL RM,COMPLETED,2026,14b04ca1-3e9f-4039-818b-7d7b916821c0,912,0,PAYMENT_OUTSIDE_SYSTEM,Tidak,K34,BALAI BESAR PELATIHAN VOKASI DAN PRODUKTIVITAS MEDAN,DL.4057.SCO.003.051.0B.521211,APBN,01KN1TE3G1ASDYHQ7ZKFBDCHMV,17784000,65762766,1,01K10E7HHEM420DCD80BAM4TQS,451094,0,2026-03-31T00:00:00Z,"Peningkatan Penyelenggaraan Pelatihan Vokasi dan Pemagangan Binalavotas, ",efbb911a-59d7-54a0-816c-d0c9fbaa93e6.jYVoHwxo9rakWpVp.hHq02EMFcv8vy4PuLA0f5trcv3y4aJZGF6kmvW_9HjE
Konsumsi Peserta Pelatihan (RM),DRAFT,2026,9d079815-bd96-43c1-b471-9f536452af11,9280,,CANCELLED_ON_NEGOTIATION,Tidak,K34,BALAI PELATIHAN VOKASI DAN PRODUKTIVITAS SAMARINDA,"DL.4057.SCO.003.051.0B.521211, DL.4057.SCO.003.052.0A.521211",APBN,01KMPS66DBSRXYKR70J57KQHW9,232000000,66626893,1,01K5G0BRX7C57HJSJGGD0B0AS8,451108,0,,,efbb911a-59d7-54a0-816c-d0c9fbaa93e6.jYVoHwxo9rakWpVp.hHq02EMFcv8vy4PuLA0f5trcv3y4aJZGF6kmvW_9HjE
Paket Fullboard Peserta dan Panitia,COMPLETED,2026,cddd146f-ad1f-4461-b69e-e04bc2cf5ac6,66,0,COMPLETED,Tidak,K34,DITJEN. PEMBINAAN HUBUNGAN INDUSTRIAL DAN JAMINAN SOSIAL TENAGA KERJA,DN.5586.PEF.001.051.0A.524114,APBN,01KNH06A4E8MTY0VKX0ARFAD14,54120000,66258191,1,01JXBX1VH7Y0QEJRSAJVWAPA9C,451270,0,2026-04-06T00:00:00Z,"Peningkatan Penerapan Jaminan Sosial Tenaga Kerja dan Fasilitasi Kesejahteraan Pekerja, ",efbb911a-59d7-54a0-816c-d0c9fbaa93e6.jYVoHwxo9rakWpVp.hHq02EMFcv8vy4PuLA0f5trcv3y4aJZGF6kmvW_9HjE
Jasa Event Organizer dan Multimedia,DRAFT,2026,7c989ebf-978d-4961-a8db-8bf7dddb9e7e,1,,CANCELLED_ON_NEGOTIATION,Tidak,K34,DITJEN. PEMBINAAN HUBUNGAN INDUSTRIAL DAN JAMINAN SOSIAL TENAGA KERJA,DN.5586.BDC.002.056.0C.522191,APBN,01KKJFF48HJMC45RMJ0JRHFF8C,7215000,66263354,1,01JHHE3CRNHK3NZG76G3T65V71,451270,83587619009,,"Peningkatan Penerapan Jaminan Sosial Tenaga Kerja dan Fasilitasi Kesejahteraan Pekerja, ",efbb911a-59d7-54a0-816c-d0c9fbaa93e6.jYVoHwxo9rakWpVp.hHq02EMFcv8vy4PuLA0f5trcv3y4aJZGF6kmvW_9HjE
"Paket Pertemuan Fullboard Peserta, Moderator, dan Penyelenggara Dalam Kota Konsinyering Penyusunan Framework Maturitas Hubungan Industrial  ",COMPLETED,2026,7eb1f8aa-c978-4e3a-9a21-6fff342920b5,58,0,PAYMENT_OUTSIDE_SYSTEM,Tidak,K34,DITJEN. PEMBINAAN HUBUNGAN INDUSTRIAL DAN JAMINAN SOSIAL TENAGA KERJA,DN.2179.QIH.001.051.0A.524119,APBN,01KK13QR34Y52QF81CRVHY0MMM,52200000,65991352,1,01JWT0XF1S5MT1T2CT55CCQ5AW,451270,0,2026-03-09T00:00:00Z,"Penguatan Kelembagaan dan Pencegahan Perselisihan Hubungan Industrial, ",efbb911a-59d7-54a0-816c-d0c9fbaa93e6.jYVoHwxo9rakWpVp.hHq02EMFcv8vy4PuLA0f5trcv3y4aJZGF6kmvW_9HjE
Pengadaan ATK LISTRAF Komponen C,COMPLETED,2026,"d877974b-d679-484a-beb1-aad9f1e6f298, 4b5dbda1-7e2e-401c-a50f-358550c67b12, fcc7a2ea-6155-4a04-b895-5c940084eccc, 037e67c4-1c94-4a07-a80a-49933a812ce8, 30fbc59c-3f3d-4e87-90d0-d9d0847ddc43, 9c826326-a714-459e-9ac1-45e45cd24afb, 7a9fded3-cf70-4a91-a516-566bc4d33305, 35fa0d12-d76a-4976-8828-86d36c818f8b, 574ab80d-89ee-4489-ac35-d57ec0ce1cc0, f25e9cdb-76d1-4e59-b6fa-a246bb65f048, e1816016-1dca-4a7a-a682-0de207b354e1, 4f3027ad-20e2-4e01-af14-6f71a56f3712, ea12ac66-92a6-45d6-91d3-1af2bd3910db, c394ae3e-4b6d-416c-9b2c-745a45d5107f",321,0,COMPLETED,Tidak,K34,BIRO PERENCANAAN,WA.2160.AEA.002.055.0O.521211,APBN,01KTV0N3G4V1TMWD9MG426KBT8,76299502,66188034,21,01J9TSJXE651Y5NSAANHYN84Y0,450922,77370009,2026-06-12T00:00:00Z,"Peningkatan Perencanaan Program dan Anggaran, ",efbb911a-59d7-54a0-816c-d0c9fbaa93e6.jYVoHwxo9rakWpVp.hHq02EMFcv8vy4PuLA0f5trcv3y4aJZGF6kmvW_9HjE
Tenaga Alih Daya (11 Orang),DRAFT,2026,1dc04c42-8ae6-4378-bd34-f0d9af8eb200,72,0,ON_PROCESS,Tidak,K34,DIREKTORAT BINA PENYELENGGARAAN PELATIHAN VOKASI DAN PEMAGANGAN,WA.6988.EBA.994.002.MA.521111,APBN,01KDZ01THEBRX3XB630B38BBNE,390240000,62722024,1,01JC8JCGTVBWCQFZ9RNBJGRW32,626132,15607127,2026-01-05T00:00:00Z,"Dukungan Manajemen Direktorat Jenderal Pembinaan Pelatihan Vokasi dan Produktivitas, ",efbb911a-59d7-54a0-816c-d0c9fbaa93e6.jYVoHwxo9rakWpVp.hHq02EMFcv8vy4PuLA0f5trcv3y4aJZGF6kmvW_9HjE
Bahan Pelatihan Tailor Made Training 40 JP A,COMPLETED,2026,89788814-05b1-403f-8159-f9eed48f2348,3,249750,COMPLETED,Tidak,K34,BALAI PELATIHAN VOKASI DAN PRODUKTIVITAS SIDOARJO,DL.4057.SCO.003.053.0A.521211,APBN,01KMWJRPPPJD0T4EYN8CVQWVH3,11442546,66473957,1,01JE38V96ANYX227NYM5BTBS56,050302,990057,2026-03-30T00:00:00Z,"Peningkatan Penyelenggaraan Pelatihan Vokasi dan Pemagangan Binalavotas, ",efbb911a-59d7-54a0-816c-d0c9fbaa93e6.jYVoHwxo9rakWpVp.hHq02EMFcv8vy4PuLA0f5trcv3y4aJZGF6kmvW_9HjE
Operasional dan Pemeliharaan Kantor,COMPLETED,2026,1fe74c34-8bf4-4c9c-b828-8ce7e9c705b8,122,0,PAYMENT_OUTSIDE_SYSTEM,Tidak,K34,BALAI PELATIHAN VOKASI DAN PRODUKTIVITAS SURAKARTA,"WA.6988.EBA.994.002.0A.521111, WA.6988.EBA.994.002.0A.521114, WA.6988.EBA.994.002.0A.521115, WA.6988.EBA.994.002.0A.521811, WA.6988.EBA.994.002.0B.523111, WA.6988.EBA.994.002.0B.523112, WA.6988.EBA.994.002.0C.523121, WA.6988.EBA.994.002.0C.523123, WA.6988.EBA.994.002.0D.522111, WA.6988.EBA.994.002.0D.522112, WA.6988.EBA.994.002.0D.522113, WA.6988.EBA.994.002.0D.522119, WA.6988.EBA.994.002.0E.522191, WA.6988.EBA.994.002.0F.521252, WA.6988.EBA.994.002.0G.521111, WA.6988.EBA.994.002.0G.521115, WA.6988.EBA.994.002.0G.521211, WA.6988.EBA.994.002.0G.521252, WA.6988.EBA.994.002.0G.522111, WA.6988.EBA.994.002.0G.522112, WA.6988.EBA.994.002.0G.522113, WA.6988.EBA.994.002.0G.522191, WA.6988.EBA.994.002.0G.523111, WA.6988.EBA.994.002.0G.524111",APBN,01KCJMAW1GHKV7GQAJJMK3QEEP,71501760,62084676,1,01KB25EJW3S94ZM3ZV59N76BW6,035636,0,2025-12-16T00:00:00Z,"Dukungan Manajemen Direktorat Jenderal Pembinaan Pelatihan Vokasi dan Produktivitas, ",efbb911a-59d7-54a0-816c-d0c9fbaa93e6.jYVoHwxo9rakWpVp.hHq02EMFcv8vy4PuLA0f5trcv3y4aJZGF6kmvW_9HjE
Konsumsi Peserta Pelatihan (PNBP),DRAFT,2026,9d079815-bd96-43c1-b471-9f536452af11,3106,0,ON_PROCESS,Tidak,K34,BALAI PELATIHAN VOKASI DAN PRODUKTIVITAS SAMARINDA,"DL.4057.SCO.003.051.0A.521211, DL.4057.SCO.004.052.0A.521211, DL.4057.SCO.005.052.0A.521211, DL.4057.SCO.006.052.0A.521211, DL.4057.SCO.007.052.0A.521211, DL.4057.SCO.008.052.0A.521211",APBN,01KXN12EGX3HGVCJWNR5B7Q798,77339400,66622887,1,01K5G0BRX7C57HJSJGGD0B0AS8,451108,0,2026-07-20T00:00:00Z,,efbb911a-59d7-54a0-816c-d0c9fbaa93e6.jYVoHwxo9rakWpVp.hHq02EMFcv8vy4PuLA0f5trcv3y4aJZGF6kmvW_9HjE
Belanja Bahan Pelatihan TMT,DRAFT,2026,ad331187-0757-48a0-8175-6d54b7e720bb,24,14153,WAITING_SELLER_CONFIRMATION,Tidak,K34,BALAI BESAR PELATIHAN VOKASI DAN PRODUKTIVITAS SEMARANG,DL.4057.SCO.003.054.0C.521211,APBN,01M028K7T920MEWKNVVZX602TP,299201,66020897,1,01JYDESZTP0YA22FBCZT8CDSRE,452609,0,2026-08-17T00:00:00Z,"Peningkatan Penyelenggaraan Pelatihan Vokasi dan Pemagangan Binalavotas, ",efbb911a-59d7-54a0-816c-d0c9fbaa93e6.jYVoHwxo9rakWpVp.hHq02EMFcv8vy4PuLA0f5trcv3y4aJZGF6kmvW_9HjE
Belanja Sewa Mesin Fotocopy,BUYER_CONFIRMED,2026,c1308dca-0be2-4ef1-bde5-ae5af802ee80,9,0,PAYMENT_OUTSIDE_SYSTEM,Tidak,K34,BALAI KESELAMATAN DAN KESEHATAN KERJA BANDUNG,WA.6622.EBA.994.002.0D.522141,APBN,01KN6PVQ7RXM6R5QC9Q1VMQ3K3,30869100,66812956,1,01JAQ07G21PX5VZCK3HWMK89WJ,350079,1533212,2026-04-06T00:00:00Z,"Dukungan Manajemen Ditjen Pembinaan Pengawasan Ketenagakerjaan dan Keselamatan dan Kesehatan Kerja, ",efbb911a-59d7-54a0-816c-d0c9fbaa93e6.jYVoHwxo9rakWpVp.hHq02EMFcv8vy4PuLA0f5trcv3y4aJZGF6kmvW_9HjE
Pelatihan Vokasi di Provinsi Jawa Timur UPT BLK Situbondo,DRAFT,2026,ff664770-a80f-453a-b16e-d5fb5b06fa2d,80,0,ON_PROCESS,Tidak,K34,BALAI PELATIHAN VOKASI DAN PRODUKTIVITAS BANYUWANGI,DL.4057.SCO.013.058.OA.521211,APBN,01KZWKD1Z9FQ6ESAJJ4BZ6BWES,11943600,62259211,1,01JRT53VKWBWFSGP7QFCAAHZD6,051102,584246,2026-08-13T00:00:00Z,"Peningkatan Penyelenggaraan Pelatihan Vokasi dan Pemagangan Binalavotas, ",efbb911a-59d7-54a0-816c-d0c9fbaa93e6.jYVoHwxo9rakWpVp.hHq02EMFcv8vy4PuLA0f5trcv3y4aJZGF6kmvW_9HjE
"Belanja Pakaian Kerja, Bahan dan Konsumsi Pelatihan - BLK Purworejo",COMPLETED,2026,"0b871eab-09b7-49c7-973c-fd56d6164251, 6cf012b1-7d4e-4023-bb28-0b075e859f32, 9a7e35cd-b001-491e-ae8e-b76390e920ae, 32aa76d1-c4b7-4eab-a990-269dd8468bbb, 7a1c0622-a7a1-44e2-ba02-1d47a2ebbbea, 17b12eb4-533a-4fea-8785-07c9b4a7f1e1, 30769d6b-05ed-4c9d-9e0b-aaa0fcbeefd6, be7779bf-3f5a-43b6-8896-468c2bf732fd, 1c2ce8b4-40c9-417e-af4d-896ecce6ed6c, 708461c8-3ad4-4404-a330-e941303ec1e1, 0c8c405c-7db0-452e-8b32-2ba33b781bb2, 1534562b-100b-4394-b0b9-09129f334818, 35097335-6e29-461c-9eef-d400f0e8e673, 32435065-1f0c-4599-b0cb-f9849775fcc9, 4e888967-fc86-4783-b000-0a1e6f42a008, 1cf1ae0c-ea6d-45c9-9709-ab11f719e23e, a8b5876b-7b1f-41e2-9c30-f43b0576f201, 267688ba-4107-4a68-8fba-d371858183ed, fd3221a2-19ef-4f9b-8f2e-daa7377fd506, 2e978a8c-ef1f-485e-ba0b-55f21743820a, 5ecafd73-878c-4cf7-8b6e-2a28e09be4f6, 630c5a89-fe4b-4b41-8d59-aed5eebd87e2, 81d3643a-6f25-4279-b534-070a61c9ee84, 8f8c950e-e065-450b-a5f0-dc748f0563ef, 6789b5f2-9482-4a0a-b72e-d7e8a56e7cf4",651,0,PAYMENT_OUTSIDE_SYSTEM,Tidak,K34,BALAI PELATIHAN VOKASI DAN PRODUKTIVITAS SURAKARTA,DL.4057.SCO.011.052.0A.521211,APBN,01KKTGKQHWKTBJKQ3BT6S3MXW7,49405168,66399315,25,01KDYZZC347HPP0PGG8HJQ4QWB,035636,0,2026-03-17T00:00:00Z,"Peningkatan Penyelenggaraan Pelatihan Vokasi dan Pemagangan Binalavotas, ",efbb911a-59d7-54a0-816c-d0c9fbaa93e6.jYVoHwxo9rakWpVp.hHq02EMFcv8vy4PuLA0f5trcv3y4aJZGF6kmvW_9HjE
Pengadaan Jasa Tenaga Kerja Outsourcing Ditjen Binapenta dan PKK,DRAFT,2026,"79deedaf-627b-40d1-8f00-7aebe1fafbf1, 7907e2ff-0cb3-4d2d-9a39-a2e0f7301fa3, ff45da07-5c38-4856-9e1a-7e6a4c463899",516,,CANCELLED_ON_NEGOTIATION,Tidak,K34,DITJEN PEMBINAAN PENEMPATAN TENAGA KERJA DAN PERLUASAN KESEMPATAN KERJA,WA.6621.EBA.994.002.0E.521111,APBN,01KES09DA4NWD2WCSNC53TNPAX,4184320800,62875127,3,01JBY93PFF67PZKX4A22Z15V9M,451139,5757127,,"Dukungan Manajemen Ditjen Pembinaan Penempatan Tenaga Kerja dan Perluasan Kesempatan Kerja, ",efbb911a-59d7-54a0-816c-d0c9fbaa93e6.jYVoHwxo9rakWpVp.hHq02EMFcv8vy4PuLA0f5trcv3y4aJZGF6kmvW_9HjE
Paket Meeting Fullboard Konteks PPHI pada luar PHI/MA,COMPLETED,2026,562e42c0-e68a-4f9c-a027-5f5abc2b35bb,184,0,COMPLETED,Tidak,K34,DITJEN PHI DAN JAMSOS,DN.2181.BDC.001.057.0B.524119,APBN,01KK8BR4AJDPTRQYJTJ9CF83DW,165600000,65242511,1,01JJB6MHQ7865YDFSHSXW3GFG8,451310,13566015,2026-03-09T00:00:00Z,"Penyelesaian Perselisihan Hubungan Industrial, ",efbb911a-59d7-54a0-816c-d0c9fbaa93e6.jYVoHwxo9rakWpVp.hHq02EMFcv8vy4PuLA0f5trcv3y4aJZGF6kmvW_9HjE
"Paket Fullboard Meeting Moderator, Penyelenggara dan Peserta Dialog Penguatan Pembentukan LKS Bipartit di Perusahaan  ",DRAFT,2026,10780f4a-fbb7-44ae-a4aa-57dd78672f4c,114,,CANCELLED_ON_NEGOTIATION,Tidak,K34,DITJEN. PEMBINAAN HUBUNGAN INDUSTRIAL DAN JAMINAN SOSIAL TENAGA KERJA,DN.2179.QDC.001.051.0A.524119,APBN,01KN6PQ18BG4AZ00K9ZP3X15PT,161766000,65990428,1,01K9EGZFBT33Q88G2QA7HN9AV4,451270,0,,"Penguatan Kelembagaan dan Pencegahan Perselisihan Hubungan Industrial, ",efbb911a-59d7-54a0-816c-d0c9fbaa93e6.jYVoHwxo9rakWpVp.hHq02EMFcv8vy4PuLA0f5trcv3y4aJZGF6kmvW_9HjE
"Belanja Peralatan dan Mesin - Ekstrakomptabel Perbaikan Peralatan Perkantoran, Pemeliharaan serta Perawatan Kendaraan, dan Operasional Kantor Ditjen Binapenta dan PKK",COMPLETED,2026,ae5536b6-ba5c-4faf-b8e6-7a1b35fc969f,29,0,COMPLETED,Tidak,K34,DITJEN PEMBINAAN PENEMPATAN TENAGA KERJA DAN PERLUASAN KESEMPATAN KERJA,WA.6621.EBA.994.002.0B.521252,APBN,01KT3T3Q67FX2392AQ0SVZD6W2,7793199,63989786,1,01HR680ZME1KRYWNS1J9FZC4SZ,451139,0,2026-06-03T00:00:00Z,"Dukungan Manajemen Ditjen Pembinaan Penempatan Tenaga Kerja dan Perluasan Kesempatan Kerja, ",efbb911a-59d7-54a0-816c-d0c9fbaa93e6.jYVoHwxo9rakWpVp.hHq02EMFcv8vy4PuLA0f5trcv3y4aJZGF6kmvW_9HjE
Bahan Pelatihan Tailor Made Training 40 JP B,COMPLETED,2026,db8431dc-9e4e-43e5-bda4-fb06e549b5c1,1,138750,ON_PROCESS,Tidak,K34,BALAI PELATIHAN VOKASI DAN PRODUKTIVITAS SIDOARJO,DL.4057.SCO.003.053.0A.521211,APBN,01KW0P0Z9V0E63A229FM0AETFB,9269166,66473758,1,01JAYK7BA0MEZ4014EFKCTSSY8,050302,759449,2026-06-26T00:00:00Z,"Peningkatan Penyelenggaraan Pelatihan Vokasi dan Pemagangan Binalavotas, ",efbb911a-59d7-54a0-816c-d0c9fbaa93e6.jYVoHwxo9rakWpVp.hHq02EMFcv8vy4PuLA0f5trcv3y4aJZGF6kmvW_9HjE
Reguler,COMPLETED,2026,"45bd2344-7ae1-4641-a795-6f28f1bd1f9f, 20a72c60-60d5-4e75-852f-e33e37446d79, 38f23c70-1bf1-4e04-bda8-46c8d1f34042, 5baa9343-6813-4044-9e47-ed5ed67a9654",1156,0,ON_PROCESS,Tidak,K34,BALAI PELATIHAN VOKASI DAN PRODUKTIVITAS SURAKARTA,"DL.4057.SCO.003.052.0A.521211, DL.4057.SCO.003.052.0A.521213, DL.4057.SCO.003.052.0A.521219, DL.4057.SCO.003.052.0A.521811, DL.4057.SCO.003.052.0A.522151, DL.4057.SCO.003.052.0A.526312, DL.4057.SCO.003.052.0B.521211, DL.4057.SCO.003.052.0B.521213, DL.4057.SCO.003.052.0B.521219, DL.4057.SCO.003.052.0B.521811, DL.4057.SCO.003.052.0B.522151, DL.4057.SCO.003.052.0B.526312, DL.4057.SCO.003.052.0C.521211, DL.4057.SCO.003.052.0C.521213, DL.4057.SCO.003.052.0C.521219, DL.4057.SCO.003.052.0C.522151, DL.4057.SCO.003.052.0C.526312, DL.4057.SCO.003.052.0D.521213",APBN,01KGGPP405TK7R0YXNRABWPYMT,230104000,62084464,4,01JSN1S823K085TJEN4EBNBZBE,035636,0,2026-02-11T00:00:00Z,"Peningkatan Penyelenggaraan Pelatihan Vokasi dan Pemagangan Binalavotas, ",efbb911a-59d7-54a0-816c-d0c9fbaa93e6.jYVoHwxo9rakWpVp.hHq02EMFcv8vy4PuLA0f5trcv3y4aJZGF6kmvW_9HjE
"Paket Meeting Fullboard Peserta, Penyelenggara, dan Moderator",COMPLETED,2026,15704d21-1e51-443b-ad04-8289066c1df9,80,0,COMPLETED,Tidak,K34,DITJEN. PEMBINAAN HUBUNGAN INDUSTRIAL DAN JAMINAN SOSIAL TENAGA KERJA,DN.6587.BDC.001.051.0C.524119,APBN,01KW1FPA63DAQ54EB5PGFN8KYM,76000000,66123878,1,01KNV355F822X5NZ48FP02WCZM,451270,0,2026-06-29T00:00:00Z,"Peningkatan Pembinaan Hubungan Kerja dan Penerapan Pengupahan, ",efbb911a-59d7-54a0-816c-d0c9fbaa93e6.jYVoHwxo9rakWpVp.hHq02EMFcv8vy4PuLA0f5trcv3y4aJZGF6kmvW_9HjE
Bahan Pelatihan Pelayanan Pelanggan 180 JP,COMPLETED,2026,c1e4e1a0-6d5b-4d14-9e70-2c6e8eec41ab,1,194250,ON_PROCESS,Tidak,K34,BALAI PELATIHAN VOKASI DAN PRODUKTIVITAS SIDOARJO,DL.4057.SCO.003.052.0A.521211,APBN,01KV4PYVEDFV2WX2STMN1E6T3S,13096002,66184345,1,01KSS8W4G4SG8ADFFYZP7RNAVF,050302,0,2026-06-15T00:00:00Z,"Peningkatan Penyelenggaraan Pelatihan Vokasi dan Pemagangan Binalavotas, ",efbb911a-59d7-54a0-816c-d0c9fbaa93e6.jYVoHwxo9rakWpVp.hHq02EMFcv8vy4PuLA0f5trcv3y4aJZGF6kmvW_9HjE
Belanja Keperluan Perkantoran Tenaga Alih Daya BPVP Banda Aceh,DRAFT,2026,"3e4a88ae-440f-4761-b7bc-fec89daab88b, 4208ccb2-bbb4-426c-a897-c651c11a03f2, 26ec5c7c-d46b-47df-b467-909ab5c6b9eb, 098d18d9-f8e6-4dea-a548-93104cee9298",100,0,ON_PROCESS,Tidak,K34,BALAI PELATIHAN VOKASI DAN PRODUKTIVITAS BANDA ACEH,WA.6988.EBA.994.002.0A.521111,APBN,01KXHZGXZ0P6SG07RV5JHZBGA2,535074734,63604783,4,01JCG7WZ506JXNQ7WSK9J3WHSR,065106,4351020,2026-07-31T00:00:00Z,"Dukungan Manajemen Direktorat Jenderal Pembinaan Pelatihan Vokasi dan Produktivitas, ",efbb911a-59d7-54a0-816c-d0c9fbaa93e6.jYVoHwxo9rakWpVp.hHq02EMFcv8vy4PuLA0f5trcv3y4aJZGF6kmvW_9HjE
Biaya Operasional Petugas Kebersihan (Outsourcing) Gatsu 51,DRAFT,2026,"23ae1a82-e7e3-445d-8f83-d55a15a8f927, d24fe9f4-7b2e-4d38-8ffe-689f1db857e8",68,0,ON_PROCESS,Tidak,K34,SEKRETARIAT JENDERAL KEMNAKER,WA.2158.EBA.994.002.0K.521111,APBN,01KDQK8F461TX3SGNZH4XWYHR9,5979092730,62328718,4,01JB0W1YHSNPS4PMNKJVCPZAM2,450938,336190,2026-01-02T00:00:00Z,"Peningkatan Pengelolaan dan Pelaporan Keuangan, ",efbb911a-59d7-54a0-816c-d0c9fbaa93e6.jYVoHwxo9rakWpVp.hHq02EMFcv8vy4PuLA0f5trcv3y4aJZGF6kmvW_9HjE
Pelatihan Vokasi Bidang Industri dan Jasa Program TMT,COMPLETED,2026,0aaef396-1c07-41cf-b236-7f2f7aa2f6cf,896,0,COMPLETED,Tidak,K34,BALAI PELATIHAN VOKASI DAN PRODUKTIVITAS BANYUWANGI,DL.4057.SCO.003.051.0A.521211,APBN,01KRZWQEN3M1YNGVDWB8Q8X2GN,17920000,66371877,1,01JE5AQH3WV1RNVK9JKD5R3VHN,051102,2520072,2026-05-21T00:00:00Z,"Peningkatan Penyelenggaraan Pelatihan Vokasi dan Pemagangan Binalavotas, ",efbb911a-59d7-54a0-816c-d0c9fbaa93e6.jYVoHwxo9rakWpVp.hHq02EMFcv8vy4PuLA0f5trcv3y4aJZGF6kmvW_9HjE
Laptop,COMPLETED,2026,2b7ff122-1ced-4518-9cd8-88be845ee29c,1,0,PAYMENT_OUTSIDE_SYSTEM,Tidak,K34,BADAN PERENCANAAN DAN PENGEMBANGAN KETENAGAKERJAAN,WA.6624.EBB.951.052.0D.532111,APBN,01KN6GY490WP8KJC9HDB4TVXD8,14518800,62532437,1,01J8KYXPXAGC5QMWWT748704NE,452677,281425009,2026-04-02T00:00:00Z,"Dukungan Manajemen Badan Perencanaan dan Pengembangan Ketenagakerjaan, ",efbb911a-59d7-54a0-816c-d0c9fbaa93e6.jYVoHwxo9rakWpVp.hHq02EMFcv8vy4PuLA0f5trcv3y4aJZGF6kmvW_9HjE
Pengadaan Tenaga Alih Daya / Outsoursing sebanyak 28 orang Tahun 2026,COMPLETED,2026,"ca70fb56-9cf2-4519-b344-e8bc7cf7d80d, e507cae6-86f4-42de-90d9-142195af3516",9,0,PAYMENT_OUTSIDE_SYSTEM,Tidak,K34,BALAI PELATIHAN VOKASI DAN PRODUKTIVITAS BANYUWANGI,WA.6988.EBA.994.002.OA.522191,APBN,01KG8YTQQ0NRZMGT8QNNDQM0JP,41407373,62258236,2,01KFZP214CH6ERA5CXP2ET4DE6,051102,0,2026-02-01T00:00:00Z,"Dukungan Manajemen Direktorat Jenderal Pembinaan Pelatihan Vokasi dan Produktivitas, ",efbb911a-59d7-54a0-816c-d0c9fbaa93e6.jYVoHwxo9rakWpVp.hHq02EMFcv8vy4PuLA0f5trcv3y4aJZGF6kmvW_9HjE
"Belanja Jasa Lainnya, ALIHDAYA BALAI HIPERKES SURABAYA				",DRAFT,2026,"ec18de67-c1f9-4ef1-bc2c-d3883cdba0bc, e558a339-3083-4487-829d-24653bd8cb89, 534bfd29-719e-4207-ba87-c6b5c285856b",120,,CANCELLED_ON_NEGOTIATION,Tidak,K34,DITJEN. PEMBINAAN PENGAWASAN KETENAGAKERJAAN DAN K3,WA.6622.EBA.994.002.KQ.522191,APBN,01KKFW4NEHRBB0XPJZDD261CFG,972000000,66386530,3,01JW7TQ25P73P9SMNW3FYW7P6M,651870,0,,"Dukungan Manajemen Ditjen Pembinaan Pengawasan Ketenagakerjaan dan Keselamatan dan Kesehatan Kerja, ",efbb911a-59d7-54a0-816c-d0c9fbaa93e6.jYVoHwxo9rakWpVp.hHq02EMFcv8vy4PuLA0f5trcv3y4aJZGF6kmvW_9HjE
Pengadaan Pakaian Kerja dan Kaos Peserta Pelatihan (189 Paket),COMPLETED,2026,"dbed8759-b7be-4c27-a876-fd30e16cfc2c, ff913ca8-4573-41e9-b773-b4dd2a09f116",336,0,COMPLETED,Tidak,K34,BALAI BESAR PELATIHAN VOKASI DAN PRODUKTIVITAS SERANG,"DL.4057.SCO.003.051.0A.521211, DL.4057.SCO.003.051.0B.521211, DL.4057.SCO.003.052.0A.521211, DL.4057.SCO.003.052.0C.521211, DL.4057.SCO.003.053.0A.521211, DL.4057.SCO.003.053.0B.521211, DL.4057.SCO.003.054.0A.521211, DL.4057.SCO.005.052.0A.521211, DL.4057.SCO.005.052.0C.521211, DL.4057.SCO.007.052.0A.521211, DL.4057.SCO.007.052.0C.521211, DL.4057.SCO.008.052.0A.521211, DL.4057.SCO.008.052.0B.521211, DL.4057.SCO.035.051.0B.521211, DL.4057.SCO.035.054.0B.521211, DL.4057.SCO.035.055.0B.521211, DL.4057.SCO.035.056.0B.521211",APBN,01KV4ZZRW38C6NNYVSMZ0AECA3,46025040,63093792,10,01JBGDSJNXNZCRFFDHX1P49CE2,426531,16727127,2026-06-17T00:00:00Z,"Peningkatan Penyelenggaraan Pelatihan Vokasi dan Pemagangan Binalavotas, ",efbb911a-59d7-54a0-816c-d0c9fbaa93e6.jYVoHwxo9rakWpVp.hHq02EMFcv8vy4PuLA0f5trcv3y4aJZGF6kmvW_9HjE
Pakaian Kerja 186 Paket PNBP,DRAFT,2026,d591e7ee-a3d7-43a9-b653-6def5edb55a7,32,,CANCELLED_ON_NEGOTIATION,Tidak,K34,BALAI BESAR PELATIHAN VOKASI DAN PRODUKTIVITAS MEDAN,"DL.4057.SCO.003.051.0A.521211, DL.4057.SCO.003.053.0A.521211, DL.4057.SCO.003.054.0A.521211, DL.4057.SCO.004.052.0A.521211, DL.4057.SCO.004.054.0A.521211, DL.4057.SCO.005.052.0A.521211, DL.4057.SCO.005.054.0A.521211, DL.4057.SCO.006.052.0A.521211, DL.4057.SCO.007.052.0A.521211, DL.4057.SCO.008.052.0A.521211",APBN,01KTXEEBN5XGN42TDJPF84HA2C,4900896,66161334,1,01J8H9SHT8BGT5TEBA74BVRS6D,451094,0,,,efbb911a-59d7-54a0-816c-d0c9fbaa93e6.jYVoHwxo9rakWpVp.hHq02EMFcv8vy4PuLA0f5trcv3y4aJZGF6kmvW_9HjE
Belanja Bahan PBK Reguler Luring ,DRAFT,2026,fd03e592-5b0c-458d-aa68-56d577ec4564,660,0,ON_PROCESS,Tidak,K34,BALAI BESAR PELATIHAN VOKASI DAN PRODUKTIVITAS SEMARANG,DL.4057.SCO.007.052.0A.521211,APBN,01KY3S3FJAH2KBH4RRGFPNNV6J,13035000,66186257,1,01JCYR1H5KAHWBXMZNS2PMK7NJ,452609,12452042,2026-07-22T00:00:00Z,"Peningkatan Penyelenggaraan Pelatihan Vokasi dan Pemagangan Binalavotas, ",efbb911a-59d7-54a0-816c-d0c9fbaa93e6.jYVoHwxo9rakWpVp.hHq02EMFcv8vy4PuLA0f5trcv3y4aJZGF6kmvW_9HjE
PENGADAAN BAHAN PELATIHAN,COMPLETED,2026,"c5da7886-806e-404e-b1b1-1ba4348436da, e230d304-6ce5-4cbc-b334-c9023e653944, b50a46b2-c766-4837-a603-265cc568b3fb, 34ce5034-4765-4300-a329-e33f7f0e251e, e0ea1b29-c0e2-4ce5-bab4-62da77b1fc1c, 97ef89e0-0464-4763-98f3-ac9cf26d062a, af24e19f-39b5-4572-9351-d4dc63598daf, ff7da790-5eae-4b09-bc4b-e1d99bd922ab, 59e44ce3-18df-41c6-9854-a020338923d8, 2b9da8b3-a2f1-48dd-8cdc-1d93e851dda4, 8f654962-e956-4e66-bd87-868471559029, bf5ce8bf-8aed-4b44-b361-42aea6c8fc0e, 34fbbec8-20bd-433a-9928-b815383a3155, baf53b25-35b8-4ba4-b787-066f45107742, c42565de-e1d0-435e-a58b-7e8c98971cfe, 76d89a14-d1f0-4399-a97c-e1335b871823, 7617c3be-70c7-41a3-a405-598fe22d77d8, 0429f72a-a80b-4056-9532-81765b46dc40, 5baa29a1-632e-4f19-ac32-67477e2a88ac, 60d77ec2-5335-44b3-9cad-779fa8a1d47c, b7292d8b-62a2-4473-9a1f-5e29624479bf, 831066c0-7722-473e-8da7-93e48dd6dd9e, 4a0388fe-af27-4660-b480-e374dddc51f8, 1a3a3614-9172-491c-be02-3e2528d200f9, 78b90e79-0e1b-4d0a-ae4e-e7d5d9f00e5b, de18c003-edfc-44ac-9715-b812b0a9004c",33,0,ON_PROCESS,Tidak,K34,BALAI PELATIHAN VOKASI DAN PRODUKTIVITAS SURAKARTA,DL.4059.SCO.001.051.DL.521211,APBN,01KQ96G99K3WZ0RPFRJY08QEGM,108935400,66351379,26,01JSE0MBBW03ZH0MJE0MXGHB35,035636,0,2026-04-29T00:00:00Z,"Pengembangan dan Peningkatan Produktivitas Tenaga Kerja Binalavotas, ",efbb911a-59d7-54a0-816c-d0c9fbaa93e6.WRsD0zk5cLbz2Hra.yslyHBpdPtNbvDnwX0hdxJ17QXpbhecKh8pnBwrCJiM
Paket Fullboard Meeting Panitia dan Peserta Fullboard (Peningkatan Kompetensi Teknis Mediator HI),DRAFT,2026,ccf1796a-686a-4e47-9a8a-cc14354caf3f,154,,CANCELLED_ON_NEGOTIATION,Tidak,K34,DITJEN. PEMBINAAN HUBUNGAN INDUSTRIAL DAN JAMINAN SOSIAL TENAGA KERJA,DN.6586.UAC.001.051.0A.524119,APBN,01KK3KQ4BV2F7TQSFD9HNDT7Y0,200200000,65232671,1,01JPPA3KEN8Y0CFVXSNH41BHH2,451270,0,,"Peningkatan Kompetensi Mediator Hubungan Industrial, ",efbb911a-59d7-54a0-816c-d0c9fbaa93e6.WRsD0zk5cLbz2Hra.yslyHBpdPtNbvDnwX0hdxJ17QXpbhecKh8pnBwrCJiM
Belanja Bahan TMT Klaster,COMPLETED,2026,"ac150246-6ed7-4b25-ba08-b5dae45dce5f, 290f25ed-370d-4bbf-8098-a65722530d53, b1c85f15-2aec-4f10-89dc-472df8f0a260, 5553ff90-b3f8-4358-8439-f721bc86b2a5, 5b7d8495-bad6-4c55-91ee-d8af57115271, 460ae3e9-ac74-44b2-82ea-1c98ab19f068, 0213cf15-7868-40af-990b-45a465daece8, e0afdbc5-efff-4570-abf9-178468247a64, 28fb175e-bcbb-4b31-b434-5c30d57f14cc, 7a5441fa-29a1-4e81-a1e0-3a87709289b5, c84547be-109b-4d71-97a8-2fafe43eda0d, c4cf45d9-7290-4a4b-b59e-4db1d414793c",168,0,COMPLETED,Tidak,K34,BALAI BESAR PELATIHAN VOKASI DAN PRODUKTIVITAS SEMARANG,DL.4057.SCO.003.053.0A.521211,APBN,01KKAZW0VYN626WQPY89QDPQ8R,4192026,66185950,12,01JCF5TRQVKW157PX3JC6JFJ1Y,452609,2705108,2026-03-10T00:00:00Z,"Peningkatan Penyelenggaraan Pelatihan Vokasi dan Pemagangan Binalavotas, ",efbb911a-59d7-54a0-816c-d0c9fbaa93e6.WRsD0zk5cLbz2Hra.yslyHBpdPtNbvDnwX0hdxJ17QXpbhecKh8pnBwrCJiM
Paket Fullboard Peserta dan Panitia,DRAFT,2026,e5df2fa3-3e34-4bc1-9e04-3940a1b6ed5b,66,,CANCELLED_ON_REVIEW,Tidak,K34,DITJEN. PEMBINAAN HUBUNGAN INDUSTRIAL DAN JAMINAN SOSIAL TENAGA KERJA,DN.5586.PEF.001.051.0A.524114,APBN,01KN4471GREWE9CS59T59FR6GS,59400000,66258191,1,01JRVP1MD5MR99ZJ6GMRH31K8V,451270,0,,"Peningkatan Penerapan Jaminan Sosial Tenaga Kerja dan Fasilitasi Kesejahteraan Pekerja, ",efbb911a-59d7-54a0-816c-d0c9fbaa93e6.WRsD0zk5cLbz2Hra.yslyHBpdPtNbvDnwX0hdxJ17QXpbhecKh8pnBwrCJiM
Belanja Konsumsi  Pelaksanaan Sertifikasi Lulusan Pelatihan (PNBP),DRAFT,2026,"73e42719-8672-40a1-94b4-53b18c9ca523, 445aaaa8-9235-45fb-b0ba-7f7b9b8f3ee1",606,0,ON_PROCESS,Tidak,K34,BALAI BESAR PELATIHAN VOKASI DAN PRODUKTIVITAS BANDUNG,DL.4053.PDI.002.051.0B.521211,APBN,01KZV93MXHW3PJXDC29B81MS8E,11998800,63715385,2,01JJTHZGWE34CARSXV2D1YRY2T,452542,27307014,2026-08-13T00:00:00Z,"Pengembangan Sistem dan Pelaksanaan Sertifikasi Kompetensi Profesi Binalavotas, ",efbb911a-59d7-54a0-816c-d0c9fbaa93e6.WRsD0zk5cLbz2Hra.yslyHBpdPtNbvDnwX0hdxJ17QXpbhecKh8pnBwrCJiM
Belanja Pemeliharaan Peralatan dan Mesin,DRAFT,2026,"6f4920d3-e5ef-4d77-9cd4-b777f9b1c676, 50f38b8a-1963-498d-ad2f-b372b283a840",8,,CANCELLED_ON_REVIEW,Tidak,K34,BALAI KESELAMATAN DAN KESEHATAN KERJA BANDUNG,WA.6622.EBA.994.002.0D.523121,APBN,01KXHASP68HBV8ZNESAH7RYPB9,35964000,66812896,2,01J40YT5XD7W126RBMKNCXQ4F1,350079,1239191,,"Dukungan Manajemen Ditjen Pembinaan Pengawasan Ketenagakerjaan dan Keselamatan dan Kesehatan Kerja, ",efbb911a-59d7-54a0-816c-d0c9fbaa93e6.WRsD0zk5cLbz2Hra.yslyHBpdPtNbvDnwX0hdxJ17QXpbhecKh8pnBwrCJiM
Pegawai Non Aparatur Sipil Negara TW IV [1 PKT x 1 KL],DRAFT,2026,"bc133992-977c-4263-a308-39098e2e2bb8, 8889b1bf-b146-498f-9e2c-6af824b56c24, af781b8c-f22b-4557-8e58-e8f458da3665",112,,CANCELLED,Tidak,K34,BADAN PERENCANAAN DAN PENGEMBANGAN KETENAGAKERJAAN,WA.6624.EBA.994.002.CB.522191,APBN,01KMFZ5GMD775YJHWT0D10C2R5,878578032,66129398,3,01JC4WS8C5M2TXFXV3S7J26613,452677,1084190,2026-03-25T00:00:00Z,"Dukungan Manajemen Badan Perencanaan dan Pengembangan Ketenagakerjaan, ",efbb911a-59d7-54a0-816c-d0c9fbaa93e6.WRsD0zk5cLbz2Hra.yslyHBpdPtNbvDnwX0hdxJ17QXpbhecKh8pnBwrCJiM
PENGADAAN BAHAN PELATIHAN,COMPLETED,2026,"9215799f-1e4c-468b-94fa-ad6ae885b37c, 39f58f2c-22c4-44be-b809-87102b363adc",78544,0,ON_PROCESS,Tidak,K34,BALAI PELATIHAN VOKASI DAN PRODUKTIVITAS SURAKARTA,DL.4059.SCO.001.051.DL.521211,APBN,01KMPTNMXM1WDM3E7K1YQAN003,43296800,66351379,2,01JJ1ARRF06SG36TNKRH4DBQ0N,035636,266520009,2026-03-31T00:00:00Z,"Pengembangan dan Peningkatan Produktivitas Tenaga Kerja Binalavotas, ",efbb911a-59d7-54a0-816c-d0c9fbaa93e6.WRsD0zk5cLbz2Hra.yslyHBpdPtNbvDnwX0hdxJ17QXpbhecKh8pnBwrCJiM
Jasa Event Organizer dan Multimedia,DRAFT,2026,d641a881-eb39-4d0b-9a2d-ff9b6d2088b5,1,,CANCELLED_ON_NEGOTIATION,Tidak,K34,DITJEN. PEMBINAAN HUBUNGAN INDUSTRIAL DAN JAMINAN SOSIAL TENAGA KERJA,DN.5586.BDC.002.056.0C.522191,APBN,01KKJEHM5AVK5PGBFWD3JP70DS,499500,66263354,1,01JHHE3CRNHK3NZG76G3T65V71,451270,83587619009,,"Peningkatan Penerapan Jaminan Sosial Tenaga Kerja dan Fasilitasi Kesejahteraan Pekerja, ",efbb911a-59d7-54a0-816c-d0c9fbaa93e6.WRsD0zk5cLbz2Hra.yslyHBpdPtNbvDnwX0hdxJ17QXpbhecKh8pnBwrCJiM
Tailor Made Training,DRAFT,2026,7508e02e-8e31-4d4e-85e5-e29c94a14f75,7742,0,ON_PROCESS,Tidak,K34,BALAI PELATIHAN VOKASI DAN PRODUKTIVITAS SURAKARTA,"DL.4057.SCO.003.053.0A.521211, DL.4057.SCO.003.053.0A.521219, DL.4057.SCO.003.053.0A.524111, DL.4057.SCO.003.053.0A.526312, DL.4057.SCO.003.053.0B.521211, DL.4057.SCO.003.053.0B.521219, DL.4057.SCO.003.053.0B.524111, DL.4057.SCO.003.053.0B.526312, DL.4057.SCO.003.053.0C.521211, DL.4057.SCO.003.053.0C.521219, DL.4057.SCO.003.053.0C.524111, DL.4057.SCO.003.053.0C.526312, DL.4057.SCO.003.053.0D.521211, DL.4057.SCO.003.053.0D.521219, DL.4057.SCO.003.053.0D.524111, DL.4057.SCO.003.053.0D.526312, DL.4057.SCO.003.053.0E.521211, DL.4057.SCO.003.053.0E.522191, DL.4057.SCO.003.053.0E.524111, DL.4057.SCO.003.053.0F.521211, DL.4057.SCO.003.053.0G.524111",APBN,01KY41KGE9W05SBERMFA1JE0JW,154646450,62084505,1,01K2KSSP54C0J3XDMJQY6W2W4V,035636,0,2026-07-22T00:00:00Z,"Peningkatan Penyelenggaraan Pelatihan Vokasi dan Pemagangan Binalavotas, ",efbb911a-59d7-54a0-816c-d0c9fbaa93e6.WRsD0zk5cLbz2Hra.yslyHBpdPtNbvDnwX0hdxJ17QXpbhecKh8pnBwrCJiM
Pelatihan Vokasi Bidang Pertanian dan Perikanan Reguler PNBP,DRAFT,2026,79f97e5e-fa6f-42c1-9c7e-da84e5414ba7,240,,CANCELLED_ON_NEGOTIATION,Tidak,K34,BALAI PELATIHAN VOKASI DAN PRODUKTIVITAS BANYUWANGI,DL.4057.SCO.006.052.OA.521211,APBN,01KVQ799M9D9Y3YK3ZPA9D4874,9120000,62258996,1,01JCD4HDSQ1CJDKJKK2272RYJH,051102,141553,,"Peningkatan Penyelenggaraan Pelatihan Vokasi dan Pemagangan Binalavotas, ",efbb911a-59d7-54a0-816c-d0c9fbaa93e6.WRsD0zk5cLbz2Hra.yslyHBpdPtNbvDnwX0hdxJ17QXpbhecKh8pnBwrCJiM
Pengadaan Bahan Sertifikasi Lulusan (231 Paket),COMPLETED,2026,"87f6a325-81e7-42e3-933c-ba3673c66be3, 0de6d5cc-66c3-4540-aeb4-f567c5197116, 725ea78b-03d5-40fb-92e0-5a080d03649b, c8070e1f-5d64-4dac-bbfd-0ad8cc93c3cc, 63e27dc7-8a48-40b7-8daa-fb215c03b5e8, 9caa512b-3143-48d5-80f0-dbcb838a72ba, fd54d993-18c4-4a48-b9a1-ab1e1089e15f, 231b7930-46bc-451e-a009-f3ef38bf8861, be39e832-2314-4edb-8534-e3f3d6465a88, 0cb93240-55e1-4657-a214-76054428632b, 7b047fa0-b940-4d9d-a7c0-1707c11fe788, 998c0458-dbfc-449e-9ed1-f87155d44f87, 1eb3f200-c362-426f-8f8c-e9b0ef8baa4d, ab5ad1f9-724a-4020-969e-a9c43e728713, 26a39868-99b6-4663-9445-0dd8791addd0, 26e2cb42-4df4-4271-9187-2060e7339663, 52c06a0a-1162-40be-869a-f86f94afaebf, 55eb755c-5b94-4822-baff-4220513c3f58",191,0,COMPLETED,Tidak,K34,BALAI BESAR PELATIHAN VOKASI DAN PRODUKTIVITAS SERANG,"DL.4053.PDI.002.051.0A.521211, DL.4053.PDI.002.051.0B.521211, DL.4053.PDI.003.051.0A.521211",APBN,01KQ6DEPKD6SDCKEXTRDJJ9A6Y,26053920,63091859,30,01JRS73EC81MM9JM6Z4608CME9,426531,26434127,2026-04-29T00:00:00Z,"Pengembangan Sistem dan Pelaksanaan Sertifikasi Kompetensi Profesi Binalavotas, ",efbb911a-59d7-54a0-816c-d0c9fbaa93e6.WRsD0zk5cLbz2Hra.yslyHBpdPtNbvDnwX0hdxJ17QXpbhecKh8pnBwrCJiM
Pengadaan Paket Fullboard Meeting Single Bimbingan Teknis Siklus Perencanaan dan Penganggaran,COMPLETED,2026,51275d2a-240c-49ee-93e2-163a40250004,2,0,COMPLETED,Tidak,K34,BIRO PERENCANAAN,WA.2160.EBD.952.052.0D.524119,APBN,01KT6B8RYXVZ0BRRWG7QKCHM57,2398000,67241317,1,01KAXDQ3BK0HG46GXP1YZ8NC79,450922,0,2026-06-04T00:00:00Z,"Peningkatan Perencanaan Program dan Anggaran, ",efbb911a-59d7-54a0-816c-d0c9fbaa93e6.WRsD0zk5cLbz2Hra.yslyHBpdPtNbvDnwX0hdxJ17QXpbhecKh8pnBwrCJiM
Belanja Bahan Pelaksanaan Sertifikasi Lulusan Pelatihan Vokasi (PNP),COMPLETED,2026,"7c9f5197-8551-4679-9763-15c898c7be98, c712becd-83f8-4984-8ada-99227c70203f, db22f34d-6b6c-451c-a5c6-5184e0bb3132, 8e44302b-b195-4fd3-ad09-ae7979d5dcd2, 152acd7e-7504-4afc-a107-a6f0df28e453, 353f7119-d1bf-46e8-a431-57ecdb733dce, fab17c70-af5c-4f92-9ffe-335cb0e2ca98, d08dc900-cb3e-4f74-8a9b-52df04d4f599",339,277500,COMPLETED,Tidak,K34,BALAI BESAR PELATIHAN VOKASI DAN PRODUKTIVITAS SEMARANG,DL.4053.PDI.002.051.0A.521211,APBN,01KNTQVXAH63M616HH0PBF4520,5481957,66185662,8,01JYDESZTP0YA22FBCZT8CDSRE,452609,0,2026-04-10T00:00:00Z,"Pengembangan Sistem dan Pelaksanaan Sertifikasi Kompetensi Profesi Binalavotas, ",efbb911a-59d7-54a0-816c-d0c9fbaa93e6.WRsD0zk5cLbz2Hra.yslyHBpdPtNbvDnwX0hdxJ17QXpbhecKh8pnBwrCJiM
Pengadaan Bahan Pelatihan 2 UPTD BLK Disnaker Kab. Kebumen,DRAFT,2026,"ecf73f0a-1c5e-4e23-aa49-3b9c8256abd4, f79ee542-d26b-41eb-9dd5-35825a988792, 2876c136-86fd-48c0-b5b7-ae278029bba2, b00bf83c-7ec8-4cf8-831d-9f6aa4d4fdbf, ebae6928-810a-4781-835f-32d2223a457f, ab372508-fe16-4c2a-854a-e9a6995a3afd, 2de14535-0541-41ff-9a9f-f92daf1b0665, 6154e3e0-8e8b-4576-b0bb-551622a03772, 1945d255-70c8-4f29-ab5a-910efc37918f, 1895ebed-fa67-46ea-a44c-ef5329e25e5b, d3cc58b8-9ac8-4c40-b70e-9d545978170e, 75d0ae33-654d-491c-9dea-687081d93b73, 7ad1f82a-9ae1-479e-be5f-9a002f9616b0, c75b5dfd-0235-4d71-a9cd-6cc6a4da0143, d20cc85f-a8fc-4227-ae35-0b90d23007c2, e2a3f3a6-7ce5-47dd-b282-9ae7da912c9b, c5fc6b03-89be-4e7f-a3d0-17cd7fbd70ef, 78e53fcf-b165-4ac1-a2b9-be3613537018, 2a0f191d-24bc-4569-8683-6991d479aded, 308901af-b234-48d3-ad36-d7f6ff5fa476, e39b64d4-7580-40eb-92e9-50677eee61ea, 990f6f3f-ce6d-4d3d-ad4c-a53939c46ca7, dc2bed6c-6a06-4902-abdd-e236a6254000, 92ec5a97-ebb9-48a5-8bfb-d2eaef10f19e, 5f2f6934-a12a-43f7-a0e2-fe05e1f14d8d, 5092c62e-7d54-40ef-b7fb-04d0f2349123, bee2d1d8-84da-4ac6-a6a5-b140c986bb75, 2b5274ed-f20e-44dd-9573-600d054663d8, 06fddce4-76f5-4305-a15e-831559ee8621, 2a4a727e-a8b5-45bd-bd8c-b4736c56c7eb, 7bbe9acf-89ac-4cca-a34b-7101517eec4c, 2333d463-ad7d-45a0-8455-c19bbb432e9c, 45a6cda0-0f07-4c2f-b9bf-7134db9bc962, 8b43eedd-6411-4c21-97c1-b76a6cd5d71f, 3e72d758-4814-4677-8a4b-0658195ed7a4, 5b9ea0a7-d64a-478e-b9f6-74879878407d, 0ebfc242-5804-4aba-b668-a389829a2080, 9055f7e5-d173-4167-bb19-c1c716cf0c61, 5fb14246-ecc4-4337-b315-f00b79f03c70, 424bb875-64a3-46d2-b757-22a4b294b45a, fdd23bc9-fd27-44ba-9d26-df512e2114c6, 78886503-d763-4a8b-985f-d819ebd6b4df, 92be095e-c1ba-416f-ad86-515e66977ae1, b87323d0-7e75-43d6-a9e7-34fa65a0b45a, 50a5ad27-85fe-42f1-bc98-c68bb1365956, 103e7a93-0c69-44f9-b852-79fcd147a432, 4bf22f8b-4a08-40d7-9a3b-82e8db5c9efb, 4338262b-9665-4790-86a4-b042b9ba7033, 16c53004-3437-4589-b449-fa6289be8dd4, 7ed98308-e9dd-4eb0-ad37-bfd46164b923, 1b82f7fe-8ddd-4003-8d6a-10f92a37292b, 442d4ee5-8995-403c-914a-2418c8d1c07c, c34db1ba-b8cb-43fa-9719-359801f07963, 24c4be2d-51ae-40f8-8be6-f37a10824776, eaf95201-7dfa-47a4-a52a-00506e7cca2a, 3a178178-bc63-4129-9005-424c62437658, a7f53d06-2535-4005-a46f-f1c3f3c1bb79, 96573f28-4a2c-4e03-930e-7b071e9b3d41, 17223107-6a6e-46cb-8f28-fe703a318f99, ac589bc7-d8b6-4276-8937-4c8d3aad5337, ce271db9-a1fa-4eb1-917b-4d664d5ef66c, 401108c7-7e1a-4c6d-9cf0-5aecd07239c7, dc3f60af-fafd-4deb-b12d-2fd35cdf8635, 08770f99-a632-4ec1-a4dd-61d0a684f0bb, 9a8a73f5-1c74-48f5-b24b-10983b8d1fa0, afbbd848-414c-40b3-950a-f4c2e271138b, 8a952e93-0431-42f7-bb32-a391b3e3e4a0, 0bf089a3-f909-48ca-83a2-867030d75224, 9bb89955-1816-45bf-9268-751fe9de134e, 899ebbc9-4ed6-4dc1-98ca-bed4fa454564, 9e540d4b-074d-450c-a997-55abf985e60f, 9067d286-3785-42b6-ac93-3181964d9b81, 32ecb3f3-8c28-4a6c-af21-ee49ea040d23, f44f54c2-b3a3-472e-b4d5-0fe13cefae66, f4b6f5ff-f4c8-4fae-bbff-5fc070b8421b, 76c001a7-59ed-470a-85ab-2342b644d988, c9ca680b-65e3-4ae8-9cb0-b134ed228a22, dd461a40-a50e-429b-b546-41c8d98e412f, a5f463aa-dfa9-4fc2-a00f-6584764e7646, af2d7b8d-16b6-4a2f-9c0a-539aa7d69899, 660aeddb-d3bd-4609-8119-5bb731c75ca2, d838fd64-64d7-4771-a3a0-7ec6f0ee0ee1, 7ca9d9d3-99fc-416a-956d-9588d7980c04",968,0,ON_PROCESS,Tidak,K34,BALAI PELATIHAN VOKASI DAN PRODUKTIVITAS SURAKARTA,DL.4057.SCO.011.055.OA.521211,APBN,01KXFEBK6YJ50SWKC6JHRXY7VV,70800851,67427094,83,01JHPCYK2JFHWJFWZHSENP2XJZ,035636,420053,2026-07-14T00:00:00Z,"Peningkatan Penyelenggaraan Pelatihan Vokasi dan Pemagangan Binalavotas, ",efbb911a-59d7-54a0-816c-d0c9fbaa93e6.WRsD0zk5cLbz2Hra.yslyHBpdPtNbvDnwX0hdxJ17QXpbhecKh8pnBwrCJiM
"Fullboard Moderator, Panitia Penyelenggara dan Peserta",DRAFT,2026,2989c988-5c13-4634-8ae0-48282ee99324,69,,CANCELLED_ON_NEGOTIATION,Tidak,K34,DITJEN. PEMBINAAN HUBUNGAN INDUSTRIAL DAN JAMINAN SOSIAL TENAGA KERJA,DN.6587.AEG.001.051.0D.524119,APBN,01KV9PCJR2SXXJZAJJX04AR8W8,82800000,66135360,1,01K973CVV2QZSRZA5KEBYB3S42,451270,0,,"Peningkatan Pembinaan Hubungan Kerja dan Penerapan Pengupahan, ",efbb911a-59d7-54a0-816c-d0c9fbaa93e6.WRsD0zk5cLbz2Hra.yslyHBpdPtNbvDnwX0hdxJ17QXpbhecKh8pnBwrCJiM
Konsumsi Peserta Pelatihan 340 JP Reguler PBK RM,DRAFT,2026,116f359b-901a-45f8-a60d-2712a0806444,826,,CANCELLED_ON_NEGOTIATION,Tidak,K34,BALAI BESAR PELATIHAN VOKASI DAN PRODUKTIVITAS MEDAN,DL.4057.SCO.003.052.0A.521211,APBN,01KN172G2MA38T0GJ5CM9E49WG,16520000,66121154,1,01JDRRYY3RKB31B6D8MQTVFZK7,451094,5079026,,"Peningkatan Penyelenggaraan Pelatihan Vokasi dan Pemagangan Binalavotas, ",efbb911a-59d7-54a0-816c-d0c9fbaa93e6.WRsD0zk5cLbz2Hra.yslyHBpdPtNbvDnwX0hdxJ17QXpbhecKh8pnBwrCJiM
Langganan Bandwidth Jaringan Komunikasi Data Kantor Latvotas ISP 1,DRAFT,2026,0442ccfd-3d11-44e1-bbf7-3d8ecf8a2a13,12,0,ON_PROCESS,Tidak,K34,BADAN PERENCANAAN DAN PENGEMBANGAN KETENAGAKERJAAN,WA.6624.EBA.994.002.BC.522119,APBN,01KDCZ52SKC86GGV5AWZE1B4P5,2399997600,62244022,1,01HRBCHH4XBE44N76SZS6MFVZQ,452677,0,2025-12-31T00:00:00Z,"Dukungan Manajemen Badan Perencanaan dan Pengembangan Ketenagakerjaan, ",efbb911a-59d7-54a0-816c-d0c9fbaa93e6.WRsD0zk5cLbz2Hra.yslyHBpdPtNbvDnwX0hdxJ17QXpbhecKh8pnBwrCJiM
Bahan Pelatihan Tailor Made Training 160 JP A,COMPLETED,2026,58fe6d36-662a-48eb-a5f0-47328ecf9bdb,2,0,COMPLETED,Tidak,K34,BALAI PELATIHAN VOKASI DAN PRODUKTIVITAS SIDOARJO,DL.4057.SCO.003.053.0A.521211,APBN,01KMW5VCWN6EW9QJJAX8RJB63M,33371040,66473604,1,01JGD7AZK8S8APTXD8DR9RABJX,050302,1483116,2026-03-30T00:00:00Z,"Peningkatan Penyelenggaraan Pelatihan Vokasi dan Pemagangan Binalavotas, ",efbb911a-59d7-54a0-816c-d0c9fbaa93e6.WRsD0zk5cLbz2Hra.yslyHBpdPtNbvDnwX0hdxJ17QXpbhecKh8pnBwrCJiM
Bahan Pelatihan Tailor Made Training 160 JP A,COMPLETED,2026,58fe6d36-662a-48eb-a5f0-47328ecf9bdb,3,0,COMPLETED,Tidak,K34,BALAI PELATIHAN VOKASI DAN PRODUKTIVITAS SIDOARJO,DL.4057.SCO.003.053.0A.521211,APBN,01KMX6VC4HZFEX26F9S8014J97,50056560,66473604,1,01JGD7AZK8S8APTXD8DR9RABJX,050302,1483116,2026-03-30T00:00:00Z,"Peningkatan Penyelenggaraan Pelatihan Vokasi dan Pemagangan Binalavotas, ",efbb911a-59d7-54a0-816c-d0c9fbaa93e6.WRsD0zk5cLbz2Hra.yslyHBpdPtNbvDnwX0hdxJ17QXpbhecKh8pnBwrCJiM
"Paket Fullboard Meeting Moderator, Penyelenggara dan Peserta Dialog Penguatan Pembentukan LKS Bipartit di Perusahaan  ",COMPLETED,2026,7a94c60c-4bd6-4d9f-9e57-47572431327b,114,0,PAYMENT_OUTSIDE_SYSTEM,Tidak,K34,DITJEN. PEMBINAAN HUBUNGAN INDUSTRIAL DAN JAMINAN SOSIAL TENAGA KERJA,DN.2179.QDC.001.051.0A.524119,APBN,01KN0VEDQN1C8R4J1WQ4BYJRPD,99180000,65990428,1,01K03D586NSY8VH40D1CDB3457,451270,0,2026-04-02T00:00:00Z,"Penguatan Kelembagaan dan Pencegahan Perselisihan Hubungan Industrial, ",efbb911a-59d7-54a0-816c-d0c9fbaa93e6.WRsD0zk5cLbz2Hra.yslyHBpdPtNbvDnwX0hdxJ17QXpbhecKh8pnBwrCJiM
Pengadaan Bahan Pelatihan Vokasi UPTP RM (60 Paket),COMPLETED,2026,"9d3c6805-d118-46c3-a3cd-a3ea87bab865, 1f6453f7-a107-4a72-8120-5d858e7d58a2, 6d573196-8642-4a24-878b-934a38400a57, 32022696-0655-47eb-93e4-ef8e89211ec5, 7c2885e4-f9c0-49b9-ae85-e5c853c17795, e17f25bf-7afc-4a65-b2de-48850ad1f946, fb9bc091-9214-425a-97d3-c94d80aa2bd0, 260e7d47-35d5-4566-b8c5-fa7ad27439e6, 70b0995d-412f-42bb-a465-29e7b44ae422, df690b79-f047-467d-9821-e0bf53a50745, 733d47f2-dbda-4320-ae0d-c3540623ff8d, d2435bd0-9118-4809-a795-033c82e54a87, 34c7c37c-6c5d-4af1-b3dc-ec9544ede5d3, 734595c0-94a5-449c-b6f3-c617db2f7a84, 9006c12b-c809-4332-ba86-be3ba01f9656, 48acbbcf-2ace-4c9f-8e31-3a15da1099a8, ffc29464-de70-44a1-8ad0-e8f608c1206d, ab1c430a-e34f-47f5-af47-2812e6cda2c6, f79f5180-6302-4d8d-9264-473281aab65d, 772f7421-02c3-4cc0-be75-56b78ff2ea81, bcf1f1ba-74af-4a50-85c3-dca1ab5a4f57, 76775df7-7907-48f9-a153-e8dabdd23bbd, c5a70ea1-9478-4cd4-bf6c-4081ea3e6f25, e72e3b7f-52cc-4983-8cc9-bc5614047966, 4e5e8ab2-9f69-43a0-b6b0-f2d3fd5d671a, b8078b71-dd77-48ab-9771-0610fd72369b, 1f8dc073-c303-4242-bbd6-6bfc39330be8, 53ff7726-0f47-488c-bdde-80df0451b512, e719128f-57e0-48c7-847d-cf19047704ca, 4d901ae4-7919-4408-bbf1-c3ae18511e64",783,0,COMPLETED,Tidak,K34,BALAI BESAR PELATIHAN VOKASI DAN PRODUKTIVITAS SERANG,"DL.4057.SCO.003.051.0B.521211, DL.4057.SCO.003.052.0A.521211, DL.4057.SCO.003.052.0C.521211",APBN,01KN1A3ZY9V4T8KMXKYNPHQM6T,40082322,66342568,31,01JPHT8R3TKWRTQ8663M9DRT2Q,426531,43475011,2026-03-31T00:00:00Z,"Peningkatan Penyelenggaraan Pelatihan Vokasi dan Pemagangan Binalavotas, ",efbb911a-59d7-54a0-816c-d0c9fbaa93e6.WRsD0zk5cLbz2Hra.yslyHBpdPtNbvDnwX0hdxJ17QXpbhecKh8pnBwrCJiM
Pengadaan Bahan Pelatihan Vokasi UPTP PNBP (30 Paket),COMPLETED,2026,"249ec093-5744-4229-8647-f7f445c53eb1, 5b094fa6-78f6-45a5-8250-87310b294b94, 650d54b7-ddaf-4137-8345-77a7bdc7748c, f9013238-4b6c-4eb8-a5e2-a2762fde3b01, 2a92894b-887b-4f0a-93dd-4d9657d526e8, dbdacbba-bb86-42ae-bcbc-d2a7817413a5, 130d409a-87eb-43dd-b7d9-871f601460ed, ffb139bb-e683-4d3b-8004-1cd72cad5855, 518c9e87-4d24-408f-b9c6-9a99b1ec88a6, baa8ed13-79a4-4582-b6a5-af2302b66673, 6770c28c-2904-47bd-800d-8b3709872b2d, ec7deb5c-6226-4915-9f98-a284e8414836, 8fce0027-c7fb-4b54-a8aa-8a00e8206a46, b4ab2827-b956-4c82-8b07-f5f60f1df9af, 940c50a5-8eca-4aa0-86d7-bbc9cebe0b03, 88333283-9ac2-4670-b62c-95713eafe764, 1af8a768-407a-44cb-b450-f3955c3565c6, 74dd747e-ce69-4618-813c-65a68a2791c8, ba1d4fa7-cf38-46ad-a4f4-0f37632873f5, 6a937c0f-5bbc-4169-8b5d-cd9f738f9f97, ced7cfab-6361-4964-b4b3-c868a94d0bb8, 9035e58d-2d97-4d43-94f6-9776509642e9, 4d1367d0-da55-4f35-8c1b-7f2cfe6f90cd, efbe818b-6bac-4d2d-ab07-de7642c4e6d6, bd3df7a4-b3dd-4482-b490-7f3fd41af97b, 8f64c51c-a31d-4fb8-a2ae-3ab08b9a109c, 9fb784ca-e956-4a74-8647-4169cc02457c, 09db6a2a-1665-4a3b-b37c-a0b247d8ce1f, 42386908-fb57-40ce-aea4-8a8c680a875e, 7d5aa503-fdff-46c2-95cb-3cf6675668a9, da53bc83-feed-4567-aa08-e9d8ef66941c, d2a17d9d-2919-4477-9563-b38b30486f87, b2bb53e3-2c58-46ef-90ae-27dab7902fa2, 820a387b-41b6-4483-9215-b067b70a623b, c2945b5b-83ac-4c8e-8cc7-84c49b1986e3, 169551f4-0bfd-4076-9104-3a6311fbac18, b4f95823-f92e-4749-9cc3-a9be1032cf52, 46319182-a07c-42ed-8338-9da6d781ffe0, 50460e26-4231-4882-bf53-6b651a7503b7, 69747f5e-289a-4d5b-bf5b-500d0e4838cc, c6732d28-8a67-40a0-ac9b-c8f6281edbfa, 987cde02-6213-4360-91ad-4d030e824e7f, 209305ca-b080-4cd2-a267-9e3db6402868, a07aa212-bc63-43df-9103-b087500e9cde, 3ebe1877-9a37-4d35-a43d-d1819617c888, 5ca479d7-c65e-47b1-b233-2ff8d8411a61, 4f2677a7-e818-4cfb-bd75-988b86dc083d",478,0,COMPLETED,Tidak,K34,BALAI BESAR PELATIHAN VOKASI DAN PRODUKTIVITAS SERANG,"DL.4057.SCO.003.051.0A.521211, DL.4057.SCO.003.053.0A.521211, DL.4057.SCO.003.054.0A.521211, DL.4057.SCO.005.052.0A.521211, DL.4057.SCO.007.052.0A.521211, DL.4057.SCO.008.052.0B.521211",APBN,01KV5D9Y7AZHEGSDEXPRM787PT,29993421,66342119,47,01JHM302QZ4SJW7CGD8GSWRK1M,426531,337025009,2026-06-17T00:00:00Z,"Peningkatan Penyelenggaraan Pelatihan Vokasi dan Pemagangan Binalavotas, ",efbb911a-59d7-54a0-816c-d0c9fbaa93e6.WRsD0zk5cLbz2Hra.yslyHBpdPtNbvDnwX0hdxJ17QXpbhecKh8pnBwrCJiM
Belanja Pengadaan Bahan Pelatihan UPTD BLK Disnaker Sragen,COMPLETED,2026,5b1273b2-44c2-4817-9970-0c75edf3d2e1,1,0,PAYMENT_OUTSIDE_SYSTEM,Tidak,K34,BALAI PELATIHAN VOKASI DAN PRODUKTIVITAS SURAKARTA,DL.4057.SCO.011.054.0A.521211,APBN,01KVCCSWESDNFWFM94VSAC2SRR,20979000,66305314,1,01JY3D0PS32SBA0479ED0JQRBT,035636,0,2026-06-19T00:00:00Z,"Peningkatan Penyelenggaraan Pelatihan Vokasi dan Pemagangan Binalavotas, ",efbb911a-59d7-54a0-816c-d0c9fbaa93e6.WRsD0zk5cLbz2Hra.yslyHBpdPtNbvDnwX0hdxJ17QXpbhecKh8pnBwrCJiM
Belanja Barang untuk Dijual/Diserahkan kepada Masyarakat (Barang yang diserahkan Peserta Pelatihan Menjahit),COMPLETED,2026,"fba23cd7-7023-49b2-8142-0a5785c1a241, 020f9682-7d51-44e2-a839-14e332333e9c",64,0,ON_PROCESS,Tidak,K34,BALAI PELATIHAN VOKASI DAN PRODUKTIVITAS SURAKARTA,2.07.03.2.01.0001.5.1.02.01.001.00039.1.3.02.08.03.0009.00509,APBD,01KYRWZ7W43Q0G68A1WB5187ZS,184799993,67581302,2,01JY134PH2D1EE7THA9RAQ494B,035636,0,2026-07-31T00:00:00Z,"Pelaksanaan Pelatihan berdasarkan Unit Kompetensi, ",efbb911a-59d7-54a0-816c-d0c9fbaa93e6.WRsD0zk5cLbz2Hra.yslyHBpdPtNbvDnwX0hdxJ17QXpbhecKh8pnBwrCJiM
Belanja Bahan plate welder pengelasan ,DRAFT,2026,"2ea21458-3185-42f3-848b-fc61f4df9c66, 786ddc3d-347c-4a02-9ce7-e56491c5226c, f2ca5b64-caa8-41cc-bcc5-21466cae0300, 1ae2eb6d-a661-4a94-8dbc-b0279a8ed585, a2d9cf86-bad9-4299-9b3d-0e4fc1f8871b, 7fa0a638-bf5d-4ef1-a2aa-958155e99fad, 221612fb-915b-409e-b99a-3d2b12f2a5f2, 5688f7a9-c210-43d1-9583-a8d5869699fe, 691b49da-d23f-4345-aec7-e23f9096dc14, c8c5b25e-0e54-4ee7-a411-6228a393d631, f3467222-0d58-4161-8249-8db1dd047b2c, 21bac208-9d34-46fb-a4fa-2da3052fc8ec, 29e5d925-2ea4-4d51-8564-b8894e5d640d",169,0,ON_PROCESS,Tidak,K34,BALAI PELATIHAN VOKASI DAN PRODUKTIVITAS BANTAENG,DL.4057.SCO.027.055.02.613191,APBN,01KZAE4AD2VKNP1V97810EFEPW,16000000,67625088,13,01JGDCZGBWC05YQ7QD3SND17KF,191206,274290009,2026-08-06T00:00:00Z,"Peningkatan Penyelenggaraan Pelatihan Vokasi dan Pemagangan Binalavotas, ",efbb911a-59d7-54a0-816c-d0c9fbaa93e6.WRsD0zk5cLbz2Hra.yslyHBpdPtNbvDnwX0hdxJ17QXpbhecKh8pnBwrCJiM
Konsumsi Peserta Pelatihan 260 JP Reguler PBK RM,COMPLETED,2026,58cb8ad5-86c7-46d2-b569-0dfe12df8fcb,321,0,ON_PROCESS,Tidak,K34,BALAI BESAR PELATIHAN VOKASI DAN PRODUKTIVITAS MEDAN,DL.4057.SCO.003.052.0A.521211,APBN,01KVN48XYBKD813C7AZYPHAT11,6420000,66121349,1,01JM72CXSQXYW7P7QXDF5DXAY3,451094,1790022,2026-06-21T00:00:00Z,"Peningkatan Penyelenggaraan Pelatihan Vokasi dan Pemagangan Binalavotas, ",efbb911a-59d7-54a0-816c-d0c9fbaa93e6.WRsD0zk5cLbz2Hra.yslyHBpdPtNbvDnwX0hdxJ17QXpbhecKh8pnBwrCJiM
Pengadaan Bahan Pelatihan Vokasi UPTP RM (60 Paket),COMPLETED,2026,"d00c8540-25ba-4fba-93ba-42d338afb117, bfed5a44-1395-4dc8-a83a-292e39325fa2, ed0d2a26-13bb-4274-b939-f9241d1692f5, 34941d41-b7da-4dc2-9521-a32b597e9f1e, 12415dc6-49d9-4614-821f-d2cd2cc528d5, 7dac1948-e154-440d-b564-aac07bb6609b, 632417c8-edb2-4a1e-9081-e3d466702aa8, 55110741-bace-4311-b39a-e517891eea51, 65a60bff-23c0-4e97-8f52-19534cb9d043, d760c1a5-df2e-4190-a94f-40d72c774d76",312,0,COMPLETED,Tidak,K34,BALAI BESAR PELATIHAN VOKASI DAN PRODUKTIVITAS SERANG,"DL.4057.SCO.003.051.0B.521211, DL.4057.SCO.003.052.0A.521211, DL.4057.SCO.003.052.0C.521211",APBN,01KTY3CN8B8PSW5CMM7HZQMF3B,106163730,66342568,11,01JBXJ59JWV0PQH49W23AFCSZ5,426531,348233009,2026-06-17T00:00:00Z,"Peningkatan Penyelenggaraan Pelatihan Vokasi dan Pemagangan Binalavotas, ",efbb911a-59d7-54a0-816c-d0c9fbaa93e6.WRsD0zk5cLbz2Hra.yslyHBpdPtNbvDnwX0hdxJ17QXpbhecKh8pnBwrCJiM
Penggandaan Modul,COMPLETED,2026,5ab51a44-eb82-4164-abb9-bb05c19447a0,16,0,ON_PROCESS,Tidak,K34,BALAI PELATIHAN VOKASI DAN PRODUKTIVITAS BANYUWANGI,DL.4057.SCO.030.054.0A.521211,APBN,01KYRTMM9F8JG5DVBKBYD88M75,2719997,67511117,1,01JJ175AP2MK22D2JX03ZK5HY1,051102,61071009,2026-07-31T00:00:00Z,"Peningkatan Penyelenggaraan Pelatihan Vokasi dan Pemagangan Binalavotas, ",efbb911a-59d7-54a0-816c-d0c9fbaa93e6.WRsD0zk5cLbz2Hra.yslyHBpdPtNbvDnwX0hdxJ17QXpbhecKh8pnBwrCJiM
Langganan Bandwidth Jaringan Komunikasi Data ISP 2,DRAFT,2026,"e781f1fd-8ee6-4bf1-8123-126290f73870, 167eb829-69d7-4a59-a961-7233fde19ca2",24,0,ON_PROCESS,Tidak,K34,BADAN PERENCANAAN DAN PENGEMBANGAN KETENAGAKERJAAN,WA.6624.EBA.994.002.BC.522119,APBN,01KDNQDPWE32AV33SJJ6X34NSB,2650680000,62243790,2,01J9ARYBFRM5PHXQ5MVCCQQKT9,452677,3196119,2025-12-31T00:00:00Z,"Dukungan Manajemen Badan Perencanaan dan Pengembangan Ketenagakerjaan, ",efbb911a-59d7-54a0-816c-d0c9fbaa93e6.WRsD0zk5cLbz2Hra.yslyHBpdPtNbvDnwX0hdxJ17QXpbhecKh8pnBwrCJiM
Konsumsi Peserta Pelatihan 260 JP Teknisi PNBP,DRAFT,2026,ff6ecf37-0598-4d3b-805f-e8b6273f095c,512,0,ON_PROCESS,Tidak,K34,BALAI BESAR PELATIHAN VOKASI DAN PRODUKTIVITAS MEDAN,DL.4057.SCO.004.054.0A.521211,APBN,01KYA60QY6RKHFBNKGZ1DJEE20,10240000,66121243,1,01K58D7JY1JYPTGJFWZ2X04A9N,451094,0,2026-07-25T00:00:00Z,"Peningkatan Penyelenggaraan Pelatihan Vokasi dan Pemagangan Binalavotas, ",efbb911a-59d7-54a0-816c-d0c9fbaa93e6.WRsD0zk5cLbz2Hra.yslyHBpdPtNbvDnwX0hdxJ17QXpbhecKh8pnBwrCJiM
Bahan Pelatihan Pipe Welder SMAW 6 G UP / PF 440 JP,COMPLETED,2026,cde4a824-bd42-47bf-91e3-e5af273e0175,1,555000,COMPLETED,Tidak,K34,BALAI PELATIHAN VOKASI DAN PRODUKTIVITAS SIDOARJO,DL.4057.SCO.003.052.0A.521211,APBN,01KN1JGK2NBSX6MQGD5NCDVJ1M,78504750,66472441,1,01JTA68VBS06V6Y03MQYXWE6TD,050302,0,2026-04-01T00:00:00Z,"Peningkatan Penyelenggaraan Pelatihan Vokasi dan Pemagangan Binalavotas, ",efbb911a-59d7-54a0-816c-d0c9fbaa93e6.WRsD0zk5cLbz2Hra.yslyHBpdPtNbvDnwX0hdxJ17QXpbhecKh8pnBwrCJiM
Bahan Pelatihan Pemrograman Embedded System Berbasis IoT 380 JP,COMPLETED,2026,6240dc7e-8a97-478e-9c3c-733399054eaf,1,222000,COMPLETED,Tidak,K34,BALAI PELATIHAN VOKASI DAN PRODUKTIVITAS SIDOARJO,DL.4057.SCO.003.052.0A.521211,APBN,01KV4JWGM2YN54GQZDAPNT11CH,41726121,66472517,1,01JE38V96ANYX227NYM5BTBS56,050302,990057,2026-06-15T00:00:00Z,"Peningkatan Penyelenggaraan Pelatihan Vokasi dan Pemagangan Binalavotas, ",efbb911a-59d7-54a0-816c-d0c9fbaa93e6.WRsD0zk5cLbz2Hra.yslyHBpdPtNbvDnwX0hdxJ17QXpbhecKh8pnBwrCJiM
Belanja Bahan Pelatihan Teknisi Standar Internasional,DRAFT,2026,44ffcca1-045b-45e8-9c6a-e0bbafb0a26c,6240,0,ON_PROCESS,Tidak,K34,BALAI BESAR PELATIHAN VOKASI DAN PRODUKTIVITAS SEMARANG,DL.4057.SCO.003.054.0B.521211,APBN,01KW8HMAYVHQCZ1WAEWVWMA9QY,123240000,66187572,1,01JD1DPS3DQ3D3DJDAWYB2WY5Z,452609,306766009,2026-06-29T00:00:00Z,"Peningkatan Penyelenggaraan Pelatihan Vokasi dan Pemagangan Binalavotas, ",efbb911a-59d7-54a0-816c-d0c9fbaa93e6.WRsD0zk5cLbz2Hra.yslyHBpdPtNbvDnwX0hdxJ17QXpbhecKh8pnBwrCJiM
Belanja Bahan Pelaksanaan Sertifikasi Lulusan Pelatihan ,COMPLETED,2026,"c712becd-83f8-4984-8ada-99227c70203f, cd471681-8a41-4db6-81c8-888849074031, bd71b4db-03aa-4109-b983-203426bb9fae, d88cbba5-cae9-43c1-8bd9-e415c4b5293d, 5dbecf76-1bc7-4863-9349-c11725c2013d, 8f98a452-89ae-445c-ab8a-8afc866df28b, 76a0766c-3528-49dd-8f0c-64456c86405d, 032a532b-2803-466b-87bc-4cec03a9f828, 801da1ec-cd84-4a2f-91cf-69db65f233a4",238,98790,COMPLETED,Tidak,K34,BALAI BESAR PELATIHAN VOKASI DAN PRODUKTIVITAS SEMARANG,DL.4053.PDI.002.051.0B.521211,APBN,01KWK85GYZFT7QZN4MTPZ7ZRVX,5073366,62801553,9,01JYDESZTP0YA22FBCZT8CDSRE,452609,0,2026-07-03T00:00:00Z,"Pengembangan Sistem dan Pelaksanaan Sertifikasi Kompetensi Profesi Binalavotas, ",efbb911a-59d7-54a0-816c-d0c9fbaa93e6.WRsD0zk5cLbz2Hra.yslyHBpdPtNbvDnwX0hdxJ17QXpbhecKh8pnBwrCJiM
Perlengkapan Persuratan dan Kearsipan ,COMPLETED,2026,"8494c305-1b11-4e52-8483-31855bcd7c01, f4c3957b-ba56-4135-9d3b-1f879f2330b9",550,0,COMPLETED,Tidak,K34,DITJEN PEMBINAAN PENEMPATAN TENAGA KERJA DAN PERLUASAN KESEMPATAN KERJA,WA.6621.EBA.994.002.0B.521111,APBN,01KN6ATVEBNYQ7Q0YCZ22FT6EE,27910950,66212426,2,01HS27R6Y1A4BMGXN9JJQ10AAS,451139,0,2026-04-02T00:00:00Z,"Dukungan Manajemen Ditjen Pembinaan Penempatan Tenaga Kerja dan Perluasan Kesempatan Kerja, ",efbb911a-59d7-54a0-816c-d0c9fbaa93e6.WRsD0zk5cLbz2Hra.yslyHBpdPtNbvDnwX0hdxJ17QXpbhecKh8pnBwrCJiM
Pakaian Kerja 186 Paket PNBP,DRAFT,2026,6af69f1b-fe2a-4df3-9ac5-b8e104152525,32,,CANCELLED_ON_NEGOTIATION,Tidak,K34,BALAI BESAR PELATIHAN VOKASI DAN PRODUKTIVITAS MEDAN,"DL.4057.SCO.003.051.0A.521211, DL.4057.SCO.003.053.0A.521211, DL.4057.SCO.003.054.0A.521211, DL.4057.SCO.004.052.0A.521211, DL.4057.SCO.004.054.0A.521211, DL.4057.SCO.005.052.0A.521211, DL.4057.SCO.005.054.0A.521211, DL.4057.SCO.006.052.0A.521211, DL.4057.SCO.007.052.0A.521211, DL.4057.SCO.008.052.0A.521211",APBN,01KJVMJEQS3YDVBWSGAES1PCGG,5434560,66161334,1,01JQHAYSANB47GV9R6BZ4CXX7N,451094,2676019,,,efbb911a-59d7-54a0-816c-d0c9fbaa93e6.WRsD0zk5cLbz2Hra.yslyHBpdPtNbvDnwX0hdxJ17QXpbhecKh8pnBwrCJiM
Pakaian Kerja,COMPLETED,2026,17a9ad3b-36ad-4808-86b1-bc51bfbdc0a7,265,0,COMPLETED,Tidak,K34,BALAI PELATIHAN VOKASI DAN PRODUKTIVITAS LOMBOK TIMUR,DL.4057.SCO.003.056.0B.521211,APBN,01KN19EBT3525XQAC0ZXP9T9CY,44122500,63390080,1,01JYGPS1FZS5WAVV2XF7DF1GQ7,230302,0,2026-04-01T00:00:00Z,"Peningkatan Penyelenggaraan Pelatihan Vokasi dan Pemagangan Binalavotas, ",efbb911a-59d7-54a0-816c-d0c9fbaa93e6.WRsD0zk5cLbz2Hra.yslyHBpdPtNbvDnwX0hdxJ17QXpbhecKh8pnBwrCJiM
Belanja Bahan Project Based Learning A,COMPLETED,2026,"373b5b27-60a3-477b-8284-d63dd35201fa, 85375e3c-8b7e-429d-b0c4-7a0aaf894765, 01fe8d22-0b49-4f7c-bb25-2341b7b31f13, c05a07ee-64cc-4d1e-935a-8e565200493e, ed0ca600-a234-449e-b507-86225e0a94c5, b98213ee-4390-4d86-8417-312f5e324fab, f8b9530e-7fe4-4bc6-b7da-1283fcaafc4b, 49d57896-2e30-41ad-9c80-28936dc3e3b3, 4565bb22-1577-41d8-a5c6-c980e878493d, bebf9e78-6b22-448a-8048-4e1473e07d46, c3e2abd9-992a-4d51-8295-cf3cba9e35c9, 0d113a84-c90c-4cae-be63-5d45efc39c51, be3256f3-f025-414f-ac91-7956e28fe4bd, d1608a57-7285-4a84-8b72-7046eef34afb, 528671f8-538a-4bd6-8c98-4af4e381325e, 587e79a6-3114-49ad-9cb8-2994b7e8af89, f776f114-9181-4f56-8a6c-665bc88b58b9, d14399ad-b954-47bd-9de1-8733781e8b11, e4977dc7-4c55-46c9-a783-fe46d4afb8e6, 7a3dc399-492d-4a40-9f1b-aef1001d6c71, 847a78e8-7102-44fa-a995-62ee95ee1548, d2b6eb96-e8ef-48b9-b273-7e7ce2cd62eb, edf95599-0644-4321-8fab-5765066f8bd2",396,0,COMPLETED,Tidak,K34,BALAI BESAR PELATIHAN VOKASI DAN PRODUKTIVITAS SEMARANG,DL.4057.SCO.003.051.0A.521211,APBN,01KJVV77X62D994KMQWVXSRHT8,35904726,66185882,23,01J81QPN27R0FDVY86ZEFZ77TW,452609,2502042,2026-03-04T00:00:00Z,"Peningkatan Penyelenggaraan Pelatihan Vokasi dan Pemagangan Binalavotas, ",efbb911a-59d7-54a0-816c-d0c9fbaa93e6.WRsD0zk5cLbz2Hra.yslyHBpdPtNbvDnwX0hdxJ17QXpbhecKh8pnBwrCJiM
Paket Meeting Fullboard Dialog Isu Aktual (Dalam Kota),DRAFT,2026,66cca019-a866-43b3-8503-888b47121e97,69,,CANCELLED_ON_NEGOTIATION,Tidak,K34,DITJEN PHI DAN JAMSOS,DN.2181.BDC.001.052.0B.524114,APBN,01KQC1XNFD2NPAN17ATDC511FD,82455000,65846690,1,01JWZ2S3PW7XC98M0430MKPBZQ,451310,0,,"Penyelesaian Perselisihan Hubungan Industrial, ",efbb911a-59d7-54a0-816c-d0c9fbaa93e6.WRsD0zk5cLbz2Hra.yslyHBpdPtNbvDnwX0hdxJ17QXpbhecKh8pnBwrCJiM
 Pengadaan Jasa Layanan Internet (periode April - Desember 2026),DRAFT,2026,e44120eb-1aaf-4f5f-b817-d3b4fb2d638d,1,0,ON_PROCESS,Tidak,K34,BALAI BESAR PERLUASAN KESEMPATAN KERJA,WA.6621.EBA.994.002.0c.522119,APBN,01KZ55196TBWSYW85DNM4TFEA8,28860000,66023615,1,01JD1AEPSHWYGXZ0JKGX3VSRPN,259322,12616047,2026-08-04T00:00:00Z,"Dukungan Manajemen Ditjen Pembinaan Penempatan Tenaga Kerja dan Perluasan Kesempatan Kerja, ",efbb911a-59d7-54a0-816c-d0c9fbaa93e6.WRsD0zk5cLbz2Hra.yslyHBpdPtNbvDnwX0hdxJ17QXpbhecKh8pnBwrCJiM
Bahan pengujian,DRAFT,2026,"49a35919-a810-4393-9d69-daf23b8211f4, 4838a85f-5c0e-4824-9318-442583682958, e947b173-fef7-44c0-925f-0e18411962af, 5e760e20-82a0-46eb-b533-ac4c3106aaa5, c66bd2fc-23a4-4972-844f-5f9f67ecdd98, 9a02d356-bef9-4b74-8cfd-8ece99fa22db, 9d53e0f3-2715-41df-86d9-db2b5fada7d6, ea0be1e4-6674-4d9e-91d0-df433875c510, 0785994a-19f8-4da0-9cee-45850a558c27, 90df3bf6-f5e0-4773-a491-8016c6262a1f",14,,CANCELLED_ON_NEGOTIATION,Tidak,K34,BALAI KESELAMATAN DAN KESEHATAN KERJA BANDUNG,DN.6592.QAC.001.051.0E.521811,APBN,01KVS8DQ6K7JVYC2138DP00RGD,65980620,63147453,10,01JS0WWFG29332ZYAQX35TDJGZ,350079,63774009,,"Pengujian Keselamatan dan Kesehatan Kerja, ",efbb911a-59d7-54a0-816c-d0c9fbaa93e6.WRsD0zk5cLbz2Hra.yslyHBpdPtNbvDnwX0hdxJ17QXpbhecKh8pnBwrCJiM
Langganan Layanan Up to Bandwidth Graha Kemnaker,DRAFT,2026,6f286771-fef4-4333-8312-6f9b9d764cca,12,0,ON_PROCESS,Tidak,K34,BADAN PERENCANAAN DAN PENGEMBANGAN KETENAGAKERJAAN,WA.6624.EBA.994.002.BC.522119,APBN,01KDPQZAP0HE36QM786PMSW4M0,59993280,65908785,1,01J9ARYBFRM5PHXQ5MVCCQQKT9,452677,3196119,2025-12-31T00:00:00Z,"Dukungan Manajemen Badan Perencanaan dan Pengembangan Ketenagakerjaan, ",efbb911a-59d7-54a0-816c-d0c9fbaa93e6.WRsD0zk5cLbz2Hra.yslyHBpdPtNbvDnwX0hdxJ17QXpbhecKh8pnBwrCJiM
"Paket Meeting Fullboard Peserta, Panitia, dan Moderator",COMPLETED,2026,1a87264f-7fd0-4042-9ce8-2ad8bfdf31be,98,0,COMPLETED,Tidak,K34,DITJEN. PEMBINAAN HUBUNGAN INDUSTRIAL DAN JAMINAN SOSIAL TENAGA KERJA,DN.5586.BDC.002.053.0A.524119,APBN,01KMYRK4M9EPP09PXHHHZD3QP8,93100000,66262863,1,01JJX9ANHG1ZN9WZAY4Y34EHD8,451270,0,2026-03-30T00:00:00Z,"Peningkatan Penerapan Jaminan Sosial Tenaga Kerja dan Fasilitasi Kesejahteraan Pekerja, ",efbb911a-59d7-54a0-816c-d0c9fbaa93e6.WRsD0zk5cLbz2Hra.yslyHBpdPtNbvDnwX0hdxJ17QXpbhecKh8pnBwrCJiM
Pengadaan Bahan Pelatihan Vokasi UPTP RM (60 Paket),COMPLETED,2026,"4d096da0-a810-424e-9b1e-fcfbfbaf1d1e, f1b4ca59-bc4a-4131-8290-1050fcd3d3e1, f3dbaa10-b08a-494f-b12b-04de4ba179b3, d9ccc6d2-d264-416f-8ccc-32d4860b010f, fe0dcb60-3fbb-402d-b9a1-416e67960805, bfed5a44-1395-4dc8-a83a-292e39325fa2, 30bc3c3e-a52d-484e-8333-407029756402, e1932208-b710-4b46-a329-320014595a57, 2cd84e24-dfc5-4b80-8160-588458f296ed, 65a60bff-23c0-4e97-8f52-19534cb9d043, dd28d387-d3fe-47dc-9efb-2e5c849064bf, b9433861-4df3-4712-bd3e-7495cb2bd4a0, 55ae40bf-3c86-4f93-98f6-deb2e5f8c1a1, 989495ce-eb17-4b3d-8d81-bb65f7a33b47, ec44467b-2ecb-43fa-9fad-51a607b612d7",225,0,COMPLETED,Tidak,K34,BALAI BESAR PELATIHAN VOKASI DAN PRODUKTIVITAS SERANG,"DL.4057.SCO.003.051.0B.521211, DL.4057.SCO.003.052.0A.521211, DL.4057.SCO.003.052.0C.521211",APBN,01KX2ZM02CS6WFN4ZHXW5B12M5,121107660,66342568,21,01JBXJ59JWV0PQH49W23AFCSZ5,426531,348233009,2026-07-14T00:00:00Z,"Peningkatan Penyelenggaraan Pelatihan Vokasi dan Pemagangan Binalavotas, ",efbb911a-59d7-54a0-816c-d0c9fbaa93e6.WRsD0zk5cLbz2Hra.yslyHBpdPtNbvDnwX0hdxJ17QXpbhecKh8pnBwrCJiM
Pengadaan Jasa Tenaga Alihdaya (Outsourcing) Petugas Pramubakti Gedung Vokasi Kemnaker RI,DRAFT,2026,e816ecd8-dd8a-4e80-9447-5d34a132f790,15,0,ON_PROCESS,Tidak,K34,DITJEN PEMBINAAN PELATIHAN VOKASI DAN PRODUKTIVITAS,WA.6988.EBA.994.002.0G.522191,APBN,01KEXBEECA9C9FD150PQKPK8XV,1615535583,63415977,2,01JB0W1YHSNPS4PMNKJVCPZAM2,451026,336190,2026-01-14T00:00:00Z,"Dukungan Manajemen Direktorat Jenderal Pembinaan Pelatihan Vokasi dan Produktivitas, ",efbb911a-59d7-54a0-816c-d0c9fbaa93e6.WRsD0zk5cLbz2Hra.yslyHBpdPtNbvDnwX0hdxJ17QXpbhecKh8pnBwrCJiM
Belanja Bahan Pelaksanaan Sertifikasi Lulusan Pelatihan Vokasi (PNP),COMPLETED,2026,"8a6c4d10-0c4a-4773-9f53-0884590132c8, 215eb937-1339-42a7-b978-4e8831af4a09, f094d94c-d9ff-4487-b27b-6e2153774b9a, 85acaf36-1241-4530-a66f-c92bd8591ec7, 0f721eca-9935-4db1-ab62-ceb183f0adb1, a5245bb5-1ac9-4e08-acc2-7b979d93391c, eb0c8d5c-e273-49e4-94c3-dddf9bbd3159, 37ed8f18-651e-494f-bd4c-ac83443df8ed, 680ff6fe-9275-4173-92d8-94a418acd06f, 4a08a393-b104-4109-8e90-120a8168895f, 8844cb3e-4df7-4b97-9fc8-a84ac5475fec, 58984344-6f9f-487f-b21e-06d1a66e1baa, 5b486211-b847-43f0-97ad-3d48a2b63feb, 166c236d-8c61-4ee1-8ee5-53658064e749, 9a67cd03-e273-402c-b6f4-fbe1ccf76bfb, 5609c5fd-f8d5-4eac-959c-90c47fd320aa, c34932ff-8ff9-4cdd-a6ba-c2da28315481, d3cd8347-1dd6-474c-9575-60166129ba74, 8acf4d47-97d7-45bb-95f3-f5e9cc8e254a, a86adcf8-d899-4270-a967-c31c6efa2c51, 69be835f-53a5-4c61-8231-63c927630070, b2970dc0-a18d-4f80-92e8-656c497863dc, 1b31dada-4db0-4a33-bf7c-74a42818ea75, 047da1ff-3edc-4855-9942-1d16ec6b2874, 5ebcd157-93b5-4559-bf49-fd277934e86b, 4ea4bda6-27ad-4cc2-8256-c5418a0801b1",101,222000,COMPLETED,Tidak,K34,BALAI BESAR PELATIHAN VOKASI DAN PRODUKTIVITAS SEMARANG,DL.4053.PDI.002.051.0A.521211,APBN,01KNJX1SRERBBG5XRF99Z4J968,3029745,66185662,26,01K2KX48KE5DQHRAJ0REG26EE5,452609,0,2026-04-07T00:00:00Z,"Pengembangan Sistem dan Pelaksanaan Sertifikasi Kompetensi Profesi Binalavotas, ",efbb911a-59d7-54a0-816c-d0c9fbaa93e6.WRsD0zk5cLbz2Hra.yslyHBpdPtNbvDnwX0hdxJ17QXpbhecKh8pnBwrCJiM
Pengadaan Modul UPTD BLK Disnaker Kab. Kebumen,COMPLETED,2026,808303b8-e2c9-412b-8d19-1edfb05acaa4,112,0,ON_PROCESS,Tidak,K34,BALAI PELATIHAN VOKASI DAN PRODUKTIVITAS SURAKARTA,DL.4057.SCO.011.055.OA.521211,APBN,01KXF35KA7B5VMTX7BKKXRZR3B,11126640,67426864,1,01JHPCYK2JFHWJFWZHSENP2XJZ,035636,420053,2026-07-14T00:00:00Z,"Peningkatan Penyelenggaraan Pelatihan Vokasi dan Pemagangan Binalavotas, ",efbb911a-59d7-54a0-816c-d0c9fbaa93e6.WRsD0zk5cLbz2Hra.yslyHBpdPtNbvDnwX0hdxJ17QXpbhecKh8pnBwrCJiM
Pengadaan Safety Shoes Peserta Pelatihan (72 Paket),COMPLETED,2026,607d1a88-612d-4fde-9a40-40143af9ef21,253,0,COMPLETED,Tidak,K34,BALAI BESAR PELATIHAN VOKASI DAN PRODUKTIVITAS SERANG,"DL.4057.SCO.003.051.0A.521211, DL.4057.SCO.003.051.0B.521211, DL.4057.SCO.003.052.0A.521211, DL.4057.SCO.003.054.0A.521211, DL.4057.SCO.008.052.0B.521211",APBN,01KN0HKE1TMH1EX2GT5C68B6YX,80879040,63094681,8,01JRAYK2HX1ZX9Y4MZ6TJA70XX,426531,0,2026-03-31T00:00:00Z,"Peningkatan Penyelenggaraan Pelatihan Vokasi dan Pemagangan Binalavotas, ",efbb911a-59d7-54a0-816c-d0c9fbaa93e6.WRsD0zk5cLbz2Hra.yslyHBpdPtNbvDnwX0hdxJ17QXpbhecKh8pnBwrCJiM
Pelatihan Vokasi Bidang Pariwisata dan Industri Kreatif Teknisi,COMPLETED,2026,95aa6be6-9e2f-4aa5-9e82-1881c5633d7a,1328,0,PAYMENT_OUTSIDE_SYSTEM,Tidak,K34,BALAI PELATIHAN VOKASI DAN PRODUKTIVITAS BANYUWANGI,DL.4057.SCO.005.054.OA.521211,APBN,01KJGZ18RPV78VT81J0M76QMB1,199000800,62258974,1,01JQ9SYQWK9MSEH928RMR73SA4,051102,0,2026-03-01T00:00:00Z,"Peningkatan Penyelenggaraan Pelatihan Vokasi dan Pemagangan Binalavotas, ",efbb911a-59d7-54a0-816c-d0c9fbaa93e6.WRsD0zk5cLbz2Hra.yslyHBpdPtNbvDnwX0hdxJ17QXpbhecKh8pnBwrCJiM
Belanja Bahan Pelaksanaan Sertifikasi Lulusan Pelatihan ,PROCESSING,2026,"829d8b2e-912e-4dac-82f3-a770f75fc146, 08b6134a-72fd-4279-a8bd-bc9b21b02e95, 0ce226c6-57fc-457c-8700-7e3c3e80d4b5, 20ea42cd-c2ad-43a9-8d67-eef4c5381682, 3a63bb1b-4038-4b9a-a8ef-66ede4434d43, 93e6ce00-c38f-4c7c-bde7-12836e19eca4, 5c32ad3e-5c21-4bd3-b539-7c3008cb5e4a, d7f7b1ad-4eb7-470f-b6a2-22e1b7cbe9e1, f18817dd-df37-4456-aba6-31f391a958ba, a86b73ec-4953-40bf-b634-879b74b896fc, e8977e7c-29f6-4a61-9cfe-f1dab7988acf, 999480c9-5ed3-48bf-9e51-aa1c54f0ac47, 67e8fd2e-c11e-4d27-826d-f1b8f5feaa76, c2560eda-18ad-4c4c-80f7-1f8abca53e62, 28178281-1cc0-46f5-8c3e-b9e8404f2b2f, 0370f81e-2fd4-4a7b-b72f-80bd73c13521, 3a04e736-1c9a-4c00-9347-7e80089aef50, e3a89f6d-2268-499c-8031-62b8cd875328, 25f1aa9f-c970-49fc-ad39-eba494917291, 3a794748-4a61-4aec-a81a-3cfded39e9ca",59,0,ON_PROCESS,Tidak,K34,BALAI BESAR PELATIHAN VOKASI DAN PRODUKTIVITAS SEMARANG,DL.4053.PDI.002.051.0B.521211,APBN,01KZTB3RMKGB4V7Z33GAQ609TP,3436560,62801553,20,01J81QPN27R0FDVY86ZEFZ77TW,452609,2502042,2026-08-12T00:00:00Z,"Pengembangan Sistem dan Pelaksanaan Sertifikasi Kompetensi Profesi Binalavotas, ",efbb911a-59d7-54a0-816c-d0c9fbaa93e6.WRsD0zk5cLbz2Hra.yslyHBpdPtNbvDnwX0hdxJ17QXpbhecKh8pnBwrCJiM
Pengemudi/Asisten Ahli/Tenaga Ahli Sub Profesional,DRAFT,2026,9fa153ce-564d-450e-ac6d-6f116ff4383b,52,,CANCELLED_ON_NEGOTIATION,Tidak,K34,DIREKTORAT BINA KELEMBAGAAN PELATIHAN VOKASI,WA.6988.EBA.994.002.0A.522191,APBN,01KJ4BXJ0EX59NF3Y8504SPTTM,470082392,65017646,1,01JC8HPBWWT8NZ12ZXT6628CQG,626131,11240127,,"Dukungan Manajemen Direktorat Jenderal Pembinaan Pelatihan Vokasi dan Produktivitas, ",efbb911a-59d7-54a0-816c-d0c9fbaa93e6.WRsD0zk5cLbz2Hra.yslyHBpdPtNbvDnwX0hdxJ17QXpbhecKh8pnBwrCJiM
Peralatan dan Mesin,COMPLETED,2026,"9dd8fb4f-9f00-4450-9594-c3322d711f54, 3480c673-90c2-4c55-9202-b0c912d5db3d, 01f4dae4-b332-485c-8b71-392de78d8086, bc477e6e-fcab-45d1-8439-bc478b8d5ca5, 0f5fa19c-5add-4cc7-a399-52eb25293298, 8a892b39-2bd4-4c39-96ec-d23f06a9d6ff, 78a93db3-f1a8-4c10-ab13-e117a4469d40",61,0,PAYMENT_OUTSIDE_SYSTEM,Tidak,K34,PUSAT PENGEMBANGAN SUMBER DAYA MANUSIA KETENAGAKERJAAN,WA.2165.EBB.951.052.0A.532111,APBN,01KS06PV8DJNKVE5M0P8Q3KGXT,93491907,67158455,7,01J8PFCR75VB5RR7GXEQXWVBFY,450990,43337011,2026-05-20T00:00:00Z,"Peningkatan Kualitas Sumber Daya Manusia (SDM) Aparatur, ",efbb911a-59d7-54a0-816c-d0c9fbaa93e6.WRsD0zk5cLbz2Hra.yslyHBpdPtNbvDnwX0hdxJ17QXpbhecKh8pnBwrCJiM
Sepatu Safety,DRAFT,2026,"3f5ba44c-f8c3-4737-a7ca-61230221f339, 578a4303-5f28-44fa-82d2-db6183efbc22",49,,CANCELLED,Tidak,K34,BALAI KESELAMATAN DAN KESEHATAN KERJA SAMARINDA,DN.6592.QAC.001.051.0B.521211,APBN,01KKJCHEZ41B7BZR35BR3DFKD3,29767980,62680403,9,01JPPREMQT6ZVPDTTY8CGTKSAW,350083,0,2026-03-13T00:00:00Z,"Pengujian Keselamatan dan Kesehatan Kerja, ",efbb911a-59d7-54a0-816c-d0c9fbaa93e6.WRsD0zk5cLbz2Hra.yslyHBpdPtNbvDnwX0hdxJ17QXpbhecKh8pnBwrCJiM
"Fullboard Moderator, Panitia Penyelenggara dan Peserta",DRAFT,2026,560408c4-1183-4982-9287-964cb802fea7,68,,CANCELLED_ON_NEGOTIATION,Tidak,K34,DITJEN PHI DAN JAMSOS,DN.6587.QDH.002.052.0A.524119,APBN,01KKDFX1FAPB7FAMH920V10VMX,67184000,66124023,1,01K2256WSF6NKHRYCC7D08HGK8,451310,0,,"Peningkatan Pembinaan Hubungan Kerja dan Penerapan Pengupahan, ",efbb911a-59d7-54a0-816c-d0c9fbaa93e6.WRsD0zk5cLbz2Hra.yslyHBpdPtNbvDnwX0hdxJ17QXpbhecKh8pnBwrCJiM
"Fullboard Moderator, Panitia Penyelenggara dan Peserta",COMPLETED,2026,7c815d12-d69b-4e5b-9579-3f23f2c5e4a1,69,0,COMPLETED,Tidak,K34,DITJEN. PEMBINAAN HUBUNGAN INDUSTRIAL DAN JAMINAN SOSIAL TENAGA KERJA,DN.6587.QDH.002.052.0B.524119,APBN,01KPDNR1R1TZAVC4FBT1RY8EPH,51060000,66124022,1,01KP3NH2MRC0TAEC0ENS69CS0X,451270,0,2026-04-18T00:00:00Z,"Peningkatan Pembinaan Hubungan Kerja dan Penerapan Pengupahan, ",efbb911a-59d7-54a0-816c-d0c9fbaa93e6.WRsD0zk5cLbz2Hra.yslyHBpdPtNbvDnwX0hdxJ17QXpbhecKh8pnBwrCJiM
Belanja Bahan PBK Reguler Luring,COMPLETED,2026,"42690485-1b59-4061-8492-232d9375d550, 41a1f02d-58b1-4142-bbdc-d82984fad2d6, bd71b4db-03aa-4109-b983-203426bb9fae, a4968ad0-8741-45fe-8989-6952c62d18b6, 79f26e21-4997-42ba-bced-317b4dfd642d, 76a0766c-3528-49dd-8f0c-64456c86405d, bc1d8a78-70e2-48a3-8eed-d5ef2f568aea, 7f4645f3-1659-420c-be85-c5a859904870, c712becd-83f8-4984-8ada-99227c70203f, 032a532b-2803-466b-87bc-4cec03a9f828, adab3958-2a1c-4cc6-a750-1e6a8a3ee7af, 45d8e363-1614-47a4-b0ea-679841b0a215, 1846ac58-c23b-4498-9cc4-fc5f2e13432b, ad331187-0757-48a0-8175-6d54b7e720bb, 1c649746-35de-43b6-b636-416cb6af13ea, 5dbecf76-1bc7-4863-9349-c11725c2013d",1255,0,COMPLETED,Tidak,K34,BALAI BESAR PELATIHAN VOKASI DAN PRODUKTIVITAS SEMARANG,DL.4057.SCO.005.052.0A.521211,APBN,01KJTW4WN7ZDYT5PMWZGP39DA3,32173739,66186051,16,01JYDESZTP0YA22FBCZT8CDSRE,452609,0,2026-03-04T00:00:00Z,"Peningkatan Penyelenggaraan Pelatihan Vokasi dan Pemagangan Binalavotas, ",efbb911a-59d7-54a0-816c-d0c9fbaa93e6.WRsD0zk5cLbz2Hra.yslyHBpdPtNbvDnwX0hdxJ17QXpbhecKh8pnBwrCJiM
"Belanja Pakaian Kerja, Bahan dan Konsumsi Pelatihan - BLK Purworejo",COMPLETED,2026,8810589e-c9ab-434f-8e01-7ca704d634d4,1616,0,ON_PROCESS,Tidak,K34,BALAI PELATIHAN VOKASI DAN PRODUKTIVITAS SURAKARTA,DL.4057.SCO.011.052.0A.521211,APBN,01KV0400M8XY2MGR8V55RDKCJ9,32158400,66399315,1,01JK5EHN63GQ7WVVK8C23JZJHP,035636,78039009,2026-06-15T00:00:00Z,"Peningkatan Penyelenggaraan Pelatihan Vokasi dan Pemagangan Binalavotas, ",efbb911a-59d7-54a0-816c-d0c9fbaa93e6.WRsD0zk5cLbz2Hra.yslyHBpdPtNbvDnwX0hdxJ17QXpbhecKh8pnBwrCJiM
Belanja Bahan PBK Reguler Luring ,COMPLETED,2026,fd03e592-5b0c-458d-aa68-56d577ec4564,170,0,COMPLETED,Tidak,K34,BALAI BESAR PELATIHAN VOKASI DAN PRODUKTIVITAS SEMARANG,DL.4057.SCO.007.052.0A.521211,APBN,01KWTGFFGKH6VSNTB7CPQB27P4,3357500,66186257,1,01JCYR1H5KAHWBXMZNS2PMK7NJ,452609,12452042,2026-07-06T00:00:00Z,"Peningkatan Penyelenggaraan Pelatihan Vokasi dan Pemagangan Binalavotas, ",efbb911a-59d7-54a0-816c-d0c9fbaa93e6.WRsD0zk5cLbz2Hra.yslyHBpdPtNbvDnwX0hdxJ17QXpbhecKh8pnBwrCJiM
Bahan Pelatihan Tailor Made Training 40 JP C,COMPLETED,2026,56a14848-f41c-4f47-8be2-29b2861b1775,2,0,ON_PROCESS,Tidak,K34,BALAI PELATIHAN VOKASI DAN PRODUKTIVITAS SIDOARJO,DL.4057.SCO.003.053.0A.521211,APBN,01KYHAGZTGNP66G6PWP6Q36DJ7,16571412,66473686,1,01JBANK0M75W3E7ZJ6P77ZAXDP,050302,0,2026-07-27T00:00:00Z,"Peningkatan Penyelenggaraan Pelatihan Vokasi dan Pemagangan Binalavotas, ",efbb911a-59d7-54a0-816c-d0c9fbaa93e6.WRsD0zk5cLbz2Hra.yslyHBpdPtNbvDnwX0hdxJ17QXpbhecKh8pnBwrCJiM
Belanja Jasa Lainnya - Persiapan Pelaksanaan Program Perluasan Kesempatan Kerja Bidang Tenaga Kerja Mandiri,DRAFT,2026,7907e2ff-0cb3-4d2d-9a39-a2e0f7301fa3,40,0,ON_PROCESS,Tidak,K34,DIREKTORAT BINA PERLUASAN KESEMPATAN KERJA,DN.2175.BDC.003.051.0A.522191,APBN,01KRGHN155TGZ726NS64RW79YY,289138040,66117381,1,01JBY93PFF67PZKX4A22Z15V9M,626041,5757127,2026-05-13T00:00:00Z,"Perluasan Kesempatan Kerja, ",efbb911a-59d7-54a0-816c-d0c9fbaa93e6.WRsD0zk5cLbz2Hra.yslyHBpdPtNbvDnwX0hdxJ17QXpbhecKh8pnBwrCJiM
Belanja Bahan Fasilitasi Dan Pembinaan Calon Tenaga Kerja Di Pekerjaan Hijau,COMPLETED,2026,5a26c0f5-e2d1-4656-bba1-abab63942a75,400,0,COMPLETED,Tidak,K34,DITJEN PEMBINAAN PENEMPATAN TENAGA KERJA DAN PERLUASAN KESEMPATAN KERJA,DN.2173.QDC.002.051.0A.521211,APBN,01KQ21ZK0N5NQP6HPT5DVQT1N8,41292000,66867494,1,01K0H6A0GCEZ79CYP40PP930DE,451139,0,2026-04-25T00:00:00Z,"Penempatan Tenaga Kerja, ",efbb911a-59d7-54a0-816c-d0c9fbaa93e6.WRsD0zk5cLbz2Hra.yslyHBpdPtNbvDnwX0hdxJ17QXpbhecKh8pnBwrCJiM
Pengadaan Paket Fullboard Meeting Dalam Kota,DRAFT,2026,447b199f-86df-4bd1-b2a2-ca432cf350f9,30,,CANCELLED_ON_NEGOTIATION,Tidak,K34,BIRO PERENCANAAN,WA.2160.AEA.002.055.0O.524114,APBN,01KJ43XEG9WNSDFC8H3P6VVYJ7,39000000,65588671,1,01JXC10X2YKR87NSQ9G5Q9V9YM,450922,0,,"Peningkatan Perencanaan Program dan Anggaran, ",efbb911a-59d7-54a0-816c-d0c9fbaa93e6.WRsD0zk5cLbz2Hra.yslyHBpdPtNbvDnwX0hdxJ17QXpbhecKh8pnBwrCJiM
Biaya Operasional Tenaga Alih Daya Teknisi (Outsourcing) Gatsu 51,DRAFT,2026,7907e2ff-0cb3-4d2d-9a39-a2e0f7301fa3,66,0,ON_PROCESS,Tidak,K34,SEKRETARIAT JENDERAL KEMNAKER,WA.2158.EBA.994.002.0T.521111,APBN,01KDPYBV4VEF835VA9V68R7Y45,532573800,62329554,1,01JBY93PFF67PZKX4A22Z15V9M,450938,5757127,2026-01-02T00:00:00Z,"Peningkatan Pengelolaan dan Pelaporan Keuangan, ",efbb911a-59d7-54a0-816c-d0c9fbaa93e6.WRsD0zk5cLbz2Hra.yslyHBpdPtNbvDnwX0hdxJ17QXpbhecKh8pnBwrCJiM
Paket Fullboard Meeting Twin Share Bimbingan Teknis Siklus Perencanaan dan Penganggaran,COMPLETED,2026,f817136a-f175-4a45-8e42-b3cc02dedc1f,224,0,COMPLETED,Tidak,K34,SEKRETARIAT JENDERAL KEMNAKER,WA.2160.EBD.952.052.0D.524119,APBN,01KT69BVRZCG797RTZ01RTMBVD,225344000,67153113,1,01KAXDQ3BK0HG46GXP1YZ8NC79,450938,0,2026-06-04T00:00:00Z,"Peningkatan Perencanaan Program dan Anggaran, ",efbb911a-59d7-54a0-816c-d0c9fbaa93e6.WRsD0zk5cLbz2Hra.yslyHBpdPtNbvDnwX0hdxJ17QXpbhecKh8pnBwrCJiM
Belanja Bahan PBK Reguler Luring ,COMPLETED,2026,0996ae06-e91c-42d0-b0fa-a4f3e4940536,256,0,COMPLETED,Tidak,K34,BALAI BESAR PELATIHAN VOKASI DAN PRODUKTIVITAS SEMARANG,DL.4057.SCO.007.052.0A.521211,APBN,01KP7YTVNHYA37PDA7EKJ1X40Z,38361600,66186257,1,01JA9PQ0TDDYKB5K8QC1VDSWVA,452609,6064042,2026-04-15T00:00:00Z,"Peningkatan Penyelenggaraan Pelatihan Vokasi dan Pemagangan Binalavotas, ",efbb911a-59d7-54a0-816c-d0c9fbaa93e6.WRsD0zk5cLbz2Hra.yslyHBpdPtNbvDnwX0hdxJ17QXpbhecKh8pnBwrCJiM
Belanja Bahan Project Based Learning B,COMPLETED,2026,"c7274241-2009-4a96-b164-47f54f542c4c, acb315aa-ce35-4302-b2a9-b784d1a7759f, 032e8fa5-5833-4a48-bf62-b522774eee4d, 6df83720-e6a0-42a1-bf84-648825cdcbfb, 9cd179e8-ee5e-4509-8d82-326410a5b862, 9ce81d66-9d6b-4ba8-ab29-f9cd6f77020e, 29cc39c3-858a-4a78-9289-e076150543a9, a175e0a7-6419-40ca-9346-c18d741d14f6, 61c3561c-b4cc-4684-9b63-56da82b9aff9, 945b3662-a604-436e-ae0d-fccfb2b7f3d5, 9f43e742-48d6-4a8a-9e26-fa3c9034bc63, 89b0c83f-4b98-4522-82d5-e35d43e1ed1e, 7e018ce3-d170-43d5-a185-9892d7afd650, 4be70531-ebb3-4839-b945-52a7c7c1ea50, 32b9dda1-123d-4f5b-ba5e-0fab06469500, c2fadf98-ac4d-46cf-9d0d-1444d46facda, 91721cf5-84b5-4326-b870-0312bda345a9, 29d63ec1-2c33-42e8-9344-8ad43603d291, a7bd2a05-7ea3-4cd9-bd48-56537ce221df, 918b2f61-c8d6-4f27-82c4-d8e2b1bb4bf0, cce16eea-c37d-4d19-84a3-84b92ea2cadb, 685edd72-e09f-40da-b67d-777802182256, 32dd201d-f4e0-49db-9607-7bf772481578, 278c1ff9-b597-42c5-a4f0-a1c553c9e0a6, 35e9da8e-fddb-4c89-a87a-d7b3c75e3b69, a483cb34-d06e-488a-88c9-897af4d95672, 8f9d477e-ac49-4916-933c-0358da0d152a, 0f7f304d-887c-44e0-9aea-a26f76c16b6b, 55dc0e26-9211-48c1-94e0-ee0bf234b0ea, 377e9baf-52aa-4caa-b065-e0969f1d8ee8, b96f64ef-0e86-4f1d-a1f3-8ab5f3e3d4fd, 2663b747-25c6-4013-84a2-25e4911b4886, 02d718e4-a733-4517-8095-37b7671b81d5, 61f687e0-0d4f-40b6-a799-5366566969b7, 75aacf99-0ca0-43a6-aff8-8476b0d8ee24, 744bb009-7ea1-4e83-b5c3-2dee57d37a32, 292e9f53-ff5e-499a-bff2-8a55d101d9b1, 081c6144-afba-4164-bfca-6b5bcf0034df, f8f12d3d-725a-4b86-8c39-443c4bcbaee0, 31ffe1c4-059f-4ca7-a21e-5afc1e1c3475, 5993f269-e089-4341-ba19-ca56cf477740, 5bc1157c-e91e-47c2-b7b2-bf16fab28a44, 889413a5-703b-423f-ab16-7a0794c17f1a, 0325eb32-90ef-4eba-bae5-85e9267e2517, bd3f0e46-d1bb-4ef8-a80a-f0830820866d, b372ea82-560d-4c5f-b4c7-2e7318544b53, b5db3ad0-15cc-4ecd-b2d8-2c23570251bc, 2ead39f9-8b16-4441-b470-4ab4c6e2b8f3, 7ca8e5bd-a5ff-4375-9c1f-81766db48bd3, c9e1b534-939f-4caa-aeb7-6115e0888288, 8d500617-ccca-4e04-a780-8b4b95e9b0b1, 7891f6ea-2ad5-4145-ab58-81f7766dd159, 219c63bd-6b3c-4cac-a432-f2ef14489e29, 1fe0db9d-fcdf-48ed-8d96-d1cf846f9051, 87cbc73f-ddc4-4fa7-a941-e1999001306a, c9cac539-19f7-4cd2-b798-329a06417fac, b4bc5f2d-1e08-47d9-b004-307ed7e69888, 2104a8ba-e325-460c-a232-603f6fe54729, 4315cd57-7f65-4709-83f7-7a6d2c763679, 5d7fd1e3-ff12-4b84-9a4f-c6ee06054a3d, 9694fb74-7697-4a1c-a58b-c496875e874c, 7026069d-9026-4777-9d13-6910457a5d78, 85a9092e-e3eb-476a-8100-c8cd1dc5559b, 6c112141-798b-4fc9-8176-11a39081552f, efa4c6c2-1a09-4a6a-bea8-b359d8729253, 0c18f1a1-c420-4184-9299-34aa1538a84d, 7d7fcd1e-a3db-4a0d-858e-f001cb522ef0, 79d8a418-0082-43ef-ab07-ed66b4515f1d, 1dfae323-36ab-4d02-9809-c72595379b0d, ec0d320b-217f-4542-bb52-5ee3aae13518, 9c38bbe1-a675-4ae4-8400-1f01021fa055, a3c837c6-fd50-47d2-b175-641d125d1e23, e0324e9f-4639-4a7d-b1cb-367e445c0913, f8d85f1e-7672-420c-98ea-948a76520f3f, abdd6965-438c-4eb8-bebc-f40147f85d58, dab117ac-c02e-4aff-8404-e6e731529678, d87b7b06-2cc7-48e4-8130-8d86be9bea7c, 18edba29-bade-47af-be97-a28c0177d8f9, 48c08059-6efc-4e4e-96a6-0f5892c6d6b8, 032fed20-2d6a-4bf9-ac82-52edd47f79c4, 52e17230-65d5-45a8-8b00-8cca4217366f, 3ca25e08-17ca-4d0c-a4e7-7339e4605349, cc96b4ec-7a59-441a-ae00-41fcbf4b60fa, a9f9fe7f-57fd-4b54-b3b8-364a4211972a, 922928b1-4bdf-4312-a273-03dc74ace59a, 654ec7f5-c628-4fb2-a570-ae566d510eea, c4be969b-a0c9-443f-af15-e77103373f5e, 55c9a586-88d0-4415-ab40-1a398e06eef1, 90b69e79-9f08-4d78-84d0-67efd2136316, 9c688193-2ea9-4e7e-9b36-7535592f66a0, 741d58be-4085-494e-b6b2-cfbbbb2776c6, f0d878d5-97e1-407d-9ec1-dcb3383f947d, cd706174-0a10-4fab-bb4d-2040c11e588a, 69de4466-080a-4eb6-bab8-6ceb69811b3f, 7b0e84e5-9a86-4e5a-bfa8-238b99e612ef, 6ca7c0bc-56dd-458e-afb1-cd80d2683dce, 29a59292-e16a-44cb-a545-c6bd6395885e, e84eb003-bfa4-4684-b298-0beaab43b4cd, 569fe7fc-e451-4150-936a-0dc6e963f97c, 49ab4c7f-f8ce-4fa0-96b3-c3744f6f48cb, b818d9ae-ae2f-454d-982d-1960ac0268e7, 99169e9d-c377-40b1-a239-992b7a81a51e",3202,0,COMPLETED,Tidak,K34,BALAI BESAR PELATIHAN VOKASI DAN PRODUKTIVITAS SEMARANG,DL.4057.SCO.003.051.0B.521211,APBN,01KKBB5XDX047HXGKYNN48GS5X,41183886,62803988,102,01K21VM9ENQAGGV8BA9GQQY5VC,452609,0,2026-03-10T00:00:00Z,"Peningkatan Penyelenggaraan Pelatihan Vokasi dan Pemagangan Binalavotas, ",efbb911a-59d7-54a0-816c-d0c9fbaa93e6.WRsD0zk5cLbz2Hra.yslyHBpdPtNbvDnwX0hdxJ17QXpbhecKh8pnBwrCJiM
Pengadaan Jasa Konsumsi Peserta Pelatihan Kegiatan PBK Reguler UPTD LK Kota Cilegon,COMPLETED,2026,bfbc4d61-5a43-4755-8f93-f69a849779a7,1328,0,COMPLETED,Tidak,K34,BALAI BESAR PELATIHAN VOKASI DAN PRODUKTIVITAS SERANG,DL.4057.SCO.035.055.0B.521211,APBN,01KMYVM7QW2RRF7BC8QSH9PY3T,26294400,66282159,1,01K9RSESWX1BJXXF2E7MCDGQFT,426531,0,2026-03-31T00:00:00Z,"Peningkatan Penyelenggaraan Pelatihan Vokasi dan Pemagangan Binalavotas, ",efbb911a-59d7-54a0-816c-d0c9fbaa93e6.WRsD0zk5cLbz2Hra.yslyHBpdPtNbvDnwX0hdxJ17QXpbhecKh8pnBwrCJiM
PENGADAAN BAHAN PELATIHAN,COMPLETED,2026,"9215799f-1e4c-468b-94fa-ad6ae885b37c, 39f58f2c-22c4-44be-b809-87102b363adc",50108,0,ON_PROCESS,Tidak,K34,BALAI PELATIHAN VOKASI DAN PRODUKTIVITAS SURAKARTA,DL.4059.SCO.001.051.DL.521211,APBN,01KY4ER3HQAVC1J2Z37WKQT13W,31781200,66351379,2,01JJ1ARRF06SG36TNKRH4DBQ0N,035636,266520009,2026-07-23T00:00:00Z,"Pengembangan dan Peningkatan Produktivitas Tenaga Kerja Binalavotas, ",efbb911a-59d7-54a0-816c-d0c9fbaa93e6.WRsD0zk5cLbz2Hra.yslyHBpdPtNbvDnwX0hdxJ17QXpbhecKh8pnBwrCJiM
Belanja Keperluan Perkantoran / Jasa Tenaga Alih Daya,DRAFT,2026,"76fb9d84-3564-42e8-84a9-69b7df9de3d8, 23c58ae5-19bb-4d61-9238-b7eccf096af5, b0e4ec83-93fb-4e77-8e7f-c300e8b78af1, ee0c32e3-5218-4d17-9249-60fcdc61df44",252,0,ON_PROCESS,Tidak,K34,BALAI BESAR PELATIHAN VOKASI DAN PRODUKTIVITAS MAKASSAR,"WA.6988.EBA.994.002.0A.521111, WA.6988.EBA.994.002.0B.521111, WA.6988.EBA.994.002.0C.521111, WA.6988.EBA.994.002.0D.521111",APBN,01KFMVZR94A4H61VAD7Z853MT7,1315088292,63911103,4,01JH24QSKD4K8XZADJX3W3T4EW,452652,2777234,2026-01-23T00:00:00Z,,efbb911a-59d7-54a0-816c-d0c9fbaa93e6.WRsD0zk5cLbz2Hra.yslyHBpdPtNbvDnwX0hdxJ17QXpbhecKh8pnBwrCJiM
Pakaian Kerja 186 Paket PNBP,COMPLETED,2026,6af69f1b-fe2a-4df3-9ac5-b8e104152525,32,0,PAYMENT_OUTSIDE_SYSTEM,Tidak,K34,BALAI BESAR PELATIHAN VOKASI DAN PRODUKTIVITAS MEDAN,"DL.4057.SCO.003.051.0A.521211, DL.4057.SCO.003.053.0A.521211, DL.4057.SCO.003.054.0A.521211, DL.4057.SCO.004.052.0A.521211, DL.4057.SCO.004.054.0A.521211, DL.4057.SCO.005.052.0A.521211, DL.4057.SCO.005.054.0A.521211, DL.4057.SCO.006.052.0A.521211, DL.4057.SCO.007.052.0A.521211, DL.4057.SCO.008.052.0A.521211",APBN,01KJYJED2S230MWGK6V2YJSDQN,4795200,66161334,1,01JQHAYSANB47GV9R6BZ4CXX7N,451094,2676019,2026-03-07T00:00:00Z,,efbb911a-59d7-54a0-816c-d0c9fbaa93e6.WRsD0zk5cLbz2Hra.yslyHBpdPtNbvDnwX0hdxJ17QXpbhecKh8pnBwrCJiM
Sewa Kendaraan Operasional Eselon II,DRAFT,2026,343f38e2-04f3-4bb0-a0b9-009b8920d1b1,24,,CANCELLED_ON_NEGOTIATION,Tidak,K34,BADAN PERENCANAAN DAN PENGEMBANGAN KETENAGAKERJAAN,WA.6624.EBA.994.002.CF.522141,APBN,01KDTGZXC7THMZM1E9CT3CDFCQ,336010320,62540495,1,01JBE5A6AKHXKKPTG6YD75P12Q,452677,269796009,,"Dukungan Manajemen Badan Perencanaan dan Pengembangan Ketenagakerjaan, ",efbb911a-59d7-54a0-816c-d0c9fbaa93e6.WRsD0zk5cLbz2Hra.yslyHBpdPtNbvDnwX0hdxJ17QXpbhecKh8pnBwrCJiM
Paket Meeting Fullboard Peserta dan Panitia,DRAFT,2026,a934bfc3-64f2-4793-82de-eee337e9cfda,108,,CANCELLED_ON_REVIEW,Tidak,K34,DITJEN. PEMBINAAN HUBUNGAN INDUSTRIAL DAN JAMINAN SOSIAL TENAGA KERJA,DN.5586.BDC.001.051.0A.524114,APBN,01KN1RWMDG3TR2RJKTEA6SDP43,102600000,66262515,1,01JCPWDFWP59QYWQCWXXN479AZ,451270,1803121,,"Peningkatan Penerapan Jaminan Sosial Tenaga Kerja dan Fasilitasi Kesejahteraan Pekerja, ",efbb911a-59d7-54a0-816c-d0c9fbaa93e6.WRsD0zk5cLbz2Hra.yslyHBpdPtNbvDnwX0hdxJ17QXpbhecKh8pnBwrCJiM
